table_num,table_name,excel_source,row,col,is_header_row,cell_type,value
1,БАЛАНС ОРГАНИЗАЦИЙ,T23_000000_t01Ved14.xlsx,0,0,True,HEADER,
1,БАЛАНС ОРГАНИЗАЦИЙ,T23_000000_t01Ved14.xlsx,0,1,True,HEADER,
1,БАЛАНС ОРГАНИЗАЦИЙ,T23_000000_t01Ved14.xlsx,0,2,True,HEADER,
1,БАЛАНС ОРГАНИЗАЦИЙ,T23_000000_t01Ved14.xlsx,0,3,True,HEADER,
1,БАЛАНС ОРГАНИЗАЦИЙ,T23_000000_t01Ved14.xlsx,0,4,True,HEADER,
1,БАЛАНС ОРГАНИЗАЦИЙ,T23_000000_t01Ved14.xlsx,0,5,True,HEADER,
1,БАЛАНС ОРГАНИЗАЦИЙ,T23_000000_t01Ved14.xlsx,0,6,True,HEADER,
1,БАЛАНС ОРГАНИЗАЦИЙ,T23_000000_t01Ved14.xlsx,0,7,True,HEADER,
1,БАЛАНС ОРГАНИЗАЦИЙ,T23_000000_t01Ved14.xlsx,0,8,True,HEADER,"на конец года, тысяч рублей"
1,БАЛАНС ОРГАНИЗАЦИЙ,T23_000000_t01Ved14.xlsx,0,9,True,HEADER,"на конец года, тысяч рублей"
1,БАЛАНС ОРГАНИЗАЦИЙ,T23_000000_t01Ved14.xlsx,0,10,True,HEADER,"на конец года, тысяч рублей"
1,БАЛАНС ОРГАНИЗАЦИЙ,T23_000000_t01Ved14.xlsx,0,11,True,HEADER,"на конец года, тысяч рублей"
1,БАЛАНС ОРГАНИЗАЦИЙ,T23_000000_t01Ved14.xlsx,1,0,True,HEADER,
1,БАЛАНС ОРГАНИЗАЦИЙ,T23_000000_t01Ved14.xlsx,1,1,True,HEADER,Валюта баланса
1,БАЛАНС ОРГАНИЗАЦИЙ,T23_000000_t01Ved14.xlsx,1,2,True,HEADER,Валюта баланса
1,БАЛАНС ОРГАНИЗАЦИЙ,T23_000000_t01Ved14.xlsx,1,3,True,HEADER,Валюта баланса
1,БАЛАНС ОРГАНИЗАЦИЙ,T23_000000_t01Ved14.xlsx,1,4,True,HEADER,Валюта баланса
1,БАЛАНС ОРГАНИЗАЦИЙ,T23_000000_t01Ved14.xlsx,1,5,True,HEADER,Внеоборотные активы
1,БАЛАНС ОРГАНИЗАЦИЙ,T23_000000_t01Ved14.xlsx,1,6,True,HEADER,Внеоборотные активы
1,БАЛАНС ОРГАНИЗАЦИЙ,T23_000000_t01Ved14.xlsx,1,7,True,HEADER,Внеоборотные активы
1,БАЛАНС ОРГАНИЗАЦИЙ,T23_000000_t01Ved14.xlsx,1,8,True,HEADER,Внеоборотные активы
1,БАЛАНС ОРГАНИЗАЦИЙ,T23_000000_t01Ved14.xlsx,1,9,True,HEADER,Оборотные активы
1,БАЛАНС ОРГАНИЗАЦИЙ,T23_000000_t01Ved14.xlsx,1,10,True,HEADER,Оборотные активы
1,БАЛАНС ОРГАНИЗАЦИЙ,T23_000000_t01Ved14.xlsx,1,11,True,HEADER,Оборотные активы
1,БАЛАНС ОРГАНИЗАЦИЙ,T23_000000_t01Ved14.xlsx,2,0,False,OKVED_CODE,
1,БАЛАНС ОРГАНИЗАЦИЙ,T23_000000_t01Ved14.xlsx,2,1,False,OKVED_NAME,2022
1,БАЛАНС ОРГАНИЗАЦИЙ,T23_000000_t01Ved14.xlsx,2,2,False,DATA,2023
1,БАЛАНС ОРГАНИЗАЦИЙ,T23_000000_t01Ved14.xlsx,2,3,False,DATA,2023
1,БАЛАНС ОРГАНИЗАЦИЙ,T23_000000_t01Ved14.xlsx,2,4,False,DATA,2023
1,БАЛАНС ОРГАНИЗАЦИЙ,T23_000000_t01Ved14.xlsx,2,5,False,DATA,2022
1,БАЛАНС ОРГАНИЗАЦИЙ,T23_000000_t01Ved14.xlsx,2,6,False,DATA,2022
1,БАЛАНС ОРГАНИЗАЦИЙ,T23_000000_t01Ved14.xlsx,2,7,False,DATA,2023
1,БАЛАНС ОРГАНИЗАЦИЙ,T23_000000_t01Ved14.xlsx,2,8,False,DATA,2023
1,БАЛАНС ОРГАНИЗАЦИЙ,T23_000000_t01Ved14.xlsx,2,9,False,DATA,2022
1,БАЛАНС ОРГАНИЗАЦИЙ,T23_000000_t01Ved14.xlsx,2,10,False,DATA,2022
1,БАЛАНС ОРГАНИЗАЦИЙ,T23_000000_t01Ved14.xlsx,2,11,False,DATA,2023
1,БАЛАНС ОРГАНИЗАЦИЙ,T23_000000_t01Ved14.xlsx,3,0,False,OKVED_CODE,Всего по обследуемым видам экономической деятельности
1,БАЛАНС ОРГАНИЗАЦИЙ,T23_000000_t01Ved14.xlsx,3,1,False,OKVED_NAME,569800589
1,БАЛАНС ОРГАНИЗАЦИЙ,T23_000000_t01Ved14.xlsx,3,2,False,DATA,694836235
1,БАЛАНС ОРГАНИЗАЦИЙ,T23_000000_t01Ved14.xlsx,3,3,False,DATA,694836235
1,БАЛАНС ОРГАНИЗАЦИЙ,T23_000000_t01Ved14.xlsx,3,4,False,DATA,694836235
1,БАЛАНС ОРГАНИЗАЦИЙ,T23_000000_t01Ved14.xlsx,3,5,False,DATA,319353980
1,БАЛАНС ОРГАНИЗАЦИЙ,T23_000000_t01Ved14.xlsx,3,6,False,DATA,319353980
1,БАЛАНС ОРГАНИЗАЦИЙ,T23_000000_t01Ved14.xlsx,3,7,False,DATA,376215625
1,БАЛАНС ОРГАНИЗАЦИЙ,T23_000000_t01Ved14.xlsx,3,8,False,DATA,376215625
1,БАЛАНС ОРГАНИЗАЦИЙ,T23_000000_t01Ved14.xlsx,3,9,False,DATA,250446609
1,БАЛАНС ОРГАНИЗАЦИЙ,T23_000000_t01Ved14.xlsx,3,10,False,DATA,250446609
1,БАЛАНС ОРГАНИЗАЦИЙ,T23_000000_t01Ved14.xlsx,3,11,False,DATA,318620610
1,БАЛАНС ОРГАНИЗАЦИЙ,T23_000000_t01Ved14.xlsx,4,0,False,OKVED_CODE,"Сельское, лесное хозяйство, охота, рыболовство и рыбоводство"
1,БАЛАНС ОРГАНИЗАЦИЙ,T23_000000_t01Ved14.xlsx,4,1,False,OKVED_NAME,249080092
1,БАЛАНС ОРГАНИЗАЦИЙ,T23_000000_t01Ved14.xlsx,4,2,False,DATA,334546911
1,БАЛАНС ОРГАНИЗАЦИЙ,T23_000000_t01Ved14.xlsx,4,3,False,DATA,334546911
1,БАЛАНС ОРГАНИЗАЦИЙ,T23_000000_t01Ved14.xlsx,4,4,False,DATA,334546911
1,БАЛАНС ОРГАНИЗАЦИЙ,T23_000000_t01Ved14.xlsx,4,5,False,DATA,143143680
1,БАЛАНС ОРГАНИЗАЦИЙ,T23_000000_t01Ved14.xlsx,4,6,False,DATA,143143680
1,БАЛАНС ОРГАНИЗАЦИЙ,T23_000000_t01Ved14.xlsx,4,7,False,DATA,170199721
1,БАЛАНС ОРГАНИЗАЦИЙ,T23_000000_t01Ved14.xlsx,4,8,False,DATA,170199721
1,БАЛАНС ОРГАНИЗАЦИЙ,T23_000000_t01Ved14.xlsx,4,9,False,DATA,105936412
1,БАЛАНС ОРГАНИЗАЦИЙ,T23_000000_t01Ved14.xlsx,4,10,False,DATA,105936412
1,БАЛАНС ОРГАНИЗАЦИЙ,T23_000000_t01Ved14.xlsx,4,11,False,DATA,164347190
1,БАЛАНС ОРГАНИЗАЦИЙ,T23_000000_t01Ved14.xlsx,5,0,False,OKVED_CODE,"растениеводство и животноводство, охота и предоставление соответствующих услуг 
в этих областях"
1,БАЛАНС ОРГАНИЗАЦИЙ,T23_000000_t01Ved14.xlsx,5,1,False,OKVED_NAME,4973395
1,БАЛАНС ОРГАНИЗАЦИЙ,T23_000000_t01Ved14.xlsx,5,2,False,DATA,5149746
1,БАЛАНС ОРГАНИЗАЦИЙ,T23_000000_t01Ved14.xlsx,5,3,False,DATA,5149746
1,БАЛАНС ОРГАНИЗАЦИЙ,T23_000000_t01Ved14.xlsx,5,4,False,DATA,5149746
1,БАЛАНС ОРГАНИЗАЦИЙ,T23_000000_t01Ved14.xlsx,5,5,False,DATA,3017850
1,БАЛАНС ОРГАНИЗАЦИЙ,T23_000000_t01Ved14.xlsx,5,6,False,DATA,3017850
1,БАЛАНС ОРГАНИЗАЦИЙ,T23_000000_t01Ved14.xlsx,5,7,False,DATA,2786821
1,БАЛАНС ОРГАНИЗАЦИЙ,T23_000000_t01Ved14.xlsx,5,8,False,DATA,2786821
1,БАЛАНС ОРГАНИЗАЦИЙ,T23_000000_t01Ved14.xlsx,5,9,False,DATA,1955545
1,БАЛАНС ОРГАНИЗАЦИЙ,T23_000000_t01Ved14.xlsx,5,10,False,DATA,1955545
1,БАЛАНС ОРГАНИЗАЦИЙ,T23_000000_t01Ved14.xlsx,5,11,False,DATA,2362925
1,БАЛАНС ОРГАНИЗАЦИЙ,T23_000000_t01Ved14.xlsx,6,0,False,OKVED_CODE,рыболовство и рыбоводство
1,БАЛАНС ОРГАНИЗАЦИЙ,T23_000000_t01Ved14.xlsx,6,1,False,OKVED_NAME,244106697
1,БАЛАНС ОРГАНИЗАЦИЙ,T23_000000_t01Ved14.xlsx,6,2,False,DATA,329397165
1,БАЛАНС ОРГАНИЗАЦИЙ,T23_000000_t01Ved14.xlsx,6,3,False,DATA,329397165
1,БАЛАНС ОРГАНИЗАЦИЙ,T23_000000_t01Ved14.xlsx,6,4,False,DATA,329397165
1,БАЛАНС ОРГАНИЗАЦИЙ,T23_000000_t01Ved14.xlsx,6,5,False,DATA,140125830
1,БАЛАНС ОРГАНИЗАЦИЙ,T23_000000_t01Ved14.xlsx,6,6,False,DATA,140125830
1,БАЛАНС ОРГАНИЗАЦИЙ,T23_000000_t01Ved14.xlsx,6,7,False,DATA,167412900
1,БАЛАНС ОРГАНИЗАЦИЙ,T23_000000_t01Ved14.xlsx,6,8,False,DATA,167412900
1,БАЛАНС ОРГАНИЗАЦИЙ,T23_000000_t01Ved14.xlsx,6,9,False,DATA,103980867
1,БАЛАНС ОРГАНИЗАЦИЙ,T23_000000_t01Ved14.xlsx,6,10,False,DATA,103980867
1,БАЛАНС ОРГАНИЗАЦИЙ,T23_000000_t01Ved14.xlsx,6,11,False,DATA,161984265
1,БАЛАНС ОРГАНИЗАЦИЙ,T23_000000_t01Ved14.xlsx,7,0,False,OKVED_CODE,Добыча полезных ископаемых
1,БАЛАНС ОРГАНИЗАЦИЙ,T23_000000_t01Ved14.xlsx,7,1,False,OKVED_NAME,97878516
1,БАЛАНС ОРГАНИЗАЦИЙ,T23_000000_t01Ved14.xlsx,7,2,False,DATA,101183972
1,БАЛАНС ОРГАНИЗАЦИЙ,T23_000000_t01Ved14.xlsx,7,3,False,DATA,101183972
1,БАЛАНС ОРГАНИЗАЦИЙ,T23_000000_t01Ved14.xlsx,7,4,False,DATA,101183972
1,БАЛАНС ОРГАНИЗАЦИЙ,T23_000000_t01Ved14.xlsx,7,5,False,DATA,64411656
1,БАЛАНС ОРГАНИЗАЦИЙ,T23_000000_t01Ved14.xlsx,7,6,False,DATA,64411656
1,БАЛАНС ОРГАНИЗАЦИЙ,T23_000000_t01Ved14.xlsx,7,7,False,DATA,73692301
1,БАЛАНС ОРГАНИЗАЦИЙ,T23_000000_t01Ved14.xlsx,7,8,False,DATA,73692301
1,БАЛАНС ОРГАНИЗАЦИЙ,T23_000000_t01Ved14.xlsx,7,9,False,DATA,33466860
1,БАЛАНС ОРГАНИЗАЦИЙ,T23_000000_t01Ved14.xlsx,7,10,False,DATA,33466860
1,БАЛАНС ОРГАНИЗАЦИЙ,T23_000000_t01Ved14.xlsx,7,11,False,DATA,27491671
1,БАЛАНС ОРГАНИЗАЦИЙ,T23_000000_t01Ved14.xlsx,8,0,False,OKVED_CODE,добыча металлических руд
1,БАЛАНС ОРГАНИЗАЦИЙ,T23_000000_t01Ved14.xlsx,8,1,False,OKVED_NAME,97878516
1,БАЛАНС ОРГАНИЗАЦИЙ,T23_000000_t01Ved14.xlsx,8,2,False,DATA,101183972
1,БАЛАНС ОРГАНИЗАЦИЙ,T23_000000_t01Ved14.xlsx,8,3,False,DATA,101183972
1,БАЛАНС ОРГАНИЗАЦИЙ,T23_000000_t01Ved14.xlsx,8,4,False,DATA,101183972
1,БАЛАНС ОРГАНИЗАЦИЙ,T23_000000_t01Ved14.xlsx,8,5,False,DATA,64411656
1,БАЛАНС ОРГАНИЗАЦИЙ,T23_000000_t01Ved14.xlsx,8,6,False,DATA,64411656
1,БАЛАНС ОРГАНИЗАЦИЙ,T23_000000_t01Ved14.xlsx,8,7,False,DATA,73692301
1,БАЛАНС ОРГАНИЗАЦИЙ,T23_000000_t01Ved14.xlsx,8,8,False,DATA,73692301
1,БАЛАНС ОРГАНИЗАЦИЙ,T23_000000_t01Ved14.xlsx,8,9,False,DATA,33466860
1,БАЛАНС ОРГАНИЗАЦИЙ,T23_000000_t01Ved14.xlsx,8,10,False,DATA,33466860
1,БАЛАНС ОРГАНИЗАЦИЙ,T23_000000_t01Ved14.xlsx,8,11,False,DATA,27491671
1,БАЛАНС ОРГАНИЗАЦИЙ,T23_000000_t01Ved14.xlsx,9,0,False,OKVED_CODE,Обрабатывающие производства
1,БАЛАНС ОРГАНИЗАЦИЙ,T23_000000_t01Ved14.xlsx,9,1,False,OKVED_NAME,41449147
1,БАЛАНС ОРГАНИЗАЦИЙ,T23_000000_t01Ved14.xlsx,9,2,False,DATA,45536078
1,БАЛАНС ОРГАНИЗАЦИЙ,T23_000000_t01Ved14.xlsx,9,3,False,DATA,45536078
1,БАЛАНС ОРГАНИЗАЦИЙ,T23_000000_t01Ved14.xlsx,9,4,False,DATA,45536078
1,БАЛАНС ОРГАНИЗАЦИЙ,T23_000000_t01Ved14.xlsx,9,5,False,DATA,20396194
1,БАЛАНС ОРГАНИЗАЦИЙ,T23_000000_t01Ved14.xlsx,9,6,False,DATA,20396194
1,БАЛАНС ОРГАНИЗАЦИЙ,T23_000000_t01Ved14.xlsx,9,7,False,DATA,22587609
1,БАЛАНС ОРГАНИЗАЦИЙ,T23_000000_t01Ved14.xlsx,9,8,False,DATA,22587609
1,БАЛАНС ОРГАНИЗАЦИЙ,T23_000000_t01Ved14.xlsx,9,9,False,DATA,21052953
1,БАЛАНС ОРГАНИЗАЦИЙ,T23_000000_t01Ved14.xlsx,9,10,False,DATA,21052953
1,БАЛАНС ОРГАНИЗАЦИЙ,T23_000000_t01Ved14.xlsx,9,11,False,DATA,22948469
1,БАЛАНС ОРГАНИЗАЦИЙ,T23_000000_t01Ved14.xlsx,10,0,False,OKVED_CODE,производство пищевых продуктов
1,БАЛАНС ОРГАНИЗАЦИЙ,T23_000000_t01Ved14.xlsx,10,1,False,OKVED_NAME,32733635
1,БАЛАНС ОРГАНИЗАЦИЙ,T23_000000_t01Ved14.xlsx,10,2,False,DATA,36945862
1,БАЛАНС ОРГАНИЗАЦИЙ,T23_000000_t01Ved14.xlsx,10,3,False,DATA,36945862
1,БАЛАНС ОРГАНИЗАЦИЙ,T23_000000_t01Ved14.xlsx,10,4,False,DATA,36945862
1,БАЛАНС ОРГАНИЗАЦИЙ,T23_000000_t01Ved14.xlsx,10,5,False,DATA,17488166
1,БАЛАНС ОРГАНИЗАЦИЙ,T23_000000_t01Ved14.xlsx,10,6,False,DATA,17488166
1,БАЛАНС ОРГАНИЗАЦИЙ,T23_000000_t01Ved14.xlsx,10,7,False,DATA,20015482
1,БАЛАНС ОРГАНИЗАЦИЙ,T23_000000_t01Ved14.xlsx,10,8,False,DATA,20015482
1,БАЛАНС ОРГАНИЗАЦИЙ,T23_000000_t01Ved14.xlsx,10,9,False,DATA,15245469
1,БАЛАНС ОРГАНИЗАЦИЙ,T23_000000_t01Ved14.xlsx,10,10,False,DATA,15245469
1,БАЛАНС ОРГАНИЗАЦИЙ,T23_000000_t01Ved14.xlsx,10,11,False,DATA,16930380
1,БАЛАНС ОРГАНИЗАЦИЙ,T23_000000_t01Ved14.xlsx,11,0,False,OKVED_CODE,производство напитков
1,БАЛАНС ОРГАНИЗАЦИЙ,T23_000000_t01Ved14.xlsx,11,1,False,OKVED_NAME,1369989
1,БАЛАНС ОРГАНИЗАЦИЙ,T23_000000_t01Ved14.xlsx,11,2,False,DATA,1452818
1,БАЛАНС ОРГАНИЗАЦИЙ,T23_000000_t01Ved14.xlsx,11,3,False,DATA,1452818
1,БАЛАНС ОРГАНИЗАЦИЙ,T23_000000_t01Ved14.xlsx,11,4,False,DATA,1452818
1,БАЛАНС ОРГАНИЗАЦИЙ,T23_000000_t01Ved14.xlsx,11,5,False,DATA,947567
1,БАЛАНС ОРГАНИЗАЦИЙ,T23_000000_t01Ved14.xlsx,11,6,False,DATA,947567
1,БАЛАНС ОРГАНИЗАЦИЙ,T23_000000_t01Ved14.xlsx,11,7,False,DATA,941901
1,БАЛАНС ОРГАНИЗАЦИЙ,T23_000000_t01Ved14.xlsx,11,8,False,DATA,941901
1,БАЛАНС ОРГАНИЗАЦИЙ,T23_000000_t01Ved14.xlsx,11,9,False,DATA,422422
1,БАЛАНС ОРГАНИЗАЦИЙ,T23_000000_t01Ved14.xlsx,11,10,False,DATA,422422
1,БАЛАНС ОРГАНИЗАЦИЙ,T23_000000_t01Ved14.xlsx,11,11,False,DATA,510917
1,БАЛАНС ОРГАНИЗАЦИЙ,T23_000000_t01Ved14.xlsx,12,0,False,OKVED_CODE,производство прочих готовых изделий
1,БАЛАНС ОРГАНИЗАЦИЙ,T23_000000_t01Ved14.xlsx,12,1,False,OKVED_NAME,31074
1,БАЛАНС ОРГАНИЗАЦИЙ,T23_000000_t01Ved14.xlsx,12,2,False,DATA,28800
1,БАЛАНС ОРГАНИЗАЦИЙ,T23_000000_t01Ved14.xlsx,12,3,False,DATA,28800
1,БАЛАНС ОРГАНИЗАЦИЙ,T23_000000_t01Ved14.xlsx,12,4,False,DATA,28800
1,БАЛАНС ОРГАНИЗАЦИЙ,T23_000000_t01Ved14.xlsx,12,5,False,DATA,6585
1,БАЛАНС ОРГАНИЗАЦИЙ,T23_000000_t01Ved14.xlsx,12,6,False,DATA,6585
1,БАЛАНС ОРГАНИЗАЦИЙ,T23_000000_t01Ved14.xlsx,12,7,False,DATA,5654
1,БАЛАНС ОРГАНИЗАЦИЙ,T23_000000_t01Ved14.xlsx,12,8,False,DATA,5654
1,БАЛАНС ОРГАНИЗАЦИЙ,T23_000000_t01Ved14.xlsx,12,9,False,DATA,24489
1,БАЛАНС ОРГАНИЗАЦИЙ,T23_000000_t01Ved14.xlsx,12,10,False,DATA,24489
1,БАЛАНС ОРГАНИЗАЦИЙ,T23_000000_t01Ved14.xlsx,12,11,False,DATA,23146
1,БАЛАНС ОРГАНИЗАЦИЙ,T23_000000_t01Ved14.xlsx,13,0,False,OKVED_CODE,"ремонт и монтаж машин 
и оборудования"
1,БАЛАНС ОРГАНИЗАЦИЙ,T23_000000_t01Ved14.xlsx,13,1,False,OKVED_NAME,7314402
1,БАЛАНС ОРГАНИЗАЦИЙ,T23_000000_t01Ved14.xlsx,13,2,False,DATA,7108551
1,БАЛАНС ОРГАНИЗАЦИЙ,T23_000000_t01Ved14.xlsx,13,3,False,DATA,7108551
1,БАЛАНС ОРГАНИЗАЦИЙ,T23_000000_t01Ved14.xlsx,13,4,False,DATA,7108551
1,БАЛАНС ОРГАНИЗАЦИЙ,T23_000000_t01Ved14.xlsx,13,5,False,DATA,1953876
1,БАЛАНС ОРГАНИЗАЦИЙ,T23_000000_t01Ved14.xlsx,13,6,False,DATA,1953876
1,БАЛАНС ОРГАНИЗАЦИЙ,T23_000000_t01Ved14.xlsx,13,7,False,DATA,1624572
1,БАЛАНС ОРГАНИЗАЦИЙ,T23_000000_t01Ved14.xlsx,13,8,False,DATA,1624572
1,БАЛАНС ОРГАНИЗАЦИЙ,T23_000000_t01Ved14.xlsx,13,9,False,DATA,5360526
1,БАЛАНС ОРГАНИЗАЦИЙ,T23_000000_t01Ved14.xlsx,13,10,False,DATA,5360526
1,БАЛАНС ОРГАНИЗАЦИЙ,T23_000000_t01Ved14.xlsx,13,11,False,DATA,5483979
1,БАЛАНС ОРГАНИЗАЦИЙ,T23_000000_t01Ved14.xlsx,14,0,False,OKVED_CODE,"Обеспечение электрической энергией, газом и паром; кондиционирование воздуха"
1,БАЛАНС ОРГАНИЗАЦИЙ,T23_000000_t01Ved14.xlsx,14,1,False,OKVED_NAME,55948034
1,БАЛАНС ОРГАНИЗАЦИЙ,T23_000000_t01Ved14.xlsx,14,2,False,DATA,62855768
1,БАЛАНС ОРГАНИЗАЦИЙ,T23_000000_t01Ved14.xlsx,14,3,False,DATA,62855768
1,БАЛАНС ОРГАНИЗАЦИЙ,T23_000000_t01Ved14.xlsx,14,4,False,DATA,62855768
1,БАЛАНС ОРГАНИЗАЦИЙ,T23_000000_t01Ved14.xlsx,14,5,False,DATA,28987028
1,БАЛАНС ОРГАНИЗАЦИЙ,T23_000000_t01Ved14.xlsx,14,6,False,DATA,28987028
1,БАЛАНС ОРГАНИЗАЦИЙ,T23_000000_t01Ved14.xlsx,14,7,False,DATA,33313054
1,БАЛАНС ОРГАНИЗАЦИЙ,T23_000000_t01Ved14.xlsx,14,8,False,DATA,33313054
1,БАЛАНС ОРГАНИЗАЦИЙ,T23_000000_t01Ved14.xlsx,14,9,False,DATA,26961006
1,БАЛАНС ОРГАНИЗАЦИЙ,T23_000000_t01Ved14.xlsx,14,10,False,DATA,26961006
1,БАЛАНС ОРГАНИЗАЦИЙ,T23_000000_t01Ved14.xlsx,14,11,False,DATA,29542714
1,БАЛАНС ОРГАНИЗАЦИЙ,T23_000000_t01Ved14.xlsx,15,0,False,OKVED_CODE,"обеспечение электрической энергией, газом и паром; кондиционирование воздуха"
1,БАЛАНС ОРГАНИЗАЦИЙ,T23_000000_t01Ved14.xlsx,15,1,False,OKVED_NAME,55948034
1,БАЛАНС ОРГАНИЗАЦИЙ,T23_000000_t01Ved14.xlsx,15,2,False,DATA,62855768
1,БАЛАНС ОРГАНИЗАЦИЙ,T23_000000_t01Ved14.xlsx,15,3,False,DATA,62855768
1,БАЛАНС ОРГАНИЗАЦИЙ,T23_000000_t01Ved14.xlsx,15,4,False,DATA,62855768
1,БАЛАНС ОРГАНИЗАЦИЙ,T23_000000_t01Ved14.xlsx,15,5,False,DATA,28987028
1,БАЛАНС ОРГАНИЗАЦИЙ,T23_000000_t01Ved14.xlsx,15,6,False,DATA,28987028
1,БАЛАНС ОРГАНИЗАЦИЙ,T23_000000_t01Ved14.xlsx,15,7,False,DATA,33313054
1,БАЛАНС ОРГАНИЗАЦИЙ,T23_000000_t01Ved14.xlsx,15,8,False,DATA,33313054
1,БАЛАНС ОРГАНИЗАЦИЙ,T23_000000_t01Ved14.xlsx,15,9,False,DATA,26961006
1,БАЛАНС ОРГАНИЗАЦИЙ,T23_000000_t01Ved14.xlsx,15,10,False,DATA,26961006
1,БАЛАНС ОРГАНИЗАЦИЙ,T23_000000_t01Ved14.xlsx,15,11,False,DATA,29542714
1,БАЛАНС ОРГАНИЗАЦИЙ,T23_000000_t01Ved14.xlsx,16,0,False,OKVED_CODE,"Водоснабжение; водоотведение, организация сбора и утилизации отходов, деятельность 
по ликвидации за"
1,БАЛАНС ОРГАНИЗАЦИЙ,T23_000000_t01Ved14.xlsx,16,1,False,OKVED_NAME,9464636
1,БАЛАНС ОРГАНИЗАЦИЙ,T23_000000_t01Ved14.xlsx,16,2,False,DATA,10398352
1,БАЛАНС ОРГАНИЗАЦИЙ,T23_000000_t01Ved14.xlsx,16,3,False,DATA,10398352
1,БАЛАНС ОРГАНИЗАЦИЙ,T23_000000_t01Ved14.xlsx,16,4,False,DATA,10398352
1,БАЛАНС ОРГАНИЗАЦИЙ,T23_000000_t01Ved14.xlsx,16,5,False,DATA,7514598
1,БАЛАНС ОРГАНИЗАЦИЙ,T23_000000_t01Ved14.xlsx,16,6,False,DATA,7514598
1,БАЛАНС ОРГАНИЗАЦИЙ,T23_000000_t01Ved14.xlsx,16,7,False,DATA,8057780
1,БАЛАНС ОРГАНИЗАЦИЙ,T23_000000_t01Ved14.xlsx,16,8,False,DATA,8057780
1,БАЛАНС ОРГАНИЗАЦИЙ,T23_000000_t01Ved14.xlsx,16,9,False,DATA,1950038
1,БАЛАНС ОРГАНИЗАЦИЙ,T23_000000_t01Ved14.xlsx,16,10,False,DATA,1950038
1,БАЛАНС ОРГАНИЗАЦИЙ,T23_000000_t01Ved14.xlsx,16,11,False,DATA,2340572
1,БАЛАНС ОРГАНИЗАЦИЙ,T23_000000_t01Ved14.xlsx,17,0,False,OKVED_CODE,
1,БАЛАНС ОРГАНИЗАЦИЙ,T23_000000_t01Ved14.xlsx,17,1,False,OKVED_NAME,
1,БАЛАНС ОРГАНИЗАЦИЙ,T23_000000_t01Ved14.xlsx,17,2,False,EMPTY,
1,БАЛАНС ОРГАНИЗАЦИЙ,T23_000000_t01Ved14.xlsx,17,3,False,EMPTY,
1,БАЛАНС ОРГАНИЗАЦИЙ,T23_000000_t01Ved14.xlsx,17,4,False,EMPTY,
1,БАЛАНС ОРГАНИЗАЦИЙ,T23_000000_t01Ved14.xlsx,17,5,False,EMPTY,
1,БАЛАНС ОРГАНИЗАЦИЙ,T23_000000_t01Ved14.xlsx,17,6,False,EMPTY,
1,БАЛАНС ОРГАНИЗАЦИЙ,T23_000000_t01Ved14.xlsx,17,7,False,EMPTY,
1,БАЛАНС ОРГАНИЗАЦИЙ,T23_000000_t01Ved14.xlsx,17,8,False,EMPTY,
1,БАЛАНС ОРГАНИЗАЦИЙ,T23_000000_t01Ved14.xlsx,17,9,False,EMPTY,
1,БАЛАНС ОРГАНИЗАЦИЙ,T23_000000_t01Ved14.xlsx,17,10,False,EMPTY,
1,БАЛАНС ОРГАНИЗАЦИЙ,T23_000000_t01Ved14.xlsx,17,11,False,EMPTY,
1,БАЛАНС ОРГАНИЗАЦИЙ,T23_000000_t01Ved14.xlsx,18,0,False,OKVED_CODE,
1,БАЛАНС ОРГАНИЗАЦИЙ,T23_000000_t01Ved14.xlsx,18,1,False,OKVED_NAME,
1,БАЛАНС ОРГАНИЗАЦИЙ,T23_000000_t01Ved14.xlsx,18,2,False,EMPTY,
1,БАЛАНС ОРГАНИЗАЦИЙ,T23_000000_t01Ved14.xlsx,18,3,False,EMPTY,
1,БАЛАНС ОРГАНИЗАЦИЙ,T23_000000_t01Ved14.xlsx,18,4,False,EMPTY,
1,БАЛАНС ОРГАНИЗАЦИЙ,T23_000000_t01Ved14.xlsx,18,5,False,EMPTY,
1,БАЛАНС ОРГАНИЗАЦИЙ,T23_000000_t01Ved14.xlsx,18,6,False,EMPTY,
1,БАЛАНС ОРГАНИЗАЦИЙ,T23_000000_t01Ved14.xlsx,18,7,False,EMPTY,
1,БАЛАНС ОРГАНИЗАЦИЙ,T23_000000_t01Ved14.xlsx,18,8,False,EMPTY,
1,БАЛАНС ОРГАНИЗАЦИЙ,T23_000000_t01Ved14.xlsx,18,9,False,EMPTY,
1,БАЛАНС ОРГАНИЗАЦИЙ,T23_000000_t01Ved14.xlsx,18,10,False,DATA,Продолжение таблицы 1.
1,БАЛАНС ОРГАНИЗАЦИЙ,T23_000000_t01Ved14.xlsx,18,11,False,DATA,Продолжение таблицы 1.
1,БАЛАНС ОРГАНИЗАЦИЙ,T23_000000_t01Ved14.xlsx,19,0,False,OKVED_CODE,
1,БАЛАНС ОРГАНИЗАЦИЙ,T23_000000_t01Ved14.xlsx,19,1,False,OKVED_NAME,Валюта баланса
1,БАЛАНС ОРГАНИЗАЦИЙ,T23_000000_t01Ved14.xlsx,19,2,False,DATA,Валюта баланса
1,БАЛАНС ОРГАНИЗАЦИЙ,T23_000000_t01Ved14.xlsx,19,3,False,DATA,Валюта баланса
1,БАЛАНС ОРГАНИЗАЦИЙ,T23_000000_t01Ved14.xlsx,19,4,False,DATA,Валюта баланса
1,БАЛАНС ОРГАНИЗАЦИЙ,T23_000000_t01Ved14.xlsx,19,5,False,DATA,Внеоборотные активы
1,БАЛАНС ОРГАНИЗАЦИЙ,T23_000000_t01Ved14.xlsx,19,6,False,DATA,Внеоборотные активы
1,БАЛАНС ОРГАНИЗАЦИЙ,T23_000000_t01Ved14.xlsx,19,7,False,DATA,Внеоборотные активы
1,БАЛАНС ОРГАНИЗАЦИЙ,T23_000000_t01Ved14.xlsx,19,8,False,DATA,Внеоборотные активы
1,БАЛАНС ОРГАНИЗАЦИЙ,T23_000000_t01Ved14.xlsx,19,9,False,DATA,Оборотные активы
1,БАЛАНС ОРГАНИЗАЦИЙ,T23_000000_t01Ved14.xlsx,19,10,False,DATA,Оборотные активы
1,БАЛАНС ОРГАНИЗАЦИЙ,T23_000000_t01Ved14.xlsx,19,11,False,DATA,Оборотные активы
1,БАЛАНС ОРГАНИЗАЦИЙ,T23_000000_t01Ved14.xlsx,20,0,False,OKVED_CODE,
1,БАЛАНС ОРГАНИЗАЦИЙ,T23_000000_t01Ved14.xlsx,20,1,False,OKVED_NAME,2022
1,БАЛАНС ОРГАНИЗАЦИЙ,T23_000000_t01Ved14.xlsx,20,2,False,DATA,2023
1,БАЛАНС ОРГАНИЗАЦИЙ,T23_000000_t01Ved14.xlsx,20,3,False,DATA,2023
1,БАЛАНС ОРГАНИЗАЦИЙ,T23_000000_t01Ved14.xlsx,20,4,False,DATA,2023
1,БАЛАНС ОРГАНИЗАЦИЙ,T23_000000_t01Ved14.xlsx,20,5,False,DATA,2022
1,БАЛАНС ОРГАНИЗАЦИЙ,T23_000000_t01Ved14.xlsx,20,6,False,DATA,2022
1,БАЛАНС ОРГАНИЗАЦИЙ,T23_000000_t01Ved14.xlsx,20,7,False,DATA,2023
1,БАЛАНС ОРГАНИЗАЦИЙ,T23_000000_t01Ved14.xlsx,20,8,False,DATA,2023
1,БАЛАНС ОРГАНИЗАЦИЙ,T23_000000_t01Ved14.xlsx,20,9,False,DATA,2022
1,БАЛАНС ОРГАНИЗАЦИЙ,T23_000000_t01Ved14.xlsx,20,10,False,DATA,2022
1,БАЛАНС ОРГАНИЗАЦИЙ,T23_000000_t01Ved14.xlsx,20,11,False,DATA,2023
1,БАЛАНС ОРГАНИЗАЦИЙ,T23_000000_t01Ved14.xlsx,21,0,False,OKVED_CODE,"забор, очистка и распределение воды"
1,БАЛАНС ОРГАНИЗАЦИЙ,T23_000000_t01Ved14.xlsx,21,1,False,OKVED_NAME,8286971
1,БАЛАНС ОРГАНИЗАЦИЙ,T23_000000_t01Ved14.xlsx,21,2,False,DATA,8940805
1,БАЛАНС ОРГАНИЗАЦИЙ,T23_000000_t01Ved14.xlsx,21,3,False,DATA,8940805
1,БАЛАНС ОРГАНИЗАЦИЙ,T23_000000_t01Ved14.xlsx,21,4,False,DATA,8940805
1,БАЛАНС ОРГАНИЗАЦИЙ,T23_000000_t01Ved14.xlsx,21,5,False,DATA,6630154
1,БАЛАНС ОРГАНИЗАЦИЙ,T23_000000_t01Ved14.xlsx,21,6,False,DATA,6630154
1,БАЛАНС ОРГАНИЗАЦИЙ,T23_000000_t01Ved14.xlsx,21,7,False,DATA,6921499
1,БАЛАНС ОРГАНИЗАЦИЙ,T23_000000_t01Ved14.xlsx,21,8,False,DATA,6921499
1,БАЛАНС ОРГАНИЗАЦИЙ,T23_000000_t01Ved14.xlsx,21,9,False,DATA,1656817
1,БАЛАНС ОРГАНИЗАЦИЙ,T23_000000_t01Ved14.xlsx,21,10,False,DATA,1656817
1,БАЛАНС ОРГАНИЗАЦИЙ,T23_000000_t01Ved14.xlsx,21,11,False,DATA,2019306
1,БАЛАНС ОРГАНИЗАЦИЙ,T23_000000_t01Ved14.xlsx,22,0,False,OKVED_CODE,"сбор, обработка и утилизация отходов; обработка вторичного сырья"
1,БАЛАНС ОРГАНИЗАЦИЙ,T23_000000_t01Ved14.xlsx,22,1,False,OKVED_NAME,1177665
1,БАЛАНС ОРГАНИЗАЦИЙ,T23_000000_t01Ved14.xlsx,22,2,False,DATA,1457547
1,БАЛАНС ОРГАНИЗАЦИЙ,T23_000000_t01Ved14.xlsx,22,3,False,DATA,1457547
1,БАЛАНС ОРГАНИЗАЦИЙ,T23_000000_t01Ved14.xlsx,22,4,False,DATA,1457547
1,БАЛАНС ОРГАНИЗАЦИЙ,T23_000000_t01Ved14.xlsx,22,5,False,DATA,884444
1,БАЛАНС ОРГАНИЗАЦИЙ,T23_000000_t01Ved14.xlsx,22,6,False,DATA,884444
1,БАЛАНС ОРГАНИЗАЦИЙ,T23_000000_t01Ved14.xlsx,22,7,False,DATA,1136281
1,БАЛАНС ОРГАНИЗАЦИЙ,T23_000000_t01Ved14.xlsx,22,8,False,DATA,1136281
1,БАЛАНС ОРГАНИЗАЦИЙ,T23_000000_t01Ved14.xlsx,22,9,False,DATA,293221
1,БАЛАНС ОРГАНИЗАЦИЙ,T23_000000_t01Ved14.xlsx,22,10,False,DATA,293221
1,БАЛАНС ОРГАНИЗАЦИЙ,T23_000000_t01Ved14.xlsx,22,11,False,DATA,321266
1,БАЛАНС ОРГАНИЗАЦИЙ,T23_000000_t01Ved14.xlsx,23,0,False,OKVED_CODE,Строительство
1,БАЛАНС ОРГАНИЗАЦИЙ,T23_000000_t01Ved14.xlsx,23,1,False,OKVED_NAME,19115407
1,БАЛАНС ОРГАНИЗАЦИЙ,T23_000000_t01Ved14.xlsx,23,2,False,DATA,25751039
1,БАЛАНС ОРГАНИЗАЦИЙ,T23_000000_t01Ved14.xlsx,23,3,False,DATA,25751039
1,БАЛАНС ОРГАНИЗАЦИЙ,T23_000000_t01Ved14.xlsx,23,4,False,DATA,25751039
1,БАЛАНС ОРГАНИЗАЦИЙ,T23_000000_t01Ved14.xlsx,23,5,False,DATA,2682251
1,БАЛАНС ОРГАНИЗАЦИЙ,T23_000000_t01Ved14.xlsx,23,6,False,DATA,2682251
1,БАЛАНС ОРГАНИЗАЦИЙ,T23_000000_t01Ved14.xlsx,23,7,False,DATA,3752566
1,БАЛАНС ОРГАНИЗАЦИЙ,T23_000000_t01Ved14.xlsx,23,8,False,DATA,3752566
1,БАЛАНС ОРГАНИЗАЦИЙ,T23_000000_t01Ved14.xlsx,23,9,False,DATA,16433156
1,БАЛАНС ОРГАНИЗАЦИЙ,T23_000000_t01Ved14.xlsx,23,10,False,DATA,16433156
1,БАЛАНС ОРГАНИЗАЦИЙ,T23_000000_t01Ved14.xlsx,23,11,False,DATA,21998473
1,БАЛАНС ОРГАНИЗАЦИЙ,T23_000000_t01Ved14.xlsx,24,0,False,OKVED_CODE,строительство зданий
1,БАЛАНС ОРГАНИЗАЦИЙ,T23_000000_t01Ved14.xlsx,24,1,False,OKVED_NAME,13437927
1,БАЛАНС ОРГАНИЗАЦИЙ,T23_000000_t01Ved14.xlsx,24,2,False,DATA,17737099
1,БАЛАНС ОРГАНИЗАЦИЙ,T23_000000_t01Ved14.xlsx,24,3,False,DATA,17737099
1,БАЛАНС ОРГАНИЗАЦИЙ,T23_000000_t01Ved14.xlsx,24,4,False,DATA,17737099
1,БАЛАНС ОРГАНИЗАЦИЙ,T23_000000_t01Ved14.xlsx,24,5,False,DATA,1310651
1,БАЛАНС ОРГАНИЗАЦИЙ,T23_000000_t01Ved14.xlsx,24,6,False,DATA,1310651
1,БАЛАНС ОРГАНИЗАЦИЙ,T23_000000_t01Ved14.xlsx,24,7,False,DATA,995637
1,БАЛАНС ОРГАНИЗАЦИЙ,T23_000000_t01Ved14.xlsx,24,8,False,DATA,995637
1,БАЛАНС ОРГАНИЗАЦИЙ,T23_000000_t01Ved14.xlsx,24,9,False,DATA,12127276
1,БАЛАНС ОРГАНИЗАЦИЙ,T23_000000_t01Ved14.xlsx,24,10,False,DATA,12127276
1,БАЛАНС ОРГАНИЗАЦИЙ,T23_000000_t01Ved14.xlsx,24,11,False,DATA,16741462
1,БАЛАНС ОРГАНИЗАЦИЙ,T23_000000_t01Ved14.xlsx,25,0,False,OKVED_CODE,строительство инженерных сооружений
1,БАЛАНС ОРГАНИЗАЦИЙ,T23_000000_t01Ved14.xlsx,25,1,False,OKVED_NAME,5620520
1,БАЛАНС ОРГАНИЗАЦИЙ,T23_000000_t01Ved14.xlsx,25,2,False,DATA,7965249
1,БАЛАНС ОРГАНИЗАЦИЙ,T23_000000_t01Ved14.xlsx,25,3,False,DATA,7965249
1,БАЛАНС ОРГАНИЗАЦИЙ,T23_000000_t01Ved14.xlsx,25,4,False,DATA,7965249
1,БАЛАНС ОРГАНИЗАЦИЙ,T23_000000_t01Ved14.xlsx,25,5,False,DATA,1370379
1,БАЛАНС ОРГАНИЗАЦИЙ,T23_000000_t01Ved14.xlsx,25,6,False,DATA,1370379
1,БАЛАНС ОРГАНИЗАЦИЙ,T23_000000_t01Ved14.xlsx,25,7,False,DATA,2754273
1,БАЛАНС ОРГАНИЗАЦИЙ,T23_000000_t01Ved14.xlsx,25,8,False,DATA,2754273
1,БАЛАНС ОРГАНИЗАЦИЙ,T23_000000_t01Ved14.xlsx,25,9,False,DATA,4250141
1,БАЛАНС ОРГАНИЗАЦИЙ,T23_000000_t01Ved14.xlsx,25,10,False,DATA,4250141
1,БАЛАНС ОРГАНИЗАЦИЙ,T23_000000_t01Ved14.xlsx,25,11,False,DATA,5210976
1,БАЛАНС ОРГАНИЗАЦИЙ,T23_000000_t01Ved14.xlsx,26,0,False,OKVED_CODE,работы строительные специализированные
1,БАЛАНС ОРГАНИЗАЦИЙ,T23_000000_t01Ved14.xlsx,26,1,False,OKVED_NAME,56960
1,БАЛАНС ОРГАНИЗАЦИЙ,T23_000000_t01Ved14.xlsx,26,2,False,DATA,48691
1,БАЛАНС ОРГАНИЗАЦИЙ,T23_000000_t01Ved14.xlsx,26,3,False,DATA,48691
1,БАЛАНС ОРГАНИЗАЦИЙ,T23_000000_t01Ved14.xlsx,26,4,False,DATA,48691
1,БАЛАНС ОРГАНИЗАЦИЙ,T23_000000_t01Ved14.xlsx,26,5,False,DATA,1221
1,БАЛАНС ОРГАНИЗАЦИЙ,T23_000000_t01Ved14.xlsx,26,6,False,DATA,1221
1,БАЛАНС ОРГАНИЗАЦИЙ,T23_000000_t01Ved14.xlsx,26,7,False,DATA,2656
1,БАЛАНС ОРГАНИЗАЦИЙ,T23_000000_t01Ved14.xlsx,26,8,False,DATA,2656
1,БАЛАНС ОРГАНИЗАЦИЙ,T23_000000_t01Ved14.xlsx,26,9,False,DATA,55739
1,БАЛАНС ОРГАНИЗАЦИЙ,T23_000000_t01Ved14.xlsx,26,10,False,DATA,55739
1,БАЛАНС ОРГАНИЗАЦИЙ,T23_000000_t01Ved14.xlsx,26,11,False,DATA,46035
1,БАЛАНС ОРГАНИЗАЦИЙ,T23_000000_t01Ved14.xlsx,27,0,False,OKVED_CODE,Торговля оптовая и розничная; ремонт автотранспортных средств и мотоциклов
1,БАЛАНС ОРГАНИЗАЦИЙ,T23_000000_t01Ved14.xlsx,27,1,False,OKVED_NAME,30881535
1,БАЛАНС ОРГАНИЗАЦИЙ,T23_000000_t01Ved14.xlsx,27,2,False,DATA,32526358
1,БАЛАНС ОРГАНИЗАЦИЙ,T23_000000_t01Ved14.xlsx,27,3,False,DATA,32526358
1,БАЛАНС ОРГАНИЗАЦИЙ,T23_000000_t01Ved14.xlsx,27,4,False,DATA,32526358
1,БАЛАНС ОРГАНИЗАЦИЙ,T23_000000_t01Ved14.xlsx,27,5,False,DATA,5700114
1,БАЛАНС ОРГАНИЗАЦИЙ,T23_000000_t01Ved14.xlsx,27,6,False,DATA,5700114
1,БАЛАНС ОРГАНИЗАЦИЙ,T23_000000_t01Ved14.xlsx,27,7,False,DATA,5452177
1,БАЛАНС ОРГАНИЗАЦИЙ,T23_000000_t01Ved14.xlsx,27,8,False,DATA,5452177
1,БАЛАНС ОРГАНИЗАЦИЙ,T23_000000_t01Ved14.xlsx,27,9,False,DATA,25181421
1,БАЛАНС ОРГАНИЗАЦИЙ,T23_000000_t01Ved14.xlsx,27,10,False,DATA,25181421
1,БАЛАНС ОРГАНИЗАЦИЙ,T23_000000_t01Ved14.xlsx,27,11,False,DATA,27074181
1,БАЛАНС ОРГАНИЗАЦИЙ,T23_000000_t01Ved14.xlsx,28,0,False,OKVED_CODE,"торговля оптовая, кроме оптовой торговли автотранспортными средствами и мотоциклами"
1,БАЛАНС ОРГАНИЗАЦИЙ,T23_000000_t01Ved14.xlsx,28,1,False,OKVED_NAME,26959342
1,БАЛАНС ОРГАНИЗАЦИЙ,T23_000000_t01Ved14.xlsx,28,2,False,DATA,28875915
1,БАЛАНС ОРГАНИЗАЦИЙ,T23_000000_t01Ved14.xlsx,28,3,False,DATA,28875915
1,БАЛАНС ОРГАНИЗАЦИЙ,T23_000000_t01Ved14.xlsx,28,4,False,DATA,28875915
1,БАЛАНС ОРГАНИЗАЦИЙ,T23_000000_t01Ved14.xlsx,28,5,False,DATA,3772052
1,БАЛАНС ОРГАНИЗАЦИЙ,T23_000000_t01Ved14.xlsx,28,6,False,DATA,3772052
1,БАЛАНС ОРГАНИЗАЦИЙ,T23_000000_t01Ved14.xlsx,28,7,False,DATA,3647516
1,БАЛАНС ОРГАНИЗАЦИЙ,T23_000000_t01Ved14.xlsx,28,8,False,DATA,3647516
1,БАЛАНС ОРГАНИЗАЦИЙ,T23_000000_t01Ved14.xlsx,28,9,False,DATA,23187290
1,БАЛАНС ОРГАНИЗАЦИЙ,T23_000000_t01Ved14.xlsx,28,10,False,DATA,23187290
1,БАЛАНС ОРГАНИЗАЦИЙ,T23_000000_t01Ved14.xlsx,28,11,False,DATA,25228399
1,БАЛАНС ОРГАНИЗАЦИЙ,T23_000000_t01Ved14.xlsx,29,0,False,OKVED_CODE,"торговля розничная, кроме торговли автотранспортными средствами
 и мотоциклами"
1,БАЛАНС ОРГАНИЗАЦИЙ,T23_000000_t01Ved14.xlsx,29,1,False,OKVED_NAME,3922193
1,БАЛАНС ОРГАНИЗАЦИЙ,T23_000000_t01Ved14.xlsx,29,2,False,DATA,3650443
1,БАЛАНС ОРГАНИЗАЦИЙ,T23_000000_t01Ved14.xlsx,29,3,False,DATA,3650443
1,БАЛАНС ОРГАНИЗАЦИЙ,T23_000000_t01Ved14.xlsx,29,4,False,DATA,3650443
1,БАЛАНС ОРГАНИЗАЦИЙ,T23_000000_t01Ved14.xlsx,29,5,False,DATA,1928062
1,БАЛАНС ОРГАНИЗАЦИЙ,T23_000000_t01Ved14.xlsx,29,6,False,DATA,1928062
1,БАЛАНС ОРГАНИЗАЦИЙ,T23_000000_t01Ved14.xlsx,29,7,False,DATA,1804661
1,БАЛАНС ОРГАНИЗАЦИЙ,T23_000000_t01Ved14.xlsx,29,8,False,DATA,1804661
1,БАЛАНС ОРГАНИЗАЦИЙ,T23_000000_t01Ved14.xlsx,29,9,False,DATA,1994131
1,БАЛАНС ОРГАНИЗАЦИЙ,T23_000000_t01Ved14.xlsx,29,10,False,DATA,1994131
1,БАЛАНС ОРГАНИЗАЦИЙ,T23_000000_t01Ved14.xlsx,29,11,False,DATA,1845782
1,БАЛАНС ОРГАНИЗАЦИЙ,T23_000000_t01Ved14.xlsx,30,0,False,OKVED_CODE,Транспортировка и хранение
1,БАЛАНС ОРГАНИЗАЦИЙ,T23_000000_t01Ved14.xlsx,30,1,False,OKVED_NAME,30938040
1,БАЛАНС ОРГАНИЗАЦИЙ,T23_000000_t01Ved14.xlsx,30,2,False,DATA,42910865
1,БАЛАНС ОРГАНИЗАЦИЙ,T23_000000_t01Ved14.xlsx,30,3,False,DATA,42910865
1,БАЛАНС ОРГАНИЗАЦИЙ,T23_000000_t01Ved14.xlsx,30,4,False,DATA,42910865
1,БАЛАНС ОРГАНИЗАЦИЙ,T23_000000_t01Ved14.xlsx,30,5,False,DATA,23219057
1,БАЛАНС ОРГАНИЗАЦИЙ,T23_000000_t01Ved14.xlsx,30,6,False,DATA,23219057
1,БАЛАНС ОРГАНИЗАЦИЙ,T23_000000_t01Ved14.xlsx,30,7,False,DATA,33262498
1,БАЛАНС ОРГАНИЗАЦИЙ,T23_000000_t01Ved14.xlsx,30,8,False,DATA,33262498
1,БАЛАНС ОРГАНИЗАЦИЙ,T23_000000_t01Ved14.xlsx,30,9,False,DATA,7718983
1,БАЛАНС ОРГАНИЗАЦИЙ,T23_000000_t01Ved14.xlsx,30,10,False,DATA,7718983
1,БАЛАНС ОРГАНИЗАЦИЙ,T23_000000_t01Ved14.xlsx,30,11,False,DATA,9648367
1,БАЛАНС ОРГАНИЗАЦИЙ,T23_000000_t01Ved14.xlsx,31,0,False,OKVED_CODE,"деятельность сухопутного
и трубопроводного транспорта"
1,БАЛАНС ОРГАНИЗАЦИЙ,T23_000000_t01Ved14.xlsx,31,1,False,OKVED_NAME,367257
1,БАЛАНС ОРГАНИЗАЦИЙ,T23_000000_t01Ved14.xlsx,31,2,False,DATA,791072
1,БАЛАНС ОРГАНИЗАЦИЙ,T23_000000_t01Ved14.xlsx,31,3,False,DATA,791072
1,БАЛАНС ОРГАНИЗАЦИЙ,T23_000000_t01Ved14.xlsx,31,4,False,DATA,791072
1,БАЛАНС ОРГАНИЗАЦИЙ,T23_000000_t01Ved14.xlsx,31,5,False,DATA,313001
1,БАЛАНС ОРГАНИЗАЦИЙ,T23_000000_t01Ved14.xlsx,31,6,False,DATA,313001
1,БАЛАНС ОРГАНИЗАЦИЙ,T23_000000_t01Ved14.xlsx,31,7,False,DATA,355700
1,БАЛАНС ОРГАНИЗАЦИЙ,T23_000000_t01Ved14.xlsx,31,8,False,DATA,355700
1,БАЛАНС ОРГАНИЗАЦИЙ,T23_000000_t01Ved14.xlsx,31,9,False,DATA,54256
1,БАЛАНС ОРГАНИЗАЦИЙ,T23_000000_t01Ved14.xlsx,31,10,False,DATA,54256
1,БАЛАНС ОРГАНИЗАЦИЙ,T23_000000_t01Ved14.xlsx,31,11,False,DATA,435372
1,БАЛАНС ОРГАНИЗАЦИЙ,T23_000000_t01Ved14.xlsx,32,0,False,OKVED_CODE,деятельность водного транспорта
1,БАЛАНС ОРГАНИЗАЦИЙ,T23_000000_t01Ved14.xlsx,32,1,False,OKVED_NAME,4461333
1,БАЛАНС ОРГАНИЗАЦИЙ,T23_000000_t01Ved14.xlsx,32,2,False,DATA,5408150
1,БАЛАНС ОРГАНИЗАЦИЙ,T23_000000_t01Ved14.xlsx,32,3,False,DATA,5408150
1,БАЛАНС ОРГАНИЗАЦИЙ,T23_000000_t01Ved14.xlsx,32,4,False,DATA,5408150
1,БАЛАНС ОРГАНИЗАЦИЙ,T23_000000_t01Ved14.xlsx,32,5,False,DATA,3463840
1,БАЛАНС ОРГАНИЗАЦИЙ,T23_000000_t01Ved14.xlsx,32,6,False,DATA,3463840
1,БАЛАНС ОРГАНИЗАЦИЙ,T23_000000_t01Ved14.xlsx,32,7,False,DATA,4757173
1,БАЛАНС ОРГАНИЗАЦИЙ,T23_000000_t01Ved14.xlsx,32,8,False,DATA,4757173
1,БАЛАНС ОРГАНИЗАЦИЙ,T23_000000_t01Ved14.xlsx,32,9,False,DATA,997493
1,БАЛАНС ОРГАНИЗАЦИЙ,T23_000000_t01Ved14.xlsx,32,10,False,DATA,997493
1,БАЛАНС ОРГАНИЗАЦИЙ,T23_000000_t01Ved14.xlsx,32,11,False,DATA,650977
1,БАЛАНС ОРГАНИЗАЦИЙ,T23_000000_t01Ved14.xlsx,33,0,False,OKVED_CODE,"деятельность воздушного
и космического транспорта"
1,БАЛАНС ОРГАНИЗАЦИЙ,T23_000000_t01Ved14.xlsx,33,1,False,OKVED_NAME,4666557
1,БАЛАНС ОРГАНИЗАЦИЙ,T23_000000_t01Ved14.xlsx,33,2,False,DATA,5407271
1,БАЛАНС ОРГАНИЗАЦИЙ,T23_000000_t01Ved14.xlsx,33,3,False,DATA,5407271
1,БАЛАНС ОРГАНИЗАЦИЙ,T23_000000_t01Ved14.xlsx,33,4,False,DATA,5407271
1,БАЛАНС ОРГАНИЗАЦИЙ,T23_000000_t01Ved14.xlsx,33,5,False,DATA,3439049
1,БАЛАНС ОРГАНИЗАЦИЙ,T23_000000_t01Ved14.xlsx,33,6,False,DATA,3439049
1,БАЛАНС ОРГАНИЗАЦИЙ,T23_000000_t01Ved14.xlsx,33,7,False,DATA,4199444
1,БАЛАНС ОРГАНИЗАЦИЙ,T23_000000_t01Ved14.xlsx,33,8,False,DATA,4199444
1,БАЛАНС ОРГАНИЗАЦИЙ,T23_000000_t01Ved14.xlsx,33,9,False,DATA,1227508
1,БАЛАНС ОРГАНИЗАЦИЙ,T23_000000_t01Ved14.xlsx,33,10,False,DATA,1227508
1,БАЛАНС ОРГАНИЗАЦИЙ,T23_000000_t01Ved14.xlsx,33,11,False,DATA,1207827
1,БАЛАНС ОРГАНИЗАЦИЙ,T23_000000_t01Ved14.xlsx,34,0,False,OKVED_CODE,"складское хозяйство
и вспомогательная транспортная деятельность"
1,БАЛАНС ОРГАНИЗАЦИЙ,T23_000000_t01Ved14.xlsx,34,1,False,OKVED_NAME,21442893
1,БАЛАНС ОРГАНИЗАЦИЙ,T23_000000_t01Ved14.xlsx,34,2,False,DATA,31304372
1,БАЛАНС ОРГАНИЗАЦИЙ,T23_000000_t01Ved14.xlsx,34,3,False,DATA,31304372
1,БАЛАНС ОРГАНИЗАЦИЙ,T23_000000_t01Ved14.xlsx,34,4,False,DATA,31304372
1,БАЛАНС ОРГАНИЗАЦИЙ,T23_000000_t01Ved14.xlsx,34,5,False,DATA,16003167
1,БАЛАНС ОРГАНИЗАЦИЙ,T23_000000_t01Ved14.xlsx,34,6,False,DATA,16003167
1,БАЛАНС ОРГАНИЗАЦИЙ,T23_000000_t01Ved14.xlsx,34,7,False,DATA,23950181
1,БАЛАНС ОРГАНИЗАЦИЙ,T23_000000_t01Ved14.xlsx,34,8,False,DATA,23950181
1,БАЛАНС ОРГАНИЗАЦИЙ,T23_000000_t01Ved14.xlsx,34,9,False,DATA,5439726
1,БАЛАНС ОРГАНИЗАЦИЙ,T23_000000_t01Ved14.xlsx,34,10,False,DATA,5439726
1,БАЛАНС ОРГАНИЗАЦИЙ,T23_000000_t01Ved14.xlsx,34,11,False,DATA,7354191
1,БАЛАНС ОРГАНИЗАЦИЙ,T23_000000_t01Ved14.xlsx,35,0,False,OKVED_CODE,"Деятельность гостиниц 
и предприятий общественного питания"
1,БАЛАНС ОРГАНИЗАЦИЙ,T23_000000_t01Ved14.xlsx,35,1,False,OKVED_NAME,7789542
1,БАЛАНС ОРГАНИЗАЦИЙ,T23_000000_t01Ved14.xlsx,35,2,False,DATA,9562876
1,БАЛАНС ОРГАНИЗАЦИЙ,T23_000000_t01Ved14.xlsx,35,3,False,DATA,9562876
1,БАЛАНС ОРГАНИЗАЦИЙ,T23_000000_t01Ved14.xlsx,35,4,False,DATA,9562876
1,БАЛАНС ОРГАНИЗАЦИЙ,T23_000000_t01Ved14.xlsx,35,5,False,DATA,6183618
1,БАЛАНС ОРГАНИЗАЦИЙ,T23_000000_t01Ved14.xlsx,35,6,False,DATA,6183618
1,БАЛАНС ОРГАНИЗАЦИЙ,T23_000000_t01Ved14.xlsx,35,7,False,DATA,7949580
1,БАЛАНС ОРГАНИЗАЦИЙ,T23_000000_t01Ved14.xlsx,35,8,False,DATA,7949580
1,БАЛАНС ОРГАНИЗАЦИЙ,T23_000000_t01Ved14.xlsx,35,9,False,DATA,1605924
1,БАЛАНС ОРГАНИЗАЦИЙ,T23_000000_t01Ved14.xlsx,35,10,False,DATA,1605924
1,БАЛАНС ОРГАНИЗАЦИЙ,T23_000000_t01Ved14.xlsx,35,11,False,DATA,1613296
1,БАЛАНС ОРГАНИЗАЦИЙ,T23_000000_t01Ved14.xlsx,36,0,False,OKVED_CODE,
1,БАЛАНС ОРГАНИЗАЦИЙ,T23_000000_t01Ved14.xlsx,36,1,False,OKVED_NAME,
1,БАЛАНС ОРГАНИЗАЦИЙ,T23_000000_t01Ved14.xlsx,36,2,False,EMPTY,
1,БАЛАНС ОРГАНИЗАЦИЙ,T23_000000_t01Ved14.xlsx,36,3,False,EMPTY,
1,БАЛАНС ОРГАНИЗАЦИЙ,T23_000000_t01Ved14.xlsx,36,4,False,EMPTY,
1,БАЛАНС ОРГАНИЗАЦИЙ,T23_000000_t01Ved14.xlsx,36,5,False,EMPTY,
1,БАЛАНС ОРГАНИЗАЦИЙ,T23_000000_t01Ved14.xlsx,36,6,False,EMPTY,
1,БАЛАНС ОРГАНИЗАЦИЙ,T23_000000_t01Ved14.xlsx,36,7,False,EMPTY,
1,БАЛАНС ОРГАНИЗАЦИЙ,T23_000000_t01Ved14.xlsx,36,8,False,DATA,Продолжение таблицы 1.
1,БАЛАНС ОРГАНИЗАЦИЙ,T23_000000_t01Ved14.xlsx,36,9,False,DATA,Продолжение таблицы 1.
1,БАЛАНС ОРГАНИЗАЦИЙ,T23_000000_t01Ved14.xlsx,36,10,False,DATA,Продолжение таблицы 1.
1,БАЛАНС ОРГАНИЗАЦИЙ,T23_000000_t01Ved14.xlsx,36,11,False,DATA,Продолжение таблицы 1.
1,БАЛАНС ОРГАНИЗАЦИЙ,T23_000000_t01Ved14.xlsx,37,0,False,OKVED_CODE,
1,БАЛАНС ОРГАНИЗАЦИЙ,T23_000000_t01Ved14.xlsx,37,1,False,OKVED_NAME,Валюта баланса
1,БАЛАНС ОРГАНИЗАЦИЙ,T23_000000_t01Ved14.xlsx,37,2,False,DATA,Валюта баланса
1,БАЛАНС ОРГАНИЗАЦИЙ,T23_000000_t01Ved14.xlsx,37,3,False,DATA,Валюта баланса
1,БАЛАНС ОРГАНИЗАЦИЙ,T23_000000_t01Ved14.xlsx,37,4,False,DATA,Валюта баланса
1,БАЛАНС ОРГАНИЗАЦИЙ,T23_000000_t01Ved14.xlsx,37,5,False,DATA,Внеоборотные активы
1,БАЛАНС ОРГАНИЗАЦИЙ,T23_000000_t01Ved14.xlsx,37,6,False,DATA,Внеоборотные активы
1,БАЛАНС ОРГАНИЗАЦИЙ,T23_000000_t01Ved14.xlsx,37,7,False,DATA,Внеоборотные активы
1,БАЛАНС ОРГАНИЗАЦИЙ,T23_000000_t01Ved14.xlsx,37,8,False,DATA,Внеоборотные активы
1,БАЛАНС ОРГАНИЗАЦИЙ,T23_000000_t01Ved14.xlsx,37,9,False,DATA,Оборотные активы
1,БАЛАНС ОРГАНИЗАЦИЙ,T23_000000_t01Ved14.xlsx,37,10,False,DATA,Оборотные активы
1,БАЛАНС ОРГАНИЗАЦИЙ,T23_000000_t01Ved14.xlsx,37,11,False,DATA,Оборотные активы
1,БАЛАНС ОРГАНИЗАЦИЙ,T23_000000_t01Ved14.xlsx,38,0,False,OKVED_CODE,
1,БАЛАНС ОРГАНИЗАЦИЙ,T23_000000_t01Ved14.xlsx,38,1,False,OKVED_NAME,2022
1,БАЛАНС ОРГАНИЗАЦИЙ,T23_000000_t01Ved14.xlsx,38,2,False,DATA,2023
1,БАЛАНС ОРГАНИЗАЦИЙ,T23_000000_t01Ved14.xlsx,38,3,False,DATA,2023
1,БАЛАНС ОРГАНИЗАЦИЙ,T23_000000_t01Ved14.xlsx,38,4,False,DATA,2023
1,БАЛАНС ОРГАНИЗАЦИЙ,T23_000000_t01Ved14.xlsx,38,5,False,DATA,2022
1,БАЛАНС ОРГАНИЗАЦИЙ,T23_000000_t01Ved14.xlsx,38,6,False,DATA,2022
1,БАЛАНС ОРГАНИЗАЦИЙ,T23_000000_t01Ved14.xlsx,38,7,False,EMPTY,
1,БАЛАНС ОРГАНИЗАЦИЙ,T23_000000_t01Ved14.xlsx,38,8,False,EMPTY,
1,БАЛАНС ОРГАНИЗАЦИЙ,T23_000000_t01Ved14.xlsx,38,9,False,DATA,2022
1,БАЛАНС ОРГАНИЗАЦИЙ,T23_000000_t01Ved14.xlsx,38,10,False,DATA,2022
1,БАЛАНС ОРГАНИЗАЦИЙ,T23_000000_t01Ved14.xlsx,38,11,False,DATA,2023
1,БАЛАНС ОРГАНИЗАЦИЙ,T23_000000_t01Ved14.xlsx,39,0,False,OKVED_CODE,деятельность по предоставлению мест для временного проживания
1,БАЛАНС ОРГАНИЗАЦИЙ,T23_000000_t01Ved14.xlsx,39,1,False,OKVED_NAME,7789542
1,БАЛАНС ОРГАНИЗАЦИЙ,T23_000000_t01Ved14.xlsx,39,2,False,DATA,9562876
1,БАЛАНС ОРГАНИЗАЦИЙ,T23_000000_t01Ved14.xlsx,39,3,False,DATA,9562876
1,БАЛАНС ОРГАНИЗАЦИЙ,T23_000000_t01Ved14.xlsx,39,4,False,DATA,9562876
1,БАЛАНС ОРГАНИЗАЦИЙ,T23_000000_t01Ved14.xlsx,39,5,False,DATA,6183618
1,БАЛАНС ОРГАНИЗАЦИЙ,T23_000000_t01Ved14.xlsx,39,6,False,DATA,6183618
1,БАЛАНС ОРГАНИЗАЦИЙ,T23_000000_t01Ved14.xlsx,39,7,False,DATA,7949580
1,БАЛАНС ОРГАНИЗАЦИЙ,T23_000000_t01Ved14.xlsx,39,8,False,DATA,7949580
1,БАЛАНС ОРГАНИЗАЦИЙ,T23_000000_t01Ved14.xlsx,39,9,False,DATA,1605924
1,БАЛАНС ОРГАНИЗАЦИЙ,T23_000000_t01Ved14.xlsx,39,10,False,DATA,1605924
1,БАЛАНС ОРГАНИЗАЦИЙ,T23_000000_t01Ved14.xlsx,39,11,False,DATA,1613296
1,БАЛАНС ОРГАНИЗАЦИЙ,T23_000000_t01Ved14.xlsx,40,0,False,OKVED_CODE,Деятельность в области информации и связи
1,БАЛАНС ОРГАНИЗАЦИЙ,T23_000000_t01Ved14.xlsx,40,1,False,OKVED_NAME,3979
1,БАЛАНС ОРГАНИЗАЦИЙ,T23_000000_t01Ved14.xlsx,40,2,False,DATA,1210
1,БАЛАНС ОРГАНИЗАЦИЙ,T23_000000_t01Ved14.xlsx,40,3,False,DATA,1210
1,БАЛАНС ОРГАНИЗАЦИЙ,T23_000000_t01Ved14.xlsx,40,4,False,DATA,1210
1,БАЛАНС ОРГАНИЗАЦИЙ,T23_000000_t01Ved14.xlsx,40,5,False,DATA,453
1,БАЛАНС ОРГАНИЗАЦИЙ,T23_000000_t01Ved14.xlsx,40,6,False,DATA,453
1,БАЛАНС ОРГАНИЗАЦИЙ,T23_000000_t01Ved14.xlsx,40,7,False,DATA,429
1,БАЛАНС ОРГАНИЗАЦИЙ,T23_000000_t01Ved14.xlsx,40,8,False,DATA,429
1,БАЛАНС ОРГАНИЗАЦИЙ,T23_000000_t01Ved14.xlsx,40,9,False,DATA,3526
1,БАЛАНС ОРГАНИЗАЦИЙ,T23_000000_t01Ved14.xlsx,40,10,False,DATA,3526
1,БАЛАНС ОРГАНИЗАЦИЙ,T23_000000_t01Ved14.xlsx,40,11,False,DATA,781
1,БАЛАНС ОРГАНИЗАЦИЙ,T23_000000_t01Ved14.xlsx,41,0,False,OKVED_CODE,деятельность в области информационных технологий
1,БАЛАНС ОРГАНИЗАЦИЙ,T23_000000_t01Ved14.xlsx,41,1,False,OKVED_NAME,3979
1,БАЛАНС ОРГАНИЗАЦИЙ,T23_000000_t01Ved14.xlsx,41,2,False,DATA,1210
1,БАЛАНС ОРГАНИЗАЦИЙ,T23_000000_t01Ved14.xlsx,41,3,False,DATA,1210
1,БАЛАНС ОРГАНИЗАЦИЙ,T23_000000_t01Ved14.xlsx,41,4,False,DATA,1210
1,БАЛАНС ОРГАНИЗАЦИЙ,T23_000000_t01Ved14.xlsx,41,5,False,DATA,453
1,БАЛАНС ОРГАНИЗАЦИЙ,T23_000000_t01Ved14.xlsx,41,6,False,DATA,453
1,БАЛАНС ОРГАНИЗАЦИЙ,T23_000000_t01Ved14.xlsx,41,7,False,DATA,429
1,БАЛАНС ОРГАНИЗАЦИЙ,T23_000000_t01Ved14.xlsx,41,8,False,DATA,429
1,БАЛАНС ОРГАНИЗАЦИЙ,T23_000000_t01Ved14.xlsx,41,9,False,DATA,3526
1,БАЛАНС ОРГАНИЗАЦИЙ,T23_000000_t01Ved14.xlsx,41,10,False,DATA,3526
1,БАЛАНС ОРГАНИЗАЦИЙ,T23_000000_t01Ved14.xlsx,41,11,False,DATA,781
1,БАЛАНС ОРГАНИЗАЦИЙ,T23_000000_t01Ved14.xlsx,42,0,False,OKVED_CODE,"Деятельность финансовая 
и страховая"
1,БАЛАНС ОРГАНИЗАЦИЙ,T23_000000_t01Ved14.xlsx,42,1,False,OKVED_NAME,12859150
1,БАЛАНС ОРГАНИЗАЦИЙ,T23_000000_t01Ved14.xlsx,42,2,False,DATA,10408606
1,БАЛАНС ОРГАНИЗАЦИЙ,T23_000000_t01Ved14.xlsx,42,3,False,DATA,10408606
1,БАЛАНС ОРГАНИЗАЦИЙ,T23_000000_t01Ved14.xlsx,42,4,False,DATA,10408606
1,БАЛАНС ОРГАНИЗАЦИЙ,T23_000000_t01Ved14.xlsx,42,5,False,DATA,8492636
1,БАЛАНС ОРГАНИЗАЦИЙ,T23_000000_t01Ved14.xlsx,42,6,False,DATA,8492636
1,БАЛАНС ОРГАНИЗАЦИЙ,T23_000000_t01Ved14.xlsx,42,7,False,DATA,6460291
1,БАЛАНС ОРГАНИЗАЦИЙ,T23_000000_t01Ved14.xlsx,42,8,False,DATA,6460291
1,БАЛАНС ОРГАНИЗАЦИЙ,T23_000000_t01Ved14.xlsx,42,9,False,DATA,4366514
1,БАЛАНС ОРГАНИЗАЦИЙ,T23_000000_t01Ved14.xlsx,42,10,False,DATA,4366514
1,БАЛАНС ОРГАНИЗАЦИЙ,T23_000000_t01Ved14.xlsx,42,11,False,DATA,3948315
1,БАЛАНС ОРГАНИЗАЦИЙ,T23_000000_t01Ved14.xlsx,43,0,False,OKVED_CODE,"деятельность по предоставлению финансовых услуг, кроме услуг
по страхованию и пенсионному обеспечени"
1,БАЛАНС ОРГАНИЗАЦИЙ,T23_000000_t01Ved14.xlsx,43,1,False,OKVED_NAME,12859150
1,БАЛАНС ОРГАНИЗАЦИЙ,T23_000000_t01Ved14.xlsx,43,2,False,DATA,10408606
1,БАЛАНС ОРГАНИЗАЦИЙ,T23_000000_t01Ved14.xlsx,43,3,False,DATA,10408606
1,БАЛАНС ОРГАНИЗАЦИЙ,T23_000000_t01Ved14.xlsx,43,4,False,DATA,10408606
1,БАЛАНС ОРГАНИЗАЦИЙ,T23_000000_t01Ved14.xlsx,43,5,False,DATA,8492636
1,БАЛАНС ОРГАНИЗАЦИЙ,T23_000000_t01Ved14.xlsx,43,6,False,DATA,8492636
1,БАЛАНС ОРГАНИЗАЦИЙ,T23_000000_t01Ved14.xlsx,43,7,False,DATA,6460291
1,БАЛАНС ОРГАНИЗАЦИЙ,T23_000000_t01Ved14.xlsx,43,8,False,DATA,6460291
1,БАЛАНС ОРГАНИЗАЦИЙ,T23_000000_t01Ved14.xlsx,43,9,False,DATA,4366514
1,БАЛАНС ОРГАНИЗАЦИЙ,T23_000000_t01Ved14.xlsx,43,10,False,DATA,4366514
1,БАЛАНС ОРГАНИЗАЦИЙ,T23_000000_t01Ved14.xlsx,43,11,False,DATA,3948315
1,БАЛАНС ОРГАНИЗАЦИЙ,T23_000000_t01Ved14.xlsx,44,0,False,OKVED_CODE,"Деятельность по операциям 
с недвижимым имуществом"
1,БАЛАНС ОРГАНИЗАЦИЙ,T23_000000_t01Ved14.xlsx,44,1,False,OKVED_NAME,5209633
1,БАЛАНС ОРГАНИЗАЦИЙ,T23_000000_t01Ved14.xlsx,44,2,False,DATA,6957469
1,БАЛАНС ОРГАНИЗАЦИЙ,T23_000000_t01Ved14.xlsx,44,3,False,DATA,6957469
1,БАЛАНС ОРГАНИЗАЦИЙ,T23_000000_t01Ved14.xlsx,44,4,False,DATA,6957469
1,БАЛАНС ОРГАНИЗАЦИЙ,T23_000000_t01Ved14.xlsx,44,5,False,DATA,4240162
1,БАЛАНС ОРГАНИЗАЦИЙ,T23_000000_t01Ved14.xlsx,44,6,False,DATA,4240162
1,БАЛАНС ОРГАНИЗАЦИЙ,T23_000000_t01Ved14.xlsx,44,7,False,DATA,5780604
1,БАЛАНС ОРГАНИЗАЦИЙ,T23_000000_t01Ved14.xlsx,44,8,False,DATA,5780604
1,БАЛАНС ОРГАНИЗАЦИЙ,T23_000000_t01Ved14.xlsx,44,9,False,DATA,969471
1,БАЛАНС ОРГАНИЗАЦИЙ,T23_000000_t01Ved14.xlsx,44,10,False,DATA,969471
1,БАЛАНС ОРГАНИЗАЦИЙ,T23_000000_t01Ved14.xlsx,44,11,False,DATA,1176865
1,БАЛАНС ОРГАНИЗАЦИЙ,T23_000000_t01Ved14.xlsx,45,0,False,OKVED_CODE,операции с недвижимым имуществом
1,БАЛАНС ОРГАНИЗАЦИЙ,T23_000000_t01Ved14.xlsx,45,1,False,OKVED_NAME,5209633
1,БАЛАНС ОРГАНИЗАЦИЙ,T23_000000_t01Ved14.xlsx,45,2,False,DATA,6957469
1,БАЛАНС ОРГАНИЗАЦИЙ,T23_000000_t01Ved14.xlsx,45,3,False,DATA,6957469
1,БАЛАНС ОРГАНИЗАЦИЙ,T23_000000_t01Ved14.xlsx,45,4,False,DATA,6957469
1,БАЛАНС ОРГАНИЗАЦИЙ,T23_000000_t01Ved14.xlsx,45,5,False,DATA,4240162
1,БАЛАНС ОРГАНИЗАЦИЙ,T23_000000_t01Ved14.xlsx,45,6,False,DATA,4240162
1,БАЛАНС ОРГАНИЗАЦИЙ,T23_000000_t01Ved14.xlsx,45,7,False,DATA,5780604
1,БАЛАНС ОРГАНИЗАЦИЙ,T23_000000_t01Ved14.xlsx,45,8,False,DATA,5780604
1,БАЛАНС ОРГАНИЗАЦИЙ,T23_000000_t01Ved14.xlsx,45,9,False,DATA,969471
1,БАЛАНС ОРГАНИЗАЦИЙ,T23_000000_t01Ved14.xlsx,45,10,False,DATA,969471
1,БАЛАНС ОРГАНИЗАЦИЙ,T23_000000_t01Ved14.xlsx,45,11,False,DATA,1176865
1,БАЛАНС ОРГАНИЗАЦИЙ,T23_000000_t01Ved14.xlsx,46,0,False,OKVED_CODE,"Деятельность профессиональная, научная и техническая"
1,БАЛАНС ОРГАНИЗАЦИЙ,T23_000000_t01Ved14.xlsx,46,1,False,OKVED_NAME,6879291
1,БАЛАНС ОРГАНИЗАЦИЙ,T23_000000_t01Ved14.xlsx,46,2,False,DATA,9493877
1,БАЛАНС ОРГАНИЗАЦИЙ,T23_000000_t01Ved14.xlsx,46,3,False,DATA,9493877
1,БАЛАНС ОРГАНИЗАЦИЙ,T23_000000_t01Ved14.xlsx,46,4,False,DATA,9493877
1,БАЛАНС ОРГАНИЗАЦИЙ,T23_000000_t01Ved14.xlsx,46,5,False,DATA,2913810
1,БАЛАНС ОРГАНИЗАЦИЙ,T23_000000_t01Ved14.xlsx,46,6,False,DATA,2913810
1,БАЛАНС ОРГАНИЗАЦИЙ,T23_000000_t01Ved14.xlsx,46,7,False,DATA,3957110
1,БАЛАНС ОРГАНИЗАЦИЙ,T23_000000_t01Ved14.xlsx,46,8,False,DATA,3957110
1,БАЛАНС ОРГАНИЗАЦИЙ,T23_000000_t01Ved14.xlsx,46,9,False,DATA,3965481
1,БАЛАНС ОРГАНИЗАЦИЙ,T23_000000_t01Ved14.xlsx,46,10,False,DATA,3965481
1,БАЛАНС ОРГАНИЗАЦИЙ,T23_000000_t01Ved14.xlsx,46,11,False,DATA,5536767
1,БАЛАНС ОРГАНИЗАЦИЙ,T23_000000_t01Ved14.xlsx,47,0,False,OKVED_CODE,"деятельность в области права
и бухгалтерского учета"
1,БАЛАНС ОРГАНИЗАЦИЙ,T23_000000_t01Ved14.xlsx,47,1,False,OKVED_NAME,124258
1,БАЛАНС ОРГАНИЗАЦИЙ,T23_000000_t01Ved14.xlsx,47,2,False,DATA,74523
1,БАЛАНС ОРГАНИЗАЦИЙ,T23_000000_t01Ved14.xlsx,47,3,False,DATA,74523
1,БАЛАНС ОРГАНИЗАЦИЙ,T23_000000_t01Ved14.xlsx,47,4,False,DATA,74523
1,БАЛАНС ОРГАНИЗАЦИЙ,T23_000000_t01Ved14.xlsx,47,5,False,DATA,67236
1,БАЛАНС ОРГАНИЗАЦИЙ,T23_000000_t01Ved14.xlsx,47,6,False,DATA,67236
1,БАЛАНС ОРГАНИЗАЦИЙ,T23_000000_t01Ved14.xlsx,47,7,False,DATA,67773
1,БАЛАНС ОРГАНИЗАЦИЙ,T23_000000_t01Ved14.xlsx,47,8,False,DATA,67773
1,БАЛАНС ОРГАНИЗАЦИЙ,T23_000000_t01Ved14.xlsx,47,9,False,DATA,57022
1,БАЛАНС ОРГАНИЗАЦИЙ,T23_000000_t01Ved14.xlsx,47,10,False,DATA,57022
1,БАЛАНС ОРГАНИЗАЦИЙ,T23_000000_t01Ved14.xlsx,47,11,False,DATA,6750
1,БАЛАНС ОРГАНИЗАЦИЙ,T23_000000_t01Ved14.xlsx,48,0,False,OKVED_CODE,деятельность головных офисов; консультирование по вопросам управления
1,БАЛАНС ОРГАНИЗАЦИЙ,T23_000000_t01Ved14.xlsx,48,1,False,OKVED_NAME,4712556
1,БАЛАНС ОРГАНИЗАЦИЙ,T23_000000_t01Ved14.xlsx,48,2,False,DATA,6704625
1,БАЛАНС ОРГАНИЗАЦИЙ,T23_000000_t01Ved14.xlsx,48,3,False,DATA,6704625
1,БАЛАНС ОРГАНИЗАЦИЙ,T23_000000_t01Ved14.xlsx,48,4,False,DATA,6704625
1,БАЛАНС ОРГАНИЗАЦИЙ,T23_000000_t01Ved14.xlsx,48,5,False,DATA,1161133
1,БАЛАНС ОРГАНИЗАЦИЙ,T23_000000_t01Ved14.xlsx,48,6,False,DATA,1161133
1,БАЛАНС ОРГАНИЗАЦИЙ,T23_000000_t01Ved14.xlsx,48,7,False,DATA,1791332
1,БАЛАНС ОРГАНИЗАЦИЙ,T23_000000_t01Ved14.xlsx,48,8,False,DATA,1791332
1,БАЛАНС ОРГАНИЗАЦИЙ,T23_000000_t01Ved14.xlsx,48,9,False,DATA,3551423
1,БАЛАНС ОРГАНИЗАЦИЙ,T23_000000_t01Ved14.xlsx,48,10,False,DATA,3551423
1,БАЛАНС ОРГАНИЗАЦИЙ,T23_000000_t01Ved14.xlsx,48,11,False,DATA,4913293
1,БАЛАНС ОРГАНИЗАЦИЙ,T23_000000_t01Ved14.xlsx,49,0,False,OKVED_CODE,"деятельность в области архитектуры и инженерно-технического проектирования; технических испытаний, и"
1,БАЛАНС ОРГАНИЗАЦИЙ,T23_000000_t01Ved14.xlsx,49,1,False,OKVED_NAME,2034973
1,БАЛАНС ОРГАНИЗАЦИЙ,T23_000000_t01Ved14.xlsx,49,2,False,DATA,2709154
1,БАЛАНС ОРГАНИЗАЦИЙ,T23_000000_t01Ved14.xlsx,49,3,False,DATA,2709154
1,БАЛАНС ОРГАНИЗАЦИЙ,T23_000000_t01Ved14.xlsx,49,4,False,DATA,2709154
1,БАЛАНС ОРГАНИЗАЦИЙ,T23_000000_t01Ved14.xlsx,49,5,False,DATA,1679298
1,БАЛАНС ОРГАНИЗАЦИЙ,T23_000000_t01Ved14.xlsx,49,6,False,DATA,1679298
1,БАЛАНС ОРГАНИЗАЦИЙ,T23_000000_t01Ved14.xlsx,49,7,False,DATA,2093284
1,БАЛАНС ОРГАНИЗАЦИЙ,T23_000000_t01Ved14.xlsx,49,8,False,DATA,2093284
1,БАЛАНС ОРГАНИЗАЦИЙ,T23_000000_t01Ved14.xlsx,49,9,False,DATA,355675
1,БАЛАНС ОРГАНИЗАЦИЙ,T23_000000_t01Ved14.xlsx,49,10,False,DATA,355675
1,БАЛАНС ОРГАНИЗАЦИЙ,T23_000000_t01Ved14.xlsx,49,11,False,DATA,615870
1,БАЛАНС ОРГАНИЗАЦИЙ,T23_000000_t01Ved14.xlsx,50,0,False,OKVED_CODE,деятельность профессиональная научная и техническая прочая
1,БАЛАНС ОРГАНИЗАЦИЙ,T23_000000_t01Ved14.xlsx,50,1,False,OKVED_NAME,7504
1,БАЛАНС ОРГАНИЗАЦИЙ,T23_000000_t01Ved14.xlsx,50,2,False,DATA,5575
1,БАЛАНС ОРГАНИЗАЦИЙ,T23_000000_t01Ved14.xlsx,50,3,False,DATA,5575
1,БАЛАНС ОРГАНИЗАЦИЙ,T23_000000_t01Ved14.xlsx,50,4,False,DATA,5575
1,БАЛАНС ОРГАНИЗАЦИЙ,T23_000000_t01Ved14.xlsx,50,5,False,DATA,6143
1,БАЛАНС ОРГАНИЗАЦИЙ,T23_000000_t01Ved14.xlsx,50,6,False,DATA,6143
1,БАЛАНС ОРГАНИЗАЦИЙ,T23_000000_t01Ved14.xlsx,50,7,False,DATA,4721
1,БАЛАНС ОРГАНИЗАЦИЙ,T23_000000_t01Ved14.xlsx,50,8,False,DATA,4721
1,БАЛАНС ОРГАНИЗАЦИЙ,T23_000000_t01Ved14.xlsx,50,9,False,DATA,1361
1,БАЛАНС ОРГАНИЗАЦИЙ,T23_000000_t01Ved14.xlsx,50,10,False,DATA,1361
1,БАЛАНС ОРГАНИЗАЦИЙ,T23_000000_t01Ved14.xlsx,50,11,False,DATA,854
1,БАЛАНС ОРГАНИЗАЦИЙ,T23_000000_t01Ved14.xlsx,51,0,False,OKVED_CODE,
1,БАЛАНС ОРГАНИЗАЦИЙ,T23_000000_t01Ved14.xlsx,51,1,False,OKVED_NAME,
1,БАЛАНС ОРГАНИЗАЦИЙ,T23_000000_t01Ved14.xlsx,51,2,False,EMPTY,
1,БАЛАНС ОРГАНИЗАЦИЙ,T23_000000_t01Ved14.xlsx,51,3,False,EMPTY,
1,БАЛАНС ОРГАНИЗАЦИЙ,T23_000000_t01Ved14.xlsx,51,4,False,EMPTY,
1,БАЛАНС ОРГАНИЗАЦИЙ,T23_000000_t01Ved14.xlsx,51,5,False,EMPTY,
1,БАЛАНС ОРГАНИЗАЦИЙ,T23_000000_t01Ved14.xlsx,51,6,False,EMPTY,
1,БАЛАНС ОРГАНИЗАЦИЙ,T23_000000_t01Ved14.xlsx,51,7,False,EMPTY,
1,БАЛАНС ОРГАНИЗАЦИЙ,T23_000000_t01Ved14.xlsx,51,8,False,EMPTY,
1,БАЛАНС ОРГАНИЗАЦИЙ,T23_000000_t01Ved14.xlsx,51,9,False,EMPTY,
1,БАЛАНС ОРГАНИЗАЦИЙ,T23_000000_t01Ved14.xlsx,51,10,False,EMPTY,
1,БАЛАНС ОРГАНИЗАЦИЙ,T23_000000_t01Ved14.xlsx,51,11,False,EMPTY,
1,БАЛАНС ОРГАНИЗАЦИЙ,T23_000000_t01Ved14.xlsx,52,0,False,OKVED_CODE,
1,БАЛАНС ОРГАНИЗАЦИЙ,T23_000000_t01Ved14.xlsx,52,1,False,OKVED_NAME,
1,БАЛАНС ОРГАНИЗАЦИЙ,T23_000000_t01Ved14.xlsx,52,2,False,EMPTY,
1,БАЛАНС ОРГАНИЗАЦИЙ,T23_000000_t01Ved14.xlsx,52,3,False,EMPTY,
1,БАЛАНС ОРГАНИЗАЦИЙ,T23_000000_t01Ved14.xlsx,52,4,False,EMPTY,
1,БАЛАНС ОРГАНИЗАЦИЙ,T23_000000_t01Ved14.xlsx,52,5,False,EMPTY,
1,БАЛАНС ОРГАНИЗАЦИЙ,T23_000000_t01Ved14.xlsx,52,6,False,EMPTY,
1,БАЛАНС ОРГАНИЗАЦИЙ,T23_000000_t01Ved14.xlsx,52,7,False,EMPTY,
1,БАЛАНС ОРГАНИЗАЦИЙ,T23_000000_t01Ved14.xlsx,52,8,False,EMPTY,
1,БАЛАНС ОРГАНИЗАЦИЙ,T23_000000_t01Ved14.xlsx,52,9,False,EMPTY,
1,БАЛАНС ОРГАНИЗАЦИЙ,T23_000000_t01Ved14.xlsx,52,10,False,EMPTY,
1,БАЛАНС ОРГАНИЗАЦИЙ,T23_000000_t01Ved14.xlsx,52,11,False,EMPTY,
1,БАЛАНС ОРГАНИЗАЦИЙ,T23_000000_t01Ved14.xlsx,53,0,False,OKVED_CODE,
1,БАЛАНС ОРГАНИЗАЦИЙ,T23_000000_t01Ved14.xlsx,53,1,False,OKVED_NAME,
1,БАЛАНС ОРГАНИЗАЦИЙ,T23_000000_t01Ved14.xlsx,53,2,False,EMPTY,
1,БАЛАНС ОРГАНИЗАЦИЙ,T23_000000_t01Ved14.xlsx,53,3,False,EMPTY,
1,БАЛАНС ОРГАНИЗАЦИЙ,T23_000000_t01Ved14.xlsx,53,4,False,EMPTY,
1,БАЛАНС ОРГАНИЗАЦИЙ,T23_000000_t01Ved14.xlsx,53,5,False,EMPTY,
1,БАЛАНС ОРГАНИЗАЦИЙ,T23_000000_t01Ved14.xlsx,53,6,False,EMPTY,
1,БАЛАНС ОРГАНИЗАЦИЙ,T23_000000_t01Ved14.xlsx,53,7,False,EMPTY,
1,БАЛАНС ОРГАНИЗАЦИЙ,T23_000000_t01Ved14.xlsx,53,8,False,DATA,Продолжение таблицы 1.
1,БАЛАНС ОРГАНИЗАЦИЙ,T23_000000_t01Ved14.xlsx,53,9,False,DATA,Продолжение таблицы 1.
1,БАЛАНС ОРГАНИЗАЦИЙ,T23_000000_t01Ved14.xlsx,53,10,False,DATA,Продолжение таблицы 1.
1,БАЛАНС ОРГАНИЗАЦИЙ,T23_000000_t01Ved14.xlsx,53,11,False,DATA,Продолжение таблицы 1.
1,БАЛАНС ОРГАНИЗАЦИЙ,T23_000000_t01Ved14.xlsx,54,0,False,OKVED_CODE,
1,БАЛАНС ОРГАНИЗАЦИЙ,T23_000000_t01Ved14.xlsx,54,1,False,OKVED_NAME,Валюта баланса
1,БАЛАНС ОРГАНИЗАЦИЙ,T23_000000_t01Ved14.xlsx,54,2,False,DATA,Валюта баланса
1,БАЛАНС ОРГАНИЗАЦИЙ,T23_000000_t01Ved14.xlsx,54,3,False,DATA,Валюта баланса
1,БАЛАНС ОРГАНИЗАЦИЙ,T23_000000_t01Ved14.xlsx,54,4,False,DATA,Валюта баланса
1,БАЛАНС ОРГАНИЗАЦИЙ,T23_000000_t01Ved14.xlsx,54,5,False,DATA,Внеоборотные активы
1,БАЛАНС ОРГАНИЗАЦИЙ,T23_000000_t01Ved14.xlsx,54,6,False,DATA,Внеоборотные активы
1,БАЛАНС ОРГАНИЗАЦИЙ,T23_000000_t01Ved14.xlsx,54,7,False,DATA,Внеоборотные активы
1,БАЛАНС ОРГАНИЗАЦИЙ,T23_000000_t01Ved14.xlsx,54,8,False,DATA,Внеоборотные активы
1,БАЛАНС ОРГАНИЗАЦИЙ,T23_000000_t01Ved14.xlsx,54,9,False,DATA,Оборотные активы
1,БАЛАНС ОРГАНИЗАЦИЙ,T23_000000_t01Ved14.xlsx,54,10,False,DATA,Оборотные активы
1,БАЛАНС ОРГАНИЗАЦИЙ,T23_000000_t01Ved14.xlsx,54,11,False,DATA,Оборотные активы
1,БАЛАНС ОРГАНИЗАЦИЙ,T23_000000_t01Ved14.xlsx,55,0,False,OKVED_CODE,
1,БАЛАНС ОРГАНИЗАЦИЙ,T23_000000_t01Ved14.xlsx,55,1,False,OKVED_NAME,2022
1,БАЛАНС ОРГАНИЗАЦИЙ,T23_000000_t01Ved14.xlsx,55,2,False,DATA,2023
1,БАЛАНС ОРГАНИЗАЦИЙ,T23_000000_t01Ved14.xlsx,55,3,False,DATA,2023
1,БАЛАНС ОРГАНИЗАЦИЙ,T23_000000_t01Ved14.xlsx,55,4,False,DATA,2023
1,БАЛАНС ОРГАНИЗАЦИЙ,T23_000000_t01Ved14.xlsx,55,5,False,DATA,2022
1,БАЛАНС ОРГАНИЗАЦИЙ,T23_000000_t01Ved14.xlsx,55,6,False,DATA,2022
1,БАЛАНС ОРГАНИЗАЦИЙ,T23_000000_t01Ved14.xlsx,55,7,False,DATA,2023
1,БАЛАНС ОРГАНИЗАЦИЙ,T23_000000_t01Ved14.xlsx,55,8,False,DATA,2023
1,БАЛАНС ОРГАНИЗАЦИЙ,T23_000000_t01Ved14.xlsx,55,9,False,DATA,2022
1,БАЛАНС ОРГАНИЗАЦИЙ,T23_000000_t01Ved14.xlsx,55,10,False,DATA,2022
1,БАЛАНС ОРГАНИЗАЦИЙ,T23_000000_t01Ved14.xlsx,55,11,False,DATA,2023
1,БАЛАНС ОРГАНИЗАЦИЙ,T23_000000_t01Ved14.xlsx,56,0,False,OKVED_CODE,"Деятельность административная
и сопутствующие дополнительные услуги"
1,БАЛАНС ОРГАНИЗАЦИЙ,T23_000000_t01Ved14.xlsx,56,1,False,OKVED_NAME,1719424
1,БАЛАНС ОРГАНИЗАЦИЙ,T23_000000_t01Ved14.xlsx,56,2,False,DATA,1814341
1,БАЛАНС ОРГАНИЗАЦИЙ,T23_000000_t01Ved14.xlsx,56,3,False,DATA,1814341
1,БАЛАНС ОРГАНИЗАЦИЙ,T23_000000_t01Ved14.xlsx,56,4,False,DATA,1814341
1,БАЛАНС ОРГАНИЗАЦИЙ,T23_000000_t01Ved14.xlsx,56,5,False,DATA,1422128
1,БАЛАНС ОРГАНИЗАЦИЙ,T23_000000_t01Ved14.xlsx,56,6,False,DATA,1422128
1,БАЛАНС ОРГАНИЗАЦИЙ,T23_000000_t01Ved14.xlsx,56,7,False,DATA,1552875
1,БАЛАНС ОРГАНИЗАЦИЙ,T23_000000_t01Ved14.xlsx,56,8,False,DATA,1552875
1,БАЛАНС ОРГАНИЗАЦИЙ,T23_000000_t01Ved14.xlsx,56,9,False,DATA,297296
1,БАЛАНС ОРГАНИЗАЦИЙ,T23_000000_t01Ved14.xlsx,56,10,False,DATA,297296
1,БАЛАНС ОРГАНИЗАЦИЙ,T23_000000_t01Ved14.xlsx,56,11,False,DATA,261466
1,БАЛАНС ОРГАНИЗАЦИЙ,T23_000000_t01Ved14.xlsx,57,0,False,OKVED_CODE,аренда и лизинг
1,БАЛАНС ОРГАНИЗАЦИЙ,T23_000000_t01Ved14.xlsx,57,1,False,OKVED_NAME,94402
1,БАЛАНС ОРГАНИЗАЦИЙ,T23_000000_t01Ved14.xlsx,57,2,False,DATA,100104
1,БАЛАНС ОРГАНИЗАЦИЙ,T23_000000_t01Ved14.xlsx,57,3,False,DATA,100104
1,БАЛАНС ОРГАНИЗАЦИЙ,T23_000000_t01Ved14.xlsx,57,4,False,DATA,100104
1,БАЛАНС ОРГАНИЗАЦИЙ,T23_000000_t01Ved14.xlsx,57,5,False,DATA,5172
1,БАЛАНС ОРГАНИЗАЦИЙ,T23_000000_t01Ved14.xlsx,57,6,False,DATA,5172
1,БАЛАНС ОРГАНИЗАЦИЙ,T23_000000_t01Ved14.xlsx,57,7,False,DATA,72772
1,БАЛАНС ОРГАНИЗАЦИЙ,T23_000000_t01Ved14.xlsx,57,8,False,DATA,72772
1,БАЛАНС ОРГАНИЗАЦИЙ,T23_000000_t01Ved14.xlsx,57,9,False,DATA,89230
1,БАЛАНС ОРГАНИЗАЦИЙ,T23_000000_t01Ved14.xlsx,57,10,False,DATA,89230
1,БАЛАНС ОРГАНИЗАЦИЙ,T23_000000_t01Ved14.xlsx,57,11,False,DATA,27332
1,БАЛАНС ОРГАНИЗАЦИЙ,T23_000000_t01Ved14.xlsx,58,0,False,OKVED_CODE,"деятельность туристических агентств и прочих организаций, предоставляющих услуги в сфере туризма"
1,БАЛАНС ОРГАНИЗАЦИЙ,T23_000000_t01Ved14.xlsx,58,1,False,OKVED_NAME,544807
1,БАЛАНС ОРГАНИЗАЦИЙ,T23_000000_t01Ved14.xlsx,58,2,False,DATA,646313
1,БАЛАНС ОРГАНИЗАЦИЙ,T23_000000_t01Ved14.xlsx,58,3,False,DATA,646313
1,БАЛАНС ОРГАНИЗАЦИЙ,T23_000000_t01Ved14.xlsx,58,4,False,DATA,646313
1,БАЛАНС ОРГАНИЗАЦИЙ,T23_000000_t01Ved14.xlsx,58,5,False,DATA,538195
1,БАЛАНС ОРГАНИЗАЦИЙ,T23_000000_t01Ved14.xlsx,58,6,False,DATA,538195
1,БАЛАНС ОРГАНИЗАЦИЙ,T23_000000_t01Ved14.xlsx,58,7,False,DATA,630156
1,БАЛАНС ОРГАНИЗАЦИЙ,T23_000000_t01Ved14.xlsx,58,8,False,DATA,630156
1,БАЛАНС ОРГАНИЗАЦИЙ,T23_000000_t01Ved14.xlsx,58,9,False,DATA,6612
1,БАЛАНС ОРГАНИЗАЦИЙ,T23_000000_t01Ved14.xlsx,58,10,False,DATA,6612
1,БАЛАНС ОРГАНИЗАЦИЙ,T23_000000_t01Ved14.xlsx,58,11,False,DATA,16157
1,БАЛАНС ОРГАНИЗАЦИЙ,T23_000000_t01Ved14.xlsx,59,0,False,OKVED_CODE,деятельность по обслуживанию зданий и территорий
1,БАЛАНС ОРГАНИЗАЦИЙ,T23_000000_t01Ved14.xlsx,59,1,False,OKVED_NAME,1063063
1,БАЛАНС ОРГАНИЗАЦИЙ,T23_000000_t01Ved14.xlsx,59,2,False,DATA,1051681
1,БАЛАНС ОРГАНИЗАЦИЙ,T23_000000_t01Ved14.xlsx,59,3,False,DATA,1051681
1,БАЛАНС ОРГАНИЗАЦИЙ,T23_000000_t01Ved14.xlsx,59,4,False,DATA,1051681
1,БАЛАНС ОРГАНИЗАЦИЙ,T23_000000_t01Ved14.xlsx,59,5,False,DATA,862462
1,БАЛАНС ОРГАНИЗАЦИЙ,T23_000000_t01Ved14.xlsx,59,6,False,DATA,862462
1,БАЛАНС ОРГАНИЗАЦИЙ,T23_000000_t01Ved14.xlsx,59,7,False,DATA,834932
1,БАЛАНС ОРГАНИЗАЦИЙ,T23_000000_t01Ved14.xlsx,59,8,False,DATA,834932
1,БАЛАНС ОРГАНИЗАЦИЙ,T23_000000_t01Ved14.xlsx,59,9,False,DATA,200601
1,БАЛАНС ОРГАНИЗАЦИЙ,T23_000000_t01Ved14.xlsx,59,10,False,DATA,200601
1,БАЛАНС ОРГАНИЗАЦИЙ,T23_000000_t01Ved14.xlsx,59,11,False,DATA,216749
1,БАЛАНС ОРГАНИЗАЦИЙ,T23_000000_t01Ved14.xlsx,60,0,False,OKVED_CODE,"деятельность административно-хозяйственная, вспомогательная деятельность по обеспечению функциониров"
1,БАЛАНС ОРГАНИЗАЦИЙ,T23_000000_t01Ved14.xlsx,60,1,False,OKVED_NAME,17152
1,БАЛАНС ОРГАНИЗАЦИЙ,T23_000000_t01Ved14.xlsx,60,2,False,DATA,16243
1,БАЛАНС ОРГАНИЗАЦИЙ,T23_000000_t01Ved14.xlsx,60,3,False,DATA,16243
1,БАЛАНС ОРГАНИЗАЦИЙ,T23_000000_t01Ved14.xlsx,60,4,False,DATA,16243
1,БАЛАНС ОРГАНИЗАЦИЙ,T23_000000_t01Ved14.xlsx,60,5,False,DATA,16299
1,БАЛАНС ОРГАНИЗАЦИЙ,T23_000000_t01Ved14.xlsx,60,6,False,DATA,16299
1,БАЛАНС ОРГАНИЗАЦИЙ,T23_000000_t01Ved14.xlsx,60,7,False,DATA,15015
1,БАЛАНС ОРГАНИЗАЦИЙ,T23_000000_t01Ved14.xlsx,60,8,False,DATA,15015
1,БАЛАНС ОРГАНИЗАЦИЙ,T23_000000_t01Ved14.xlsx,60,9,False,DATA,853
1,БАЛАНС ОРГАНИЗАЦИЙ,T23_000000_t01Ved14.xlsx,60,10,False,DATA,853
1,БАЛАНС ОРГАНИЗАЦИЙ,T23_000000_t01Ved14.xlsx,60,11,False,DATA,1228
1,БАЛАНС ОРГАНИЗАЦИЙ,T23_000000_t01Ved14.xlsx,61,0,False,OKVED_CODE,"Государственное управление 
и обеспечение военной безопасности; социальное обеспечение"
1,БАЛАНС ОРГАНИЗАЦИЙ,T23_000000_t01Ved14.xlsx,61,1,False,OKVED_NAME,26188
1,БАЛАНС ОРГАНИЗАЦИЙ,T23_000000_t01Ved14.xlsx,61,2,False,DATA,125267
1,БАЛАНС ОРГАНИЗАЦИЙ,T23_000000_t01Ved14.xlsx,61,3,False,DATA,125267
1,БАЛАНС ОРГАНИЗАЦИЙ,T23_000000_t01Ved14.xlsx,61,4,False,DATA,125267
1,БАЛАНС ОРГАНИЗАЦИЙ,T23_000000_t01Ved14.xlsx,61,5,False,DATA,22892
1,БАЛАНС ОРГАНИЗАЦИЙ,T23_000000_t01Ved14.xlsx,61,6,False,DATA,22892
1,БАЛАНС ОРГАНИЗАЦИЙ,T23_000000_t01Ved14.xlsx,61,7,False,DATA,107369
1,БАЛАНС ОРГАНИЗАЦИЙ,T23_000000_t01Ved14.xlsx,61,8,False,DATA,107369
1,БАЛАНС ОРГАНИЗАЦИЙ,T23_000000_t01Ved14.xlsx,61,9,False,DATA,3296
1,БАЛАНС ОРГАНИЗАЦИЙ,T23_000000_t01Ved14.xlsx,61,10,False,DATA,3296
1,БАЛАНС ОРГАНИЗАЦИЙ,T23_000000_t01Ved14.xlsx,61,11,False,DATA,17898
1,БАЛАНС ОРГАНИЗАЦИЙ,T23_000000_t01Ved14.xlsx,62,0,False,OKVED_CODE,"деятельность органов государственного управления 
по обеспечению военной безопасности, обязательному"
1,БАЛАНС ОРГАНИЗАЦИЙ,T23_000000_t01Ved14.xlsx,62,1,False,OKVED_NAME,26188
1,БАЛАНС ОРГАНИЗАЦИЙ,T23_000000_t01Ved14.xlsx,62,2,False,DATA,125267
1,БАЛАНС ОРГАНИЗАЦИЙ,T23_000000_t01Ved14.xlsx,62,3,False,DATA,125267
1,БАЛАНС ОРГАНИЗАЦИЙ,T23_000000_t01Ved14.xlsx,62,4,False,DATA,125267
1,БАЛАНС ОРГАНИЗАЦИЙ,T23_000000_t01Ved14.xlsx,62,5,False,DATA,22892
1,БАЛАНС ОРГАНИЗАЦИЙ,T23_000000_t01Ved14.xlsx,62,6,False,DATA,22892
1,БАЛАНС ОРГАНИЗАЦИЙ,T23_000000_t01Ved14.xlsx,62,7,False,DATA,107369
1,БАЛАНС ОРГАНИЗАЦИЙ,T23_000000_t01Ved14.xlsx,62,8,False,DATA,107369
1,БАЛАНС ОРГАНИЗАЦИЙ,T23_000000_t01Ved14.xlsx,62,9,False,DATA,3296
1,БАЛАНС ОРГАНИЗАЦИЙ,T23_000000_t01Ved14.xlsx,62,10,False,DATA,3296
1,БАЛАНС ОРГАНИЗАЦИЙ,T23_000000_t01Ved14.xlsx,62,11,False,DATA,17898
1,БАЛАНС ОРГАНИЗАЦИЙ,T23_000000_t01Ved14.xlsx,63,0,False,OKVED_CODE,Образование
1,БАЛАНС ОРГАНИЗАЦИЙ,T23_000000_t01Ved14.xlsx,63,1,False,OKVED_NAME,1011
1,БАЛАНС ОРГАНИЗАЦИЙ,T23_000000_t01Ved14.xlsx,63,2,False,DATA,1157
1,БАЛАНС ОРГАНИЗАЦИЙ,T23_000000_t01Ved14.xlsx,63,3,False,DATA,1157
1,БАЛАНС ОРГАНИЗАЦИЙ,T23_000000_t01Ved14.xlsx,63,4,False,DATA,1157
1,БАЛАНС ОРГАНИЗАЦИЙ,T23_000000_t01Ved14.xlsx,63,5,False,DATA,82
1,БАЛАНС ОРГАНИЗАЦИЙ,T23_000000_t01Ved14.xlsx,63,6,False,DATA,82
1,БАЛАНС ОРГАНИЗАЦИЙ,T23_000000_t01Ved14.xlsx,63,7,False,DATA,-
1,БАЛАНС ОРГАНИЗАЦИЙ,T23_000000_t01Ved14.xlsx,63,8,False,DATA,-
1,БАЛАНС ОРГАНИЗАЦИЙ,T23_000000_t01Ved14.xlsx,63,9,False,DATA,929
1,БАЛАНС ОРГАНИЗАЦИЙ,T23_000000_t01Ved14.xlsx,63,10,False,DATA,929
1,БАЛАНС ОРГАНИЗАЦИЙ,T23_000000_t01Ved14.xlsx,63,11,False,DATA,1157
1,БАЛАНС ОРГАНИЗАЦИЙ,T23_000000_t01Ved14.xlsx,64,0,False,OKVED_CODE,образование
1,БАЛАНС ОРГАНИЗАЦИЙ,T23_000000_t01Ved14.xlsx,64,1,False,OKVED_NAME,1011
1,БАЛАНС ОРГАНИЗАЦИЙ,T23_000000_t01Ved14.xlsx,64,2,False,DATA,1157
1,БАЛАНС ОРГАНИЗАЦИЙ,T23_000000_t01Ved14.xlsx,64,3,False,DATA,1157
1,БАЛАНС ОРГАНИЗАЦИЙ,T23_000000_t01Ved14.xlsx,64,4,False,DATA,1157
1,БАЛАНС ОРГАНИЗАЦИЙ,T23_000000_t01Ved14.xlsx,64,5,False,DATA,82
1,БАЛАНС ОРГАНИЗАЦИЙ,T23_000000_t01Ved14.xlsx,64,6,False,DATA,82
1,БАЛАНС ОРГАНИЗАЦИЙ,T23_000000_t01Ved14.xlsx,64,7,False,DATA,-
1,БАЛАНС ОРГАНИЗАЦИЙ,T23_000000_t01Ved14.xlsx,64,8,False,DATA,-
1,БАЛАНС ОРГАНИЗАЦИЙ,T23_000000_t01Ved14.xlsx,64,9,False,DATA,929
1,БАЛАНС ОРГАНИЗАЦИЙ,T23_000000_t01Ved14.xlsx,64,10,False,DATA,929
1,БАЛАНС ОРГАНИЗАЦИЙ,T23_000000_t01Ved14.xlsx,64,11,False,DATA,1157
1,БАЛАНС ОРГАНИЗАЦИЙ,T23_000000_t01Ved14.xlsx,65,0,False,OKVED_CODE,
1,БАЛАНС ОРГАНИЗАЦИЙ,T23_000000_t01Ved14.xlsx,65,1,False,OKVED_NAME,
1,БАЛАНС ОРГАНИЗАЦИЙ,T23_000000_t01Ved14.xlsx,65,2,False,EMPTY,
1,БАЛАНС ОРГАНИЗАЦИЙ,T23_000000_t01Ved14.xlsx,65,3,False,EMPTY,
1,БАЛАНС ОРГАНИЗАЦИЙ,T23_000000_t01Ved14.xlsx,65,4,False,EMPTY,
1,БАЛАНС ОРГАНИЗАЦИЙ,T23_000000_t01Ved14.xlsx,65,5,False,EMPTY,
1,БАЛАНС ОРГАНИЗАЦИЙ,T23_000000_t01Ved14.xlsx,65,6,False,EMPTY,
1,БАЛАНС ОРГАНИЗАЦИЙ,T23_000000_t01Ved14.xlsx,65,7,False,EMPTY,
1,БАЛАНС ОРГАНИЗАЦИЙ,T23_000000_t01Ved14.xlsx,65,8,False,EMPTY,
1,БАЛАНС ОРГАНИЗАЦИЙ,T23_000000_t01Ved14.xlsx,65,9,False,EMPTY,
1,БАЛАНС ОРГАНИЗАЦИЙ,T23_000000_t01Ved14.xlsx,65,10,False,EMPTY,
1,БАЛАНС ОРГАНИЗАЦИЙ,T23_000000_t01Ved14.xlsx,65,11,False,EMPTY,
1,БАЛАНС ОРГАНИЗАЦИЙ,T23_000000_t01Ved14.xlsx,66,0,False,OKVED_CODE,
1,БАЛАНС ОРГАНИЗАЦИЙ,T23_000000_t01Ved14.xlsx,66,1,False,OKVED_NAME,
1,БАЛАНС ОРГАНИЗАЦИЙ,T23_000000_t01Ved14.xlsx,66,2,False,EMPTY,
1,БАЛАНС ОРГАНИЗАЦИЙ,T23_000000_t01Ved14.xlsx,66,3,False,EMPTY,
1,БАЛАНС ОРГАНИЗАЦИЙ,T23_000000_t01Ved14.xlsx,66,4,False,EMPTY,
1,БАЛАНС ОРГАНИЗАЦИЙ,T23_000000_t01Ved14.xlsx,66,5,False,EMPTY,
1,БАЛАНС ОРГАНИЗАЦИЙ,T23_000000_t01Ved14.xlsx,66,6,False,EMPTY,
1,БАЛАНС ОРГАНИЗАЦИЙ,T23_000000_t01Ved14.xlsx,66,7,False,EMPTY,
1,БАЛАНС ОРГАНИЗАЦИЙ,T23_000000_t01Ved14.xlsx,66,8,False,EMPTY,
1,БАЛАНС ОРГАНИЗАЦИЙ,T23_000000_t01Ved14.xlsx,66,9,False,EMPTY,
1,БАЛАНС ОРГАНИЗАЦИЙ,T23_000000_t01Ved14.xlsx,66,10,False,EMPTY,
1,БАЛАНС ОРГАНИЗАЦИЙ,T23_000000_t01Ved14.xlsx,66,11,False,EMPTY,
1,БАЛАНС ОРГАНИЗАЦИЙ,T23_000000_t01Ved14.xlsx,67,0,False,OKVED_CODE,
1,БАЛАНС ОРГАНИЗАЦИЙ,T23_000000_t01Ved14.xlsx,67,1,False,OKVED_NAME,
1,БАЛАНС ОРГАНИЗАЦИЙ,T23_000000_t01Ved14.xlsx,67,2,False,EMPTY,
1,БАЛАНС ОРГАНИЗАЦИЙ,T23_000000_t01Ved14.xlsx,67,3,False,EMPTY,
1,БАЛАНС ОРГАНИЗАЦИЙ,T23_000000_t01Ved14.xlsx,67,4,False,EMPTY,
1,БАЛАНС ОРГАНИЗАЦИЙ,T23_000000_t01Ved14.xlsx,67,5,False,EMPTY,
1,БАЛАНС ОРГАНИЗАЦИЙ,T23_000000_t01Ved14.xlsx,67,6,False,EMPTY,
1,БАЛАНС ОРГАНИЗАЦИЙ,T23_000000_t01Ved14.xlsx,67,7,False,EMPTY,
1,БАЛАНС ОРГАНИЗАЦИЙ,T23_000000_t01Ved14.xlsx,67,8,False,EMPTY,
1,БАЛАНС ОРГАНИЗАЦИЙ,T23_000000_t01Ved14.xlsx,67,9,False,EMPTY,
1,БАЛАНС ОРГАНИЗАЦИЙ,T23_000000_t01Ved14.xlsx,67,10,False,EMPTY,
1,БАЛАНС ОРГАНИЗАЦИЙ,T23_000000_t01Ved14.xlsx,67,11,False,EMPTY,
1,БАЛАНС ОРГАНИЗАЦИЙ,T23_000000_t01Ved14.xlsx,68,0,False,OKVED_CODE,
1,БАЛАНС ОРГАНИЗАЦИЙ,T23_000000_t01Ved14.xlsx,68,1,False,OKVED_NAME,
1,БАЛАНС ОРГАНИЗАЦИЙ,T23_000000_t01Ved14.xlsx,68,2,False,EMPTY,
1,БАЛАНС ОРГАНИЗАЦИЙ,T23_000000_t01Ved14.xlsx,68,3,False,EMPTY,
1,БАЛАНС ОРГАНИЗАЦИЙ,T23_000000_t01Ved14.xlsx,68,4,False,EMPTY,
1,БАЛАНС ОРГАНИЗАЦИЙ,T23_000000_t01Ved14.xlsx,68,5,False,EMPTY,
1,БАЛАНС ОРГАНИЗАЦИЙ,T23_000000_t01Ved14.xlsx,68,6,False,EMPTY,
1,БАЛАНС ОРГАНИЗАЦИЙ,T23_000000_t01Ved14.xlsx,68,7,False,EMPTY,
1,БАЛАНС ОРГАНИЗАЦИЙ,T23_000000_t01Ved14.xlsx,68,8,False,DATA,Продолжение таблицы 1.
1,БАЛАНС ОРГАНИЗАЦИЙ,T23_000000_t01Ved14.xlsx,68,9,False,DATA,Продолжение таблицы 1.
1,БАЛАНС ОРГАНИЗАЦИЙ,T23_000000_t01Ved14.xlsx,68,10,False,DATA,Продолжение таблицы 1.
1,БАЛАНС ОРГАНИЗАЦИЙ,T23_000000_t01Ved14.xlsx,68,11,False,DATA,Продолжение таблицы 1.
1,БАЛАНС ОРГАНИЗАЦИЙ,T23_000000_t01Ved14.xlsx,69,0,False,OKVED_CODE,
1,БАЛАНС ОРГАНИЗАЦИЙ,T23_000000_t01Ved14.xlsx,69,1,False,OKVED_NAME,Валюта баланса
1,БАЛАНС ОРГАНИЗАЦИЙ,T23_000000_t01Ved14.xlsx,69,2,False,DATA,Валюта баланса
1,БАЛАНС ОРГАНИЗАЦИЙ,T23_000000_t01Ved14.xlsx,69,3,False,DATA,Валюта баланса
1,БАЛАНС ОРГАНИЗАЦИЙ,T23_000000_t01Ved14.xlsx,69,4,False,DATA,Валюта баланса
1,БАЛАНС ОРГАНИЗАЦИЙ,T23_000000_t01Ved14.xlsx,69,5,False,DATA,Внеоборотные активы
1,БАЛАНС ОРГАНИЗАЦИЙ,T23_000000_t01Ved14.xlsx,69,6,False,DATA,Внеоборотные активы
1,БАЛАНС ОРГАНИЗАЦИЙ,T23_000000_t01Ved14.xlsx,69,7,False,DATA,Внеоборотные активы
1,БАЛАНС ОРГАНИЗАЦИЙ,T23_000000_t01Ved14.xlsx,69,8,False,DATA,Внеоборотные активы
1,БАЛАНС ОРГАНИЗАЦИЙ,T23_000000_t01Ved14.xlsx,69,9,False,DATA,Оборотные активы
1,БАЛАНС ОРГАНИЗАЦИЙ,T23_000000_t01Ved14.xlsx,69,10,False,DATA,Оборотные активы
1,БАЛАНС ОРГАНИЗАЦИЙ,T23_000000_t01Ved14.xlsx,69,11,False,DATA,Оборотные активы
1,БАЛАНС ОРГАНИЗАЦИЙ,T23_000000_t01Ved14.xlsx,70,0,False,OKVED_CODE,
1,БАЛАНС ОРГАНИЗАЦИЙ,T23_000000_t01Ved14.xlsx,70,1,False,OKVED_NAME,2022
1,БАЛАНС ОРГАНИЗАЦИЙ,T23_000000_t01Ved14.xlsx,70,2,False,DATA,2023
1,БАЛАНС ОРГАНИЗАЦИЙ,T23_000000_t01Ved14.xlsx,70,3,False,DATA,2023
1,БАЛАНС ОРГАНИЗАЦИЙ,T23_000000_t01Ved14.xlsx,70,4,False,DATA,2023
1,БАЛАНС ОРГАНИЗАЦИЙ,T23_000000_t01Ved14.xlsx,70,5,False,DATA,2022
1,БАЛАНС ОРГАНИЗАЦИЙ,T23_000000_t01Ved14.xlsx,70,6,False,DATA,2022
1,БАЛАНС ОРГАНИЗАЦИЙ,T23_000000_t01Ved14.xlsx,70,7,False,DATA,2023
1,БАЛАНС ОРГАНИЗАЦИЙ,T23_000000_t01Ved14.xlsx,70,8,False,DATA,2023
1,БАЛАНС ОРГАНИЗАЦИЙ,T23_000000_t01Ved14.xlsx,70,9,False,DATA,2022
1,БАЛАНС ОРГАНИЗАЦИЙ,T23_000000_t01Ved14.xlsx,70,10,False,DATA,2022
1,БАЛАНС ОРГАНИЗАЦИЙ,T23_000000_t01Ved14.xlsx,70,11,False,DATA,2023
1,БАЛАНС ОРГАНИЗАЦИЙ,T23_000000_t01Ved14.xlsx,71,0,False,OKVED_CODE,Деятельность в области здравоохранения и социальных услуг
1,БАЛАНС ОРГАНИЗАЦИЙ,T23_000000_t01Ved14.xlsx,71,1,False,OKVED_NAME,51244
1,БАЛАНС ОРГАНИЗАЦИЙ,T23_000000_t01Ved14.xlsx,71,2,False,DATA,208115
1,БАЛАНС ОРГАНИЗАЦИЙ,T23_000000_t01Ved14.xlsx,71,3,False,DATA,208115
1,БАЛАНС ОРГАНИЗАЦИЙ,T23_000000_t01Ved14.xlsx,71,4,False,DATA,208115
1,БАЛАНС ОРГАНИЗАЦИЙ,T23_000000_t01Ved14.xlsx,71,5,False,DATA,18600
1,БАЛАНС ОРГАНИЗАЦИЙ,T23_000000_t01Ved14.xlsx,71,6,False,DATA,18600
1,БАЛАНС ОРГАНИЗАЦИЙ,T23_000000_t01Ved14.xlsx,71,7,False,DATA,85672
1,БАЛАНС ОРГАНИЗАЦИЙ,T23_000000_t01Ved14.xlsx,71,8,False,DATA,85672
1,БАЛАНС ОРГАНИЗАЦИЙ,T23_000000_t01Ved14.xlsx,71,9,False,DATA,32644
1,БАЛАНС ОРГАНИЗАЦИЙ,T23_000000_t01Ved14.xlsx,71,10,False,DATA,32644
1,БАЛАНС ОРГАНИЗАЦИЙ,T23_000000_t01Ved14.xlsx,71,11,False,DATA,122443
1,БАЛАНС ОРГАНИЗАЦИЙ,T23_000000_t01Ved14.xlsx,72,0,False,OKVED_CODE,деятельность в области здравоохранения
1,БАЛАНС ОРГАНИЗАЦИЙ,T23_000000_t01Ved14.xlsx,72,1,False,OKVED_NAME,50471
1,БАЛАНС ОРГАНИЗАЦИЙ,T23_000000_t01Ved14.xlsx,72,2,False,DATA,206973
1,БАЛАНС ОРГАНИЗАЦИЙ,T23_000000_t01Ved14.xlsx,72,3,False,DATA,206973
1,БАЛАНС ОРГАНИЗАЦИЙ,T23_000000_t01Ved14.xlsx,72,4,False,DATA,206973
1,БАЛАНС ОРГАНИЗАЦИЙ,T23_000000_t01Ved14.xlsx,72,5,False,DATA,18501
1,БАЛАНС ОРГАНИЗАЦИЙ,T23_000000_t01Ved14.xlsx,72,6,False,DATA,18501
1,БАЛАНС ОРГАНИЗАЦИЙ,T23_000000_t01Ved14.xlsx,72,7,False,DATA,85573
1,БАЛАНС ОРГАНИЗАЦИЙ,T23_000000_t01Ved14.xlsx,72,8,False,DATA,85573
1,БАЛАНС ОРГАНИЗАЦИЙ,T23_000000_t01Ved14.xlsx,72,9,False,DATA,31970
1,БАЛАНС ОРГАНИЗАЦИЙ,T23_000000_t01Ved14.xlsx,72,10,False,DATA,31970
1,БАЛАНС ОРГАНИЗАЦИЙ,T23_000000_t01Ved14.xlsx,72,11,False,DATA,121400
1,БАЛАНС ОРГАНИЗАЦИЙ,T23_000000_t01Ved14.xlsx,73,0,False,OKVED_CODE,предоставление социальных услуг без обеспечения проживания
1,БАЛАНС ОРГАНИЗАЦИЙ,T23_000000_t01Ved14.xlsx,73,1,False,OKVED_NAME,773
1,БАЛАНС ОРГАНИЗАЦИЙ,T23_000000_t01Ved14.xlsx,73,2,False,DATA,1142
1,БАЛАНС ОРГАНИЗАЦИЙ,T23_000000_t01Ved14.xlsx,73,3,False,DATA,1142
1,БАЛАНС ОРГАНИЗАЦИЙ,T23_000000_t01Ved14.xlsx,73,4,False,DATA,1142
1,БАЛАНС ОРГАНИЗАЦИЙ,T23_000000_t01Ved14.xlsx,73,5,False,DATA,99
1,БАЛАНС ОРГАНИЗАЦИЙ,T23_000000_t01Ved14.xlsx,73,6,False,DATA,99
1,БАЛАНС ОРГАНИЗАЦИЙ,T23_000000_t01Ved14.xlsx,73,7,False,DATA,99
1,БАЛАНС ОРГАНИЗАЦИЙ,T23_000000_t01Ved14.xlsx,73,8,False,DATA,99
1,БАЛАНС ОРГАНИЗАЦИЙ,T23_000000_t01Ved14.xlsx,73,9,False,DATA,674
1,БАЛАНС ОРГАНИЗАЦИЙ,T23_000000_t01Ved14.xlsx,73,10,False,DATA,674
1,БАЛАНС ОРГАНИЗАЦИЙ,T23_000000_t01Ved14.xlsx,73,11,False,DATA,1043
1,БАЛАНС ОРГАНИЗАЦИЙ,T23_000000_t01Ved14.xlsx,74,0,False,OKVED_CODE,"Деятельность в области культуры, спорта, организации досуга
и развлечений"
1,БАЛАНС ОРГАНИЗАЦИЙ,T23_000000_t01Ved14.xlsx,74,1,False,OKVED_NAME,354
1,БАЛАНС ОРГАНИЗАЦИЙ,T23_000000_t01Ved14.xlsx,74,2,False,DATA,117
1,БАЛАНС ОРГАНИЗАЦИЙ,T23_000000_t01Ved14.xlsx,74,3,False,DATA,117
1,БАЛАНС ОРГАНИЗАЦИЙ,T23_000000_t01Ved14.xlsx,74,4,False,DATA,117
1,БАЛАНС ОРГАНИЗАЦИЙ,T23_000000_t01Ved14.xlsx,74,5,False,DATA,-
1,БАЛАНС ОРГАНИЗАЦИЙ,T23_000000_t01Ved14.xlsx,74,6,False,DATA,-
1,БАЛАНС ОРГАНИЗАЦИЙ,T23_000000_t01Ved14.xlsx,74,7,False,DATA,-
1,БАЛАНС ОРГАНИЗАЦИЙ,T23_000000_t01Ved14.xlsx,74,8,False,DATA,-
1,БАЛАНС ОРГАНИЗАЦИЙ,T23_000000_t01Ved14.xlsx,74,9,False,DATA,354
1,БАЛАНС ОРГАНИЗАЦИЙ,T23_000000_t01Ved14.xlsx,74,10,False,DATA,354
1,БАЛАНС ОРГАНИЗАЦИЙ,T23_000000_t01Ved14.xlsx,74,11,False,DATA,117
1,БАЛАНС ОРГАНИЗАЦИЙ,T23_000000_t01Ved14.xlsx,75,0,False,OKVED_CODE,"деятельность в области спорта, отдыха и развлечений"
1,БАЛАНС ОРГАНИЗАЦИЙ,T23_000000_t01Ved14.xlsx,75,1,False,OKVED_NAME,354
1,БАЛАНС ОРГАНИЗАЦИЙ,T23_000000_t01Ved14.xlsx,75,2,False,DATA,117
1,БАЛАНС ОРГАНИЗАЦИЙ,T23_000000_t01Ved14.xlsx,75,3,False,DATA,117
1,БАЛАНС ОРГАНИЗАЦИЙ,T23_000000_t01Ved14.xlsx,75,4,False,DATA,117
1,БАЛАНС ОРГАНИЗАЦИЙ,T23_000000_t01Ved14.xlsx,75,5,False,DATA,-
1,БАЛАНС ОРГАНИЗАЦИЙ,T23_000000_t01Ved14.xlsx,75,6,False,DATA,-
1,БАЛАНС ОРГАНИЗАЦИЙ,T23_000000_t01Ved14.xlsx,75,7,False,DATA,-
1,БАЛАНС ОРГАНИЗАЦИЙ,T23_000000_t01Ved14.xlsx,75,8,False,DATA,-
1,БАЛАНС ОРГАНИЗАЦИЙ,T23_000000_t01Ved14.xlsx,75,9,False,DATA,354
1,БАЛАНС ОРГАНИЗАЦИЙ,T23_000000_t01Ved14.xlsx,75,10,False,DATA,354
1,БАЛАНС ОРГАНИЗАЦИЙ,T23_000000_t01Ved14.xlsx,75,11,False,DATA,117
1,БАЛАНС ОРГАНИЗАЦИЙ,T23_000000_t01Ved14.xlsx,76,0,False,OKVED_CODE,Предоставление прочих видов услуг
1,БАЛАНС ОРГАНИЗАЦИЙ,T23_000000_t01Ved14.xlsx,76,1,False,OKVED_NAME,505366
1,БАЛАНС ОРГАНИЗАЦИЙ,T23_000000_t01Ved14.xlsx,76,2,False,DATA,553857
1,БАЛАНС ОРГАНИЗАЦИЙ,T23_000000_t01Ved14.xlsx,76,3,False,DATA,553857
1,БАЛАНС ОРГАНИЗАЦИЙ,T23_000000_t01Ved14.xlsx,76,4,False,DATA,553857
1,БАЛАНС ОРГАНИЗАЦИЙ,T23_000000_t01Ved14.xlsx,76,5,False,DATA,5021
1,БАЛАНС ОРГАНИЗАЦИЙ,T23_000000_t01Ved14.xlsx,76,6,False,DATA,5021
1,БАЛАНС ОРГАНИЗАЦИЙ,T23_000000_t01Ved14.xlsx,76,7,False,DATA,3989
1,БАЛАНС ОРГАНИЗАЦИЙ,T23_000000_t01Ved14.xlsx,76,8,False,DATA,3989
1,БАЛАНС ОРГАНИЗАЦИЙ,T23_000000_t01Ved14.xlsx,76,9,False,DATA,500345
1,БАЛАНС ОРГАНИЗАЦИЙ,T23_000000_t01Ved14.xlsx,76,10,False,DATA,500345
1,БАЛАНС ОРГАНИЗАЦИЙ,T23_000000_t01Ved14.xlsx,76,11,False,DATA,549868
1,БАЛАНС ОРГАНИЗАЦИЙ,T23_000000_t01Ved14.xlsx,77,0,False,OKVED_CODE,"деятельность общественных 
и прочих некоммерческих организаций"
1,БАЛАНС ОРГАНИЗАЦИЙ,T23_000000_t01Ved14.xlsx,77,1,False,OKVED_NAME,482722
1,БАЛАНС ОРГАНИЗАЦИЙ,T23_000000_t01Ved14.xlsx,77,2,False,DATA,536616
1,БАЛАНС ОРГАНИЗАЦИЙ,T23_000000_t01Ved14.xlsx,77,3,False,DATA,536616
1,БАЛАНС ОРГАНИЗАЦИЙ,T23_000000_t01Ved14.xlsx,77,4,False,DATA,536616
1,БАЛАНС ОРГАНИЗАЦИЙ,T23_000000_t01Ved14.xlsx,77,5,False,DATA,1821
1,БАЛАНС ОРГАНИЗАЦИЙ,T23_000000_t01Ved14.xlsx,77,6,False,DATA,1821
1,БАЛАНС ОРГАНИЗАЦИЙ,T23_000000_t01Ved14.xlsx,77,7,False,DATA,1137
1,БАЛАНС ОРГАНИЗАЦИЙ,T23_000000_t01Ved14.xlsx,77,8,False,DATA,1137
1,БАЛАНС ОРГАНИЗАЦИЙ,T23_000000_t01Ved14.xlsx,77,9,False,DATA,480901
1,БАЛАНС ОРГАНИЗАЦИЙ,T23_000000_t01Ved14.xlsx,77,10,False,DATA,480901
1,БАЛАНС ОРГАНИЗАЦИЙ,T23_000000_t01Ved14.xlsx,77,11,False,DATA,535479
1,БАЛАНС ОРГАНИЗАЦИЙ,T23_000000_t01Ved14.xlsx,78,0,False,OKVED_CODE,деятельность по предоставлению прочих персональных услуг
1,БАЛАНС ОРГАНИЗАЦИЙ,T23_000000_t01Ved14.xlsx,78,1,False,OKVED_NAME,22644
1,БАЛАНС ОРГАНИЗАЦИЙ,T23_000000_t01Ved14.xlsx,78,2,False,DATA,17241
1,БАЛАНС ОРГАНИЗАЦИЙ,T23_000000_t01Ved14.xlsx,78,3,False,DATA,17241
1,БАЛАНС ОРГАНИЗАЦИЙ,T23_000000_t01Ved14.xlsx,78,4,False,DATA,17241
1,БАЛАНС ОРГАНИЗАЦИЙ,T23_000000_t01Ved14.xlsx,78,5,False,DATA,3200
1,БАЛАНС ОРГАНИЗАЦИЙ,T23_000000_t01Ved14.xlsx,78,6,False,DATA,3200
1,БАЛАНС ОРГАНИЗАЦИЙ,T23_000000_t01Ved14.xlsx,78,7,False,DATA,2852
1,БАЛАНС ОРГАНИЗАЦИЙ,T23_000000_t01Ved14.xlsx,78,8,False,DATA,2852
1,БАЛАНС ОРГАНИЗАЦИЙ,T23_000000_t01Ved14.xlsx,78,9,False,DATA,19444
1,БАЛАНС ОРГАНИЗАЦИЙ,T23_000000_t01Ved14.xlsx,78,10,False,DATA,19444
1,БАЛАНС ОРГАНИЗАЦИЙ,T23_000000_t01Ved14.xlsx,78,11,False,DATA,14389
1,БАЛАНС ОРГАНИЗАЦИЙ,T23_000000_t01Ved14.xlsx,79,0,False,OKVED_CODE,
1,БАЛАНС ОРГАНИЗАЦИЙ,T23_000000_t01Ved14.xlsx,79,1,False,OKVED_NAME,
1,БАЛАНС ОРГАНИЗАЦИЙ,T23_000000_t01Ved14.xlsx,79,2,False,EMPTY,
1,БАЛАНС ОРГАНИЗАЦИЙ,T23_000000_t01Ved14.xlsx,79,3,False,EMPTY,
1,БАЛАНС ОРГАНИЗАЦИЙ,T23_000000_t01Ved14.xlsx,79,4,False,EMPTY,
1,БАЛАНС ОРГАНИЗАЦИЙ,T23_000000_t01Ved14.xlsx,79,5,False,EMPTY,
1,БАЛАНС ОРГАНИЗАЦИЙ,T23_000000_t01Ved14.xlsx,79,6,False,EMPTY,
1,БАЛАНС ОРГАНИЗАЦИЙ,T23_000000_t01Ved14.xlsx,79,7,False,EMPTY,
1,БАЛАНС ОРГАНИЗАЦИЙ,T23_000000_t01Ved14.xlsx,79,8,False,EMPTY,
1,БАЛАНС ОРГАНИЗАЦИЙ,T23_000000_t01Ved14.xlsx,79,9,False,EMPTY,
1,БАЛАНС ОРГАНИЗАЦИЙ,T23_000000_t01Ved14.xlsx,79,10,False,EMPTY,
1,БАЛАНС ОРГАНИЗАЦИЙ,T23_000000_t01Ved14.xlsx,79,11,False,EMPTY,
2,КАПИТАЛ И РЕЗЕРВЫ,T23_000000_t19Ved14.xlsx,0,0,False,OKVED_CODE,
2,КАПИТАЛ И РЕЗЕРВЫ,T23_000000_t19Ved14.xlsx,0,1,False,OKVED_NAME,
2,КАПИТАЛ И РЕЗЕРВЫ,T23_000000_t19Ved14.xlsx,0,2,False,EMPTY,
2,КАПИТАЛ И РЕЗЕРВЫ,T23_000000_t19Ved14.xlsx,0,3,False,EMPTY,
2,КАПИТАЛ И РЕЗЕРВЫ,T23_000000_t19Ved14.xlsx,0,4,False,EMPTY,
2,КАПИТАЛ И РЕЗЕРВЫ,T23_000000_t19Ved14.xlsx,0,5,False,EMPTY,
2,КАПИТАЛ И РЕЗЕРВЫ,T23_000000_t19Ved14.xlsx,0,6,False,EMPTY,
2,КАПИТАЛ И РЕЗЕРВЫ,T23_000000_t19Ved14.xlsx,0,7,False,EMPTY,
2,КАПИТАЛ И РЕЗЕРВЫ,T23_000000_t19Ved14.xlsx,0,8,False,EMPTY,
2,КАПИТАЛ И РЕЗЕРВЫ,T23_000000_t19Ved14.xlsx,0,9,False,EMPTY,
2,КАПИТАЛ И РЕЗЕРВЫ,T23_000000_t19Ved14.xlsx,0,10,False,EMPTY,
2,КАПИТАЛ И РЕЗЕРВЫ,T23_000000_t19Ved14.xlsx,0,11,False,EMPTY,
2,КАПИТАЛ И РЕЗЕРВЫ,T23_000000_t19Ved14.xlsx,0,12,False,DATA,Продолжение таблицы 1.
2,КАПИТАЛ И РЕЗЕРВЫ,T23_000000_t19Ved14.xlsx,0,13,False,DATA,Продолжение таблицы 1.
2,КАПИТАЛ И РЕЗЕРВЫ,T23_000000_t19Ved14.xlsx,0,14,False,DATA,Продолжение таблицы 1.
2,КАПИТАЛ И РЕЗЕРВЫ,T23_000000_t19Ved14.xlsx,0,15,False,DATA,Продолжение таблицы 1.
2,КАПИТАЛ И РЕЗЕРВЫ,T23_000000_t19Ved14.xlsx,0,16,False,DATA,Продолжение таблицы 1.
2,КАПИТАЛ И РЕЗЕРВЫ,T23_000000_t19Ved14.xlsx,1,0,False,OKVED_CODE,
2,КАПИТАЛ И РЕЗЕРВЫ,T23_000000_t19Ved14.xlsx,1,1,False,OKVED_NAME,Капитал и резервы
2,КАПИТАЛ И РЕЗЕРВЫ,T23_000000_t19Ved14.xlsx,1,2,False,DATA,Капитал и резервы
2,КАПИТАЛ И РЕЗЕРВЫ,T23_000000_t19Ved14.xlsx,1,3,False,DATA,Капитал и резервы
2,КАПИТАЛ И РЕЗЕРВЫ,T23_000000_t19Ved14.xlsx,1,4,False,DATA,Капитал и резервы
2,КАПИТАЛ И РЕЗЕРВЫ,T23_000000_t19Ved14.xlsx,1,5,False,DATA,Капитал и резервы
2,КАПИТАЛ И РЕЗЕРВЫ,T23_000000_t19Ved14.xlsx,1,6,False,DATA,Капитал и резервы
2,КАПИТАЛ И РЕЗЕРВЫ,T23_000000_t19Ved14.xlsx,1,7,False,DATA,Долгосрочные обязательства
2,КАПИТАЛ И РЕЗЕРВЫ,T23_000000_t19Ved14.xlsx,1,8,False,DATA,Долгосрочные обязательства
2,КАПИТАЛ И РЕЗЕРВЫ,T23_000000_t19Ved14.xlsx,1,9,False,DATA,Долгосрочные обязательства
2,КАПИТАЛ И РЕЗЕРВЫ,T23_000000_t19Ved14.xlsx,1,10,False,DATA,Долгосрочные обязательства
2,КАПИТАЛ И РЕЗЕРВЫ,T23_000000_t19Ved14.xlsx,1,11,False,DATA,Долгосрочные обязательства
2,КАПИТАЛ И РЕЗЕРВЫ,T23_000000_t19Ved14.xlsx,1,12,False,DATA,Долгосрочные обязательства
2,КАПИТАЛ И РЕЗЕРВЫ,T23_000000_t19Ved14.xlsx,1,13,False,DATA,Краткосрочные обязательства
2,КАПИТАЛ И РЕЗЕРВЫ,T23_000000_t19Ved14.xlsx,1,14,False,DATA,Краткосрочные обязательства
2,КАПИТАЛ И РЕЗЕРВЫ,T23_000000_t19Ved14.xlsx,1,15,False,DATA,Краткосрочные обязательства
2,КАПИТАЛ И РЕЗЕРВЫ,T23_000000_t19Ved14.xlsx,1,16,False,DATA,Краткосрочные обязательства
2,КАПИТАЛ И РЕЗЕРВЫ,T23_000000_t19Ved14.xlsx,2,0,False,OKVED_CODE,
2,КАПИТАЛ И РЕЗЕРВЫ,T23_000000_t19Ved14.xlsx,2,1,False,OKVED_NAME,2022
2,КАПИТАЛ И РЕЗЕРВЫ,T23_000000_t19Ved14.xlsx,2,2,False,DATA,2022
2,КАПИТАЛ И РЕЗЕРВЫ,T23_000000_t19Ved14.xlsx,2,3,False,DATA,2023
2,КАПИТАЛ И РЕЗЕРВЫ,T23_000000_t19Ved14.xlsx,2,4,False,DATA,2023
2,КАПИТАЛ И РЕЗЕРВЫ,T23_000000_t19Ved14.xlsx,2,5,False,DATA,2023
2,КАПИТАЛ И РЕЗЕРВЫ,T23_000000_t19Ved14.xlsx,2,6,False,DATA,2023
2,КАПИТАЛ И РЕЗЕРВЫ,T23_000000_t19Ved14.xlsx,2,7,False,DATA,2022
2,КАПИТАЛ И РЕЗЕРВЫ,T23_000000_t19Ved14.xlsx,2,8,False,DATA,2022
2,КАПИТАЛ И РЕЗЕРВЫ,T23_000000_t19Ved14.xlsx,2,9,False,DATA,2022
2,КАПИТАЛ И РЕЗЕРВЫ,T23_000000_t19Ved14.xlsx,2,10,False,DATA,2023
2,КАПИТАЛ И РЕЗЕРВЫ,T23_000000_t19Ved14.xlsx,2,11,False,DATA,2023
2,КАПИТАЛ И РЕЗЕРВЫ,T23_000000_t19Ved14.xlsx,2,12,False,DATA,2023
2,КАПИТАЛ И РЕЗЕРВЫ,T23_000000_t19Ved14.xlsx,2,13,False,DATA,2022
2,КАПИТАЛ И РЕЗЕРВЫ,T23_000000_t19Ved14.xlsx,2,14,False,DATA,2022
2,КАПИТАЛ И РЕЗЕРВЫ,T23_000000_t19Ved14.xlsx,2,15,False,DATA,2023
2,КАПИТАЛ И РЕЗЕРВЫ,T23_000000_t19Ved14.xlsx,2,16,False,DATA,2023
2,КАПИТАЛ И РЕЗЕРВЫ,T23_000000_t19Ved14.xlsx,3,0,False,OKVED_CODE,Всего по обследуемым видам экономической деятельности
2,КАПИТАЛ И РЕЗЕРВЫ,T23_000000_t19Ved14.xlsx,3,1,False,OKVED_NAME,210205686
2,КАПИТАЛ И РЕЗЕРВЫ,T23_000000_t19Ved14.xlsx,3,2,False,DATA,210205686
2,КАПИТАЛ И РЕЗЕРВЫ,T23_000000_t19Ved14.xlsx,3,3,False,DATA,233816403
2,КАПИТАЛ И РЕЗЕРВЫ,T23_000000_t19Ved14.xlsx,3,4,False,DATA,233816403
2,КАПИТАЛ И РЕЗЕРВЫ,T23_000000_t19Ved14.xlsx,3,5,False,DATA,233816403
2,КАПИТАЛ И РЕЗЕРВЫ,T23_000000_t19Ved14.xlsx,3,6,False,DATA,233816403
2,КАПИТАЛ И РЕЗЕРВЫ,T23_000000_t19Ved14.xlsx,3,7,False,DATA,203324230
2,КАПИТАЛ И РЕЗЕРВЫ,T23_000000_t19Ved14.xlsx,3,8,False,DATA,203324230
2,КАПИТАЛ И РЕЗЕРВЫ,T23_000000_t19Ved14.xlsx,3,9,False,DATA,203324230
2,КАПИТАЛ И РЕЗЕРВЫ,T23_000000_t19Ved14.xlsx,3,10,False,DATA,291760220
2,КАПИТАЛ И РЕЗЕРВЫ,T23_000000_t19Ved14.xlsx,3,11,False,DATA,291760220
2,КАПИТАЛ И РЕЗЕРВЫ,T23_000000_t19Ved14.xlsx,3,12,False,DATA,291760220
2,КАПИТАЛ И РЕЗЕРВЫ,T23_000000_t19Ved14.xlsx,3,13,False,DATA,156270673
2,КАПИТАЛ И РЕЗЕРВЫ,T23_000000_t19Ved14.xlsx,3,14,False,DATA,156270673
2,КАПИТАЛ И РЕЗЕРВЫ,T23_000000_t19Ved14.xlsx,3,15,False,DATA,169259612
2,КАПИТАЛ И РЕЗЕРВЫ,T23_000000_t19Ved14.xlsx,3,16,False,DATA,169259612
2,КАПИТАЛ И РЕЗЕРВЫ,T23_000000_t19Ved14.xlsx,4,0,False,OKVED_CODE,"Сельское, лесное хозяйство, охота, рыболовство и рыбоводство"
2,КАПИТАЛ И РЕЗЕРВЫ,T23_000000_t19Ved14.xlsx,4,1,False,OKVED_NAME,98377365
2,КАПИТАЛ И РЕЗЕРВЫ,T23_000000_t19Ved14.xlsx,4,2,False,DATA,98377365
2,КАПИТАЛ И РЕЗЕРВЫ,T23_000000_t19Ved14.xlsx,4,3,False,DATA,107518453
2,КАПИТАЛ И РЕЗЕРВЫ,T23_000000_t19Ved14.xlsx,4,4,False,DATA,107518453
2,КАПИТАЛ И РЕЗЕРВЫ,T23_000000_t19Ved14.xlsx,4,5,False,DATA,107518453
2,КАПИТАЛ И РЕЗЕРВЫ,T23_000000_t19Ved14.xlsx,4,6,False,DATA,107518453
2,КАПИТАЛ И РЕЗЕРВЫ,T23_000000_t19Ved14.xlsx,4,7,False,DATA,94213504
2,КАПИТАЛ И РЕЗЕРВЫ,T23_000000_t19Ved14.xlsx,4,8,False,DATA,94213504
2,КАПИТАЛ И РЕЗЕРВЫ,T23_000000_t19Ved14.xlsx,4,9,False,DATA,94213504
2,КАПИТАЛ И РЕЗЕРВЫ,T23_000000_t19Ved14.xlsx,4,10,False,DATA,160372039
2,КАПИТАЛ И РЕЗЕРВЫ,T23_000000_t19Ved14.xlsx,4,11,False,DATA,160372039
2,КАПИТАЛ И РЕЗЕРВЫ,T23_000000_t19Ved14.xlsx,4,12,False,DATA,160372039
2,КАПИТАЛ И РЕЗЕРВЫ,T23_000000_t19Ved14.xlsx,4,13,False,DATA,56489223
2,КАПИТАЛ И РЕЗЕРВЫ,T23_000000_t19Ved14.xlsx,4,14,False,DATA,56489223
2,КАПИТАЛ И РЕЗЕРВЫ,T23_000000_t19Ved14.xlsx,4,15,False,DATA,66656419
2,КАПИТАЛ И РЕЗЕРВЫ,T23_000000_t19Ved14.xlsx,4,16,False,DATA,66656419
2,КАПИТАЛ И РЕЗЕРВЫ,T23_000000_t19Ved14.xlsx,5,0,False,OKVED_CODE,"растениеводство и животноводство, охота и предоставление соответствующих услуг 
в этих областях"
2,КАПИТАЛ И РЕЗЕРВЫ,T23_000000_t19Ved14.xlsx,5,1,False,OKVED_NAME,2339411
2,КАПИТАЛ И РЕЗЕРВЫ,T23_000000_t19Ved14.xlsx,5,2,False,DATA,2339411
2,КАПИТАЛ И РЕЗЕРВЫ,T23_000000_t19Ved14.xlsx,5,3,False,DATA,2241696
2,КАПИТАЛ И РЕЗЕРВЫ,T23_000000_t19Ved14.xlsx,5,4,False,DATA,2241696
2,КАПИТАЛ И РЕЗЕРВЫ,T23_000000_t19Ved14.xlsx,5,5,False,DATA,2241696
2,КАПИТАЛ И РЕЗЕРВЫ,T23_000000_t19Ved14.xlsx,5,6,False,DATA,2241696
2,КАПИТАЛ И РЕЗЕРВЫ,T23_000000_t19Ved14.xlsx,5,7,False,DATA,1436959
2,КАПИТАЛ И РЕЗЕРВЫ,T23_000000_t19Ved14.xlsx,5,8,False,DATA,1436959
2,КАПИТАЛ И РЕЗЕРВЫ,T23_000000_t19Ved14.xlsx,5,9,False,DATA,1436959
2,КАПИТАЛ И РЕЗЕРВЫ,T23_000000_t19Ved14.xlsx,5,10,False,DATA,1372290
2,КАПИТАЛ И РЕЗЕРВЫ,T23_000000_t19Ved14.xlsx,5,11,False,DATA,1372290
2,КАПИТАЛ И РЕЗЕРВЫ,T23_000000_t19Ved14.xlsx,5,12,False,DATA,1372290
2,КАПИТАЛ И РЕЗЕРВЫ,T23_000000_t19Ved14.xlsx,5,13,False,DATA,1197025
2,КАПИТАЛ И РЕЗЕРВЫ,T23_000000_t19Ved14.xlsx,5,14,False,DATA,1197025
2,КАПИТАЛ И РЕЗЕРВЫ,T23_000000_t19Ved14.xlsx,5,15,False,DATA,1535760
2,КАПИТАЛ И РЕЗЕРВЫ,T23_000000_t19Ved14.xlsx,5,16,False,DATA,1535760
2,КАПИТАЛ И РЕЗЕРВЫ,T23_000000_t19Ved14.xlsx,6,0,False,OKVED_CODE,рыболовство и рыбоводство
2,КАПИТАЛ И РЕЗЕРВЫ,T23_000000_t19Ved14.xlsx,6,1,False,OKVED_NAME,96037954
2,КАПИТАЛ И РЕЗЕРВЫ,T23_000000_t19Ved14.xlsx,6,2,False,DATA,96037954
2,КАПИТАЛ И РЕЗЕРВЫ,T23_000000_t19Ved14.xlsx,6,3,False,DATA,105276757
2,КАПИТАЛ И РЕЗЕРВЫ,T23_000000_t19Ved14.xlsx,6,4,False,DATA,105276757
2,КАПИТАЛ И РЕЗЕРВЫ,T23_000000_t19Ved14.xlsx,6,5,False,DATA,105276757
2,КАПИТАЛ И РЕЗЕРВЫ,T23_000000_t19Ved14.xlsx,6,6,False,DATA,105276757
2,КАПИТАЛ И РЕЗЕРВЫ,T23_000000_t19Ved14.xlsx,6,7,False,DATA,92776545
2,КАПИТАЛ И РЕЗЕРВЫ,T23_000000_t19Ved14.xlsx,6,8,False,DATA,92776545
2,КАПИТАЛ И РЕЗЕРВЫ,T23_000000_t19Ved14.xlsx,6,9,False,DATA,92776545
2,КАПИТАЛ И РЕЗЕРВЫ,T23_000000_t19Ved14.xlsx,6,10,False,DATA,158999749
2,КАПИТАЛ И РЕЗЕРВЫ,T23_000000_t19Ved14.xlsx,6,11,False,DATA,158999749
2,КАПИТАЛ И РЕЗЕРВЫ,T23_000000_t19Ved14.xlsx,6,12,False,DATA,158999749
2,КАПИТАЛ И РЕЗЕРВЫ,T23_000000_t19Ved14.xlsx,6,13,False,DATA,55292198
2,КАПИТАЛ И РЕЗЕРВЫ,T23_000000_t19Ved14.xlsx,6,14,False,DATA,55292198
2,КАПИТАЛ И РЕЗЕРВЫ,T23_000000_t19Ved14.xlsx,6,15,False,DATA,65120659
2,КАПИТАЛ И РЕЗЕРВЫ,T23_000000_t19Ved14.xlsx,6,16,False,DATA,65120659
2,КАПИТАЛ И РЕЗЕРВЫ,T23_000000_t19Ved14.xlsx,7,0,False,OKVED_CODE,Добыча полезных ископаемых
2,КАПИТАЛ И РЕЗЕРВЫ,T23_000000_t19Ved14.xlsx,7,1,False,OKVED_NAME,20144219
2,КАПИТАЛ И РЕЗЕРВЫ,T23_000000_t19Ved14.xlsx,7,2,False,DATA,20144219
2,КАПИТАЛ И РЕЗЕРВЫ,T23_000000_t19Ved14.xlsx,7,3,False,DATA,15071949
2,КАПИТАЛ И РЕЗЕРВЫ,T23_000000_t19Ved14.xlsx,7,4,False,DATA,15071949
2,КАПИТАЛ И РЕЗЕРВЫ,T23_000000_t19Ved14.xlsx,7,5,False,DATA,15071949
2,КАПИТАЛ И РЕЗЕРВЫ,T23_000000_t19Ved14.xlsx,7,6,False,DATA,15071949
2,КАПИТАЛ И РЕЗЕРВЫ,T23_000000_t19Ved14.xlsx,7,7,False,DATA,57152216
2,КАПИТАЛ И РЕЗЕРВЫ,T23_000000_t19Ved14.xlsx,7,8,False,DATA,57152216
2,КАПИТАЛ И РЕЗЕРВЫ,T23_000000_t19Ved14.xlsx,7,9,False,DATA,57152216
2,КАПИТАЛ И РЕЗЕРВЫ,T23_000000_t19Ved14.xlsx,7,10,False,DATA,63953640
2,КАПИТАЛ И РЕЗЕРВЫ,T23_000000_t19Ved14.xlsx,7,11,False,DATA,63953640
2,КАПИТАЛ И РЕЗЕРВЫ,T23_000000_t19Ved14.xlsx,7,12,False,DATA,63953640
2,КАПИТАЛ И РЕЗЕРВЫ,T23_000000_t19Ved14.xlsx,7,13,False,DATA,20582081
2,КАПИТАЛ И РЕЗЕРВЫ,T23_000000_t19Ved14.xlsx,7,14,False,DATA,20582081
2,КАПИТАЛ И РЕЗЕРВЫ,T23_000000_t19Ved14.xlsx,7,15,False,DATA,22158383
2,КАПИТАЛ И РЕЗЕРВЫ,T23_000000_t19Ved14.xlsx,7,16,False,DATA,22158383
2,КАПИТАЛ И РЕЗЕРВЫ,T23_000000_t19Ved14.xlsx,8,0,False,OKVED_CODE,добыча металлических руд
2,КАПИТАЛ И РЕЗЕРВЫ,T23_000000_t19Ved14.xlsx,8,1,False,OKVED_NAME,20144219
2,КАПИТАЛ И РЕЗЕРВЫ,T23_000000_t19Ved14.xlsx,8,2,False,DATA,20144219
2,КАПИТАЛ И РЕЗЕРВЫ,T23_000000_t19Ved14.xlsx,8,3,False,DATA,15071949
2,КАПИТАЛ И РЕЗЕРВЫ,T23_000000_t19Ved14.xlsx,8,4,False,DATA,15071949
2,КАПИТАЛ И РЕЗЕРВЫ,T23_000000_t19Ved14.xlsx,8,5,False,DATA,15071949
2,КАПИТАЛ И РЕЗЕРВЫ,T23_000000_t19Ved14.xlsx,8,6,False,DATA,15071949
2,КАПИТАЛ И РЕЗЕРВЫ,T23_000000_t19Ved14.xlsx,8,7,False,DATA,57152216
2,КАПИТАЛ И РЕЗЕРВЫ,T23_000000_t19Ved14.xlsx,8,8,False,DATA,57152216
2,КАПИТАЛ И РЕЗЕРВЫ,T23_000000_t19Ved14.xlsx,8,9,False,DATA,57152216
2,КАПИТАЛ И РЕЗЕРВЫ,T23_000000_t19Ved14.xlsx,8,10,False,DATA,63953640
2,КАПИТАЛ И РЕЗЕРВЫ,T23_000000_t19Ved14.xlsx,8,11,False,DATA,63953640
2,КАПИТАЛ И РЕЗЕРВЫ,T23_000000_t19Ved14.xlsx,8,12,False,DATA,63953640
2,КАПИТАЛ И РЕЗЕРВЫ,T23_000000_t19Ved14.xlsx,8,13,False,DATA,20582081
2,КАПИТАЛ И РЕЗЕРВЫ,T23_000000_t19Ved14.xlsx,8,14,False,DATA,20582081
2,КАПИТАЛ И РЕЗЕРВЫ,T23_000000_t19Ved14.xlsx,8,15,False,DATA,22158383
2,КАПИТАЛ И РЕЗЕРВЫ,T23_000000_t19Ved14.xlsx,8,16,False,DATA,22158383
2,КАПИТАЛ И РЕЗЕРВЫ,T23_000000_t19Ved14.xlsx,9,0,False,OKVED_CODE,Обрабатывающие производства
2,КАПИТАЛ И РЕЗЕРВЫ,T23_000000_t19Ved14.xlsx,9,1,False,OKVED_NAME,24471712
2,КАПИТАЛ И РЕЗЕРВЫ,T23_000000_t19Ved14.xlsx,9,2,False,DATA,24471712
2,КАПИТАЛ И РЕЗЕРВЫ,T23_000000_t19Ved14.xlsx,9,3,False,DATA,26933459
2,КАПИТАЛ И РЕЗЕРВЫ,T23_000000_t19Ved14.xlsx,9,4,False,DATA,26933459
2,КАПИТАЛ И РЕЗЕРВЫ,T23_000000_t19Ved14.xlsx,9,5,False,DATA,26933459
2,КАПИТАЛ И РЕЗЕРВЫ,T23_000000_t19Ved14.xlsx,9,6,False,DATA,26933459
2,КАПИТАЛ И РЕЗЕРВЫ,T23_000000_t19Ved14.xlsx,9,7,False,DATA,4395774
2,КАПИТАЛ И РЕЗЕРВЫ,T23_000000_t19Ved14.xlsx,9,8,False,DATA,4395774
2,КАПИТАЛ И РЕЗЕРВЫ,T23_000000_t19Ved14.xlsx,9,9,False,DATA,4395774
2,КАПИТАЛ И РЕЗЕРВЫ,T23_000000_t19Ved14.xlsx,9,10,False,DATA,7408389
2,КАПИТАЛ И РЕЗЕРВЫ,T23_000000_t19Ved14.xlsx,9,11,False,DATA,7408389
2,КАПИТАЛ И РЕЗЕРВЫ,T23_000000_t19Ved14.xlsx,9,12,False,DATA,7408389
2,КАПИТАЛ И РЕЗЕРВЫ,T23_000000_t19Ved14.xlsx,9,13,False,DATA,12581661
2,КАПИТАЛ И РЕЗЕРВЫ,T23_000000_t19Ved14.xlsx,9,14,False,DATA,12581661
2,КАПИТАЛ И РЕЗЕРВЫ,T23_000000_t19Ved14.xlsx,9,15,False,DATA,11194230
2,КАПИТАЛ И РЕЗЕРВЫ,T23_000000_t19Ved14.xlsx,9,16,False,DATA,11194230
2,КАПИТАЛ И РЕЗЕРВЫ,T23_000000_t19Ved14.xlsx,10,0,False,OKVED_CODE,производство пищевых продуктов
2,КАПИТАЛ И РЕЗЕРВЫ,T23_000000_t19Ved14.xlsx,10,1,False,OKVED_NAME,21803984
2,КАПИТАЛ И РЕЗЕРВЫ,T23_000000_t19Ved14.xlsx,10,2,False,DATA,21803984
2,КАПИТАЛ И РЕЗЕРВЫ,T23_000000_t19Ved14.xlsx,10,3,False,DATA,24151133
2,КАПИТАЛ И РЕЗЕРВЫ,T23_000000_t19Ved14.xlsx,10,4,False,DATA,24151133
2,КАПИТАЛ И РЕЗЕРВЫ,T23_000000_t19Ved14.xlsx,10,5,False,DATA,24151133
2,КАПИТАЛ И РЕЗЕРВЫ,T23_000000_t19Ved14.xlsx,10,6,False,DATA,24151133
2,КАПИТАЛ И РЕЗЕРВЫ,T23_000000_t19Ved14.xlsx,10,7,False,DATA,4099201
2,КАПИТАЛ И РЕЗЕРВЫ,T23_000000_t19Ved14.xlsx,10,8,False,DATA,4099201
2,КАПИТАЛ И РЕЗЕРВЫ,T23_000000_t19Ved14.xlsx,10,9,False,DATA,4099201
2,КАПИТАЛ И РЕЗЕРВЫ,T23_000000_t19Ved14.xlsx,10,10,False,DATA,4230772
2,КАПИТАЛ И РЕЗЕРВЫ,T23_000000_t19Ved14.xlsx,10,11,False,DATA,4230772
2,КАПИТАЛ И РЕЗЕРВЫ,T23_000000_t19Ved14.xlsx,10,12,False,DATA,4230772
2,КАПИТАЛ И РЕЗЕРВЫ,T23_000000_t19Ved14.xlsx,10,13,False,DATA,6830450
2,КАПИТАЛ И РЕЗЕРВЫ,T23_000000_t19Ved14.xlsx,10,14,False,DATA,6830450
2,КАПИТАЛ И РЕЗЕРВЫ,T23_000000_t19Ved14.xlsx,10,15,False,DATA,8563957
2,КАПИТАЛ И РЕЗЕРВЫ,T23_000000_t19Ved14.xlsx,10,16,False,DATA,8563957
2,КАПИТАЛ И РЕЗЕРВЫ,T23_000000_t19Ved14.xlsx,11,0,False,OKVED_CODE,производство напитков
2,КАПИТАЛ И РЕЗЕРВЫ,T23_000000_t19Ved14.xlsx,11,1,False,OKVED_NAME,1319868
2,КАПИТАЛ И РЕЗЕРВЫ,T23_000000_t19Ved14.xlsx,11,2,False,DATA,1319868
2,КАПИТАЛ И РЕЗЕРВЫ,T23_000000_t19Ved14.xlsx,11,3,False,DATA,1397084
2,КАПИТАЛ И РЕЗЕРВЫ,T23_000000_t19Ved14.xlsx,11,4,False,DATA,1397084
2,КАПИТАЛ И РЕЗЕРВЫ,T23_000000_t19Ved14.xlsx,11,5,False,DATA,1397084
2,КАПИТАЛ И РЕЗЕРВЫ,T23_000000_t19Ved14.xlsx,11,6,False,DATA,1397084
2,КАПИТАЛ И РЕЗЕРВЫ,T23_000000_t19Ved14.xlsx,11,7,False,DATA,928
2,КАПИТАЛ И РЕЗЕРВЫ,T23_000000_t19Ved14.xlsx,11,8,False,DATA,928
2,КАПИТАЛ И РЕЗЕРВЫ,T23_000000_t19Ved14.xlsx,11,9,False,DATA,928
2,КАПИТАЛ И РЕЗЕРВЫ,T23_000000_t19Ved14.xlsx,11,10,False,DATA,543
2,КАПИТАЛ И РЕЗЕРВЫ,T23_000000_t19Ved14.xlsx,11,11,False,DATA,543
2,КАПИТАЛ И РЕЗЕРВЫ,T23_000000_t19Ved14.xlsx,11,12,False,DATA,543
2,КАПИТАЛ И РЕЗЕРВЫ,T23_000000_t19Ved14.xlsx,11,13,False,DATA,49193
2,КАПИТАЛ И РЕЗЕРВЫ,T23_000000_t19Ved14.xlsx,11,14,False,DATA,49193
2,КАПИТАЛ И РЕЗЕРВЫ,T23_000000_t19Ved14.xlsx,11,15,False,DATA,55191
2,КАПИТАЛ И РЕЗЕРВЫ,T23_000000_t19Ved14.xlsx,11,16,False,DATA,55191
2,КАПИТАЛ И РЕЗЕРВЫ,T23_000000_t19Ved14.xlsx,12,0,False,OKVED_CODE,производство прочих готовых изделий
2,КАПИТАЛ И РЕЗЕРВЫ,T23_000000_t19Ved14.xlsx,12,1,False,OKVED_NAME,2645
2,КАПИТАЛ И РЕЗЕРВЫ,T23_000000_t19Ved14.xlsx,12,2,False,DATA,2645
2,КАПИТАЛ И РЕЗЕРВЫ,T23_000000_t19Ved14.xlsx,12,3,False,DATA,9027
2,КАПИТАЛ И РЕЗЕРВЫ,T23_000000_t19Ved14.xlsx,12,4,False,DATA,9027
2,КАПИТАЛ И РЕЗЕРВЫ,T23_000000_t19Ved14.xlsx,12,5,False,DATA,9027
2,КАПИТАЛ И РЕЗЕРВЫ,T23_000000_t19Ved14.xlsx,12,6,False,DATA,9027
2,КАПИТАЛ И РЕЗЕРВЫ,T23_000000_t19Ved14.xlsx,12,7,False,DATA,-
2,КАПИТАЛ И РЕЗЕРВЫ,T23_000000_t19Ved14.xlsx,12,8,False,DATA,-
2,КАПИТАЛ И РЕЗЕРВЫ,T23_000000_t19Ved14.xlsx,12,9,False,DATA,-
2,КАПИТАЛ И РЕЗЕРВЫ,T23_000000_t19Ved14.xlsx,12,10,False,DATA,-
2,КАПИТАЛ И РЕЗЕРВЫ,T23_000000_t19Ved14.xlsx,12,11,False,DATA,-
2,КАПИТАЛ И РЕЗЕРВЫ,T23_000000_t19Ved14.xlsx,12,12,False,DATA,-
2,КАПИТАЛ И РЕЗЕРВЫ,T23_000000_t19Ved14.xlsx,12,13,False,DATA,28429
2,КАПИТАЛ И РЕЗЕРВЫ,T23_000000_t19Ved14.xlsx,12,14,False,DATA,28429
2,КАПИТАЛ И РЕЗЕРВЫ,T23_000000_t19Ved14.xlsx,12,15,False,DATA,19773
2,КАПИТАЛ И РЕЗЕРВЫ,T23_000000_t19Ved14.xlsx,12,16,False,DATA,19773
2,КАПИТАЛ И РЕЗЕРВЫ,T23_000000_t19Ved14.xlsx,13,0,False,OKVED_CODE,"ремонт и монтаж машин
и оборудования"
2,КАПИТАЛ И РЕЗЕРВЫ,T23_000000_t19Ved14.xlsx,13,1,False,OKVED_NAME,1345174
2,КАПИТАЛ И РЕЗЕРВЫ,T23_000000_t19Ved14.xlsx,13,2,False,DATA,1345174
2,КАПИТАЛ И РЕЗЕРВЫ,T23_000000_t19Ved14.xlsx,13,3,False,DATA,1376174
2,КАПИТАЛ И РЕЗЕРВЫ,T23_000000_t19Ved14.xlsx,13,4,False,DATA,1376174
2,КАПИТАЛ И РЕЗЕРВЫ,T23_000000_t19Ved14.xlsx,13,5,False,DATA,1376174
2,КАПИТАЛ И РЕЗЕРВЫ,T23_000000_t19Ved14.xlsx,13,6,False,DATA,1376174
2,КАПИТАЛ И РЕЗЕРВЫ,T23_000000_t19Ved14.xlsx,13,7,False,DATA,295645
2,КАПИТАЛ И РЕЗЕРВЫ,T23_000000_t19Ved14.xlsx,13,8,False,DATA,295645
2,КАПИТАЛ И РЕЗЕРВЫ,T23_000000_t19Ved14.xlsx,13,9,False,DATA,295645
2,КАПИТАЛ И РЕЗЕРВЫ,T23_000000_t19Ved14.xlsx,13,10,False,DATA,3177074
2,КАПИТАЛ И РЕЗЕРВЫ,T23_000000_t19Ved14.xlsx,13,11,False,DATA,3177074
2,КАПИТАЛ И РЕЗЕРВЫ,T23_000000_t19Ved14.xlsx,13,12,False,DATA,3177074
2,КАПИТАЛ И РЕЗЕРВЫ,T23_000000_t19Ved14.xlsx,13,13,False,DATA,5673583
2,КАПИТАЛ И РЕЗЕРВЫ,T23_000000_t19Ved14.xlsx,13,14,False,DATA,5673583
2,КАПИТАЛ И РЕЗЕРВЫ,T23_000000_t19Ved14.xlsx,13,15,False,DATA,2555303
2,КАПИТАЛ И РЕЗЕРВЫ,T23_000000_t19Ved14.xlsx,13,16,False,DATA,2555303
2,КАПИТАЛ И РЕЗЕРВЫ,T23_000000_t19Ved14.xlsx,14,0,False,OKVED_CODE,"Обеспечение электрической энергией, газом и паром; кондиционирование воздуха"
2,КАПИТАЛ И РЕЗЕРВЫ,T23_000000_t19Ved14.xlsx,14,1,False,OKVED_NAME,18289623
2,КАПИТАЛ И РЕЗЕРВЫ,T23_000000_t19Ved14.xlsx,14,2,False,DATA,18289623
2,КАПИТАЛ И РЕЗЕРВЫ,T23_000000_t19Ved14.xlsx,14,3,False,DATA,23321453
2,КАПИТАЛ И РЕЗЕРВЫ,T23_000000_t19Ved14.xlsx,14,4,False,DATA,23321453
2,КАПИТАЛ И РЕЗЕРВЫ,T23_000000_t19Ved14.xlsx,14,5,False,DATA,23321453
2,КАПИТАЛ И РЕЗЕРВЫ,T23_000000_t19Ved14.xlsx,14,6,False,DATA,23321453
2,КАПИТАЛ И РЕЗЕРВЫ,T23_000000_t19Ved14.xlsx,14,7,False,DATA,15361812
2,КАПИТАЛ И РЕЗЕРВЫ,T23_000000_t19Ved14.xlsx,14,8,False,DATA,15361812
2,КАПИТАЛ И РЕЗЕРВЫ,T23_000000_t19Ved14.xlsx,14,9,False,DATA,15361812
2,КАПИТАЛ И РЕЗЕРВЫ,T23_000000_t19Ved14.xlsx,14,10,False,DATA,19320284
2,КАПИТАЛ И РЕЗЕРВЫ,T23_000000_t19Ved14.xlsx,14,11,False,DATA,19320284
2,КАПИТАЛ И РЕЗЕРВЫ,T23_000000_t19Ved14.xlsx,14,12,False,DATA,19320284
2,КАПИТАЛ И РЕЗЕРВЫ,T23_000000_t19Ved14.xlsx,14,13,False,DATA,22296599
2,КАПИТАЛ И РЕЗЕРВЫ,T23_000000_t19Ved14.xlsx,14,14,False,DATA,22296599
2,КАПИТАЛ И РЕЗЕРВЫ,T23_000000_t19Ved14.xlsx,14,15,False,DATA,20214031
2,КАПИТАЛ И РЕЗЕРВЫ,T23_000000_t19Ved14.xlsx,14,16,False,DATA,20214031
2,КАПИТАЛ И РЕЗЕРВЫ,T23_000000_t19Ved14.xlsx,15,0,False,OKVED_CODE,"обеспечение электрической энергией, газом и паром; кондиционирование воздуха"
2,КАПИТАЛ И РЕЗЕРВЫ,T23_000000_t19Ved14.xlsx,15,1,False,OKVED_NAME,18289623
2,КАПИТАЛ И РЕЗЕРВЫ,T23_000000_t19Ved14.xlsx,15,2,False,DATA,18289623
2,КАПИТАЛ И РЕЗЕРВЫ,T23_000000_t19Ved14.xlsx,15,3,False,DATA,23321453
2,КАПИТАЛ И РЕЗЕРВЫ,T23_000000_t19Ved14.xlsx,15,4,False,DATA,23321453
2,КАПИТАЛ И РЕЗЕРВЫ,T23_000000_t19Ved14.xlsx,15,5,False,DATA,23321453
2,КАПИТАЛ И РЕЗЕРВЫ,T23_000000_t19Ved14.xlsx,15,6,False,DATA,23321453
2,КАПИТАЛ И РЕЗЕРВЫ,T23_000000_t19Ved14.xlsx,15,7,False,DATA,15361812
2,КАПИТАЛ И РЕЗЕРВЫ,T23_000000_t19Ved14.xlsx,15,8,False,DATA,15361812
2,КАПИТАЛ И РЕЗЕРВЫ,T23_000000_t19Ved14.xlsx,15,9,False,DATA,15361812
2,КАПИТАЛ И РЕЗЕРВЫ,T23_000000_t19Ved14.xlsx,15,10,False,DATA,19320284
2,КАПИТАЛ И РЕЗЕРВЫ,T23_000000_t19Ved14.xlsx,15,11,False,DATA,19320284
2,КАПИТАЛ И РЕЗЕРВЫ,T23_000000_t19Ved14.xlsx,15,12,False,DATA,19320284
2,КАПИТАЛ И РЕЗЕРВЫ,T23_000000_t19Ved14.xlsx,15,13,False,DATA,22296599
2,КАПИТАЛ И РЕЗЕРВЫ,T23_000000_t19Ved14.xlsx,15,14,False,DATA,22296599
2,КАПИТАЛ И РЕЗЕРВЫ,T23_000000_t19Ved14.xlsx,15,15,False,DATA,20214031
2,КАПИТАЛ И РЕЗЕРВЫ,T23_000000_t19Ved14.xlsx,15,16,False,DATA,20214031
2,КАПИТАЛ И РЕЗЕРВЫ,T23_000000_t19Ved14.xlsx,16,0,False,OKVED_CODE,"Водоснабжение; водоотведение, организация сбора и утилизации отходов, деятельность
по ликвидации заг"
2,КАПИТАЛ И РЕЗЕРВЫ,T23_000000_t19Ved14.xlsx,16,1,False,OKVED_NAME,5326006
2,КАПИТАЛ И РЕЗЕРВЫ,T23_000000_t19Ved14.xlsx,16,2,False,DATA,5326006
2,КАПИТАЛ И РЕЗЕРВЫ,T23_000000_t19Ved14.xlsx,16,3,False,DATA,5819117
2,КАПИТАЛ И РЕЗЕРВЫ,T23_000000_t19Ved14.xlsx,16,4,False,DATA,5819117
2,КАПИТАЛ И РЕЗЕРВЫ,T23_000000_t19Ved14.xlsx,16,5,False,DATA,5819117
2,КАПИТАЛ И РЕЗЕРВЫ,T23_000000_t19Ved14.xlsx,16,6,False,DATA,5819117
2,КАПИТАЛ И РЕЗЕРВЫ,T23_000000_t19Ved14.xlsx,16,7,False,DATA,2334634
2,КАПИТАЛ И РЕЗЕРВЫ,T23_000000_t19Ved14.xlsx,16,8,False,DATA,2334634
2,КАПИТАЛ И РЕЗЕРВЫ,T23_000000_t19Ved14.xlsx,16,9,False,DATA,2334634
2,КАПИТАЛ И РЕЗЕРВЫ,T23_000000_t19Ved14.xlsx,16,10,False,DATA,2750214
2,КАПИТАЛ И РЕЗЕРВЫ,T23_000000_t19Ved14.xlsx,16,11,False,DATA,2750214
2,КАПИТАЛ И РЕЗЕРВЫ,T23_000000_t19Ved14.xlsx,16,12,False,DATA,2750214
2,КАПИТАЛ И РЕЗЕРВЫ,T23_000000_t19Ved14.xlsx,16,13,False,DATA,1803996
2,КАПИТАЛ И РЕЗЕРВЫ,T23_000000_t19Ved14.xlsx,16,14,False,DATA,1803996
2,КАПИТАЛ И РЕЗЕРВЫ,T23_000000_t19Ved14.xlsx,16,15,False,DATA,1829021
2,КАПИТАЛ И РЕЗЕРВЫ,T23_000000_t19Ved14.xlsx,16,16,False,DATA,1829021
2,КАПИТАЛ И РЕЗЕРВЫ,T23_000000_t19Ved14.xlsx,17,0,False,OKVED_CODE,"забор, очистка и распределение воды"
2,КАПИТАЛ И РЕЗЕРВЫ,T23_000000_t19Ved14.xlsx,17,1,False,OKVED_NAME,4401899
2,КАПИТАЛ И РЕЗЕРВЫ,T23_000000_t19Ved14.xlsx,17,2,False,DATA,4401899
2,КАПИТАЛ И РЕЗЕРВЫ,T23_000000_t19Ved14.xlsx,17,3,False,DATA,4635636
2,КАПИТАЛ И РЕЗЕРВЫ,T23_000000_t19Ved14.xlsx,17,4,False,DATA,4635636
2,КАПИТАЛ И РЕЗЕРВЫ,T23_000000_t19Ved14.xlsx,17,5,False,DATA,4635636
2,КАПИТАЛ И РЕЗЕРВЫ,T23_000000_t19Ved14.xlsx,17,6,False,DATA,4635636
2,КАПИТАЛ И РЕЗЕРВЫ,T23_000000_t19Ved14.xlsx,17,7,False,DATA,2333597
2,КАПИТАЛ И РЕЗЕРВЫ,T23_000000_t19Ved14.xlsx,17,8,False,DATA,2333597
2,КАПИТАЛ И РЕЗЕРВЫ,T23_000000_t19Ved14.xlsx,17,9,False,DATA,2333597
2,КАПИТАЛ И РЕЗЕРВЫ,T23_000000_t19Ved14.xlsx,17,10,False,DATA,2710901
2,КАПИТАЛ И РЕЗЕРВЫ,T23_000000_t19Ved14.xlsx,17,11,False,DATA,2710901
2,КАПИТАЛ И РЕЗЕРВЫ,T23_000000_t19Ved14.xlsx,17,12,False,DATA,2710901
2,КАПИТАЛ И РЕЗЕРВЫ,T23_000000_t19Ved14.xlsx,17,13,False,DATA,1551475
2,КАПИТАЛ И РЕЗЕРВЫ,T23_000000_t19Ved14.xlsx,17,14,False,DATA,1551475
2,КАПИТАЛ И РЕЗЕРВЫ,T23_000000_t19Ved14.xlsx,17,15,False,DATA,1594268
2,КАПИТАЛ И РЕЗЕРВЫ,T23_000000_t19Ved14.xlsx,17,16,False,DATA,1594268
2,КАПИТАЛ И РЕЗЕРВЫ,T23_000000_t19Ved14.xlsx,18,0,False,OKVED_CODE,
2,КАПИТАЛ И РЕЗЕРВЫ,T23_000000_t19Ved14.xlsx,18,1,False,OKVED_NAME,
2,КАПИТАЛ И РЕЗЕРВЫ,T23_000000_t19Ved14.xlsx,18,2,False,EMPTY,
2,КАПИТАЛ И РЕЗЕРВЫ,T23_000000_t19Ved14.xlsx,18,3,False,EMPTY,
2,КАПИТАЛ И РЕЗЕРВЫ,T23_000000_t19Ved14.xlsx,18,4,False,EMPTY,
2,КАПИТАЛ И РЕЗЕРВЫ,T23_000000_t19Ved14.xlsx,18,5,False,EMPTY,
2,КАПИТАЛ И РЕЗЕРВЫ,T23_000000_t19Ved14.xlsx,18,6,False,EMPTY,
2,КАПИТАЛ И РЕЗЕРВЫ,T23_000000_t19Ved14.xlsx,18,7,False,EMPTY,
2,КАПИТАЛ И РЕЗЕРВЫ,T23_000000_t19Ved14.xlsx,18,8,False,EMPTY,
2,КАПИТАЛ И РЕЗЕРВЫ,T23_000000_t19Ved14.xlsx,18,9,False,EMPTY,
2,КАПИТАЛ И РЕЗЕРВЫ,T23_000000_t19Ved14.xlsx,18,10,False,EMPTY,
2,КАПИТАЛ И РЕЗЕРВЫ,T23_000000_t19Ved14.xlsx,18,11,False,EMPTY,
2,КАПИТАЛ И РЕЗЕРВЫ,T23_000000_t19Ved14.xlsx,18,12,False,EMPTY,
2,КАПИТАЛ И РЕЗЕРВЫ,T23_000000_t19Ved14.xlsx,18,13,False,EMPTY,
2,КАПИТАЛ И РЕЗЕРВЫ,T23_000000_t19Ved14.xlsx,18,14,False,EMPTY,
2,КАПИТАЛ И РЕЗЕРВЫ,T23_000000_t19Ved14.xlsx,18,15,False,EMPTY,
2,КАПИТАЛ И РЕЗЕРВЫ,T23_000000_t19Ved14.xlsx,18,16,False,EMPTY,
2,КАПИТАЛ И РЕЗЕРВЫ,T23_000000_t19Ved14.xlsx,19,0,False,OKVED_CODE,
2,КАПИТАЛ И РЕЗЕРВЫ,T23_000000_t19Ved14.xlsx,19,1,False,OKVED_NAME,
2,КАПИТАЛ И РЕЗЕРВЫ,T23_000000_t19Ved14.xlsx,19,2,False,EMPTY,
2,КАПИТАЛ И РЕЗЕРВЫ,T23_000000_t19Ved14.xlsx,19,3,False,EMPTY,
2,КАПИТАЛ И РЕЗЕРВЫ,T23_000000_t19Ved14.xlsx,19,4,False,EMPTY,
2,КАПИТАЛ И РЕЗЕРВЫ,T23_000000_t19Ved14.xlsx,19,5,False,EMPTY,
2,КАПИТАЛ И РЕЗЕРВЫ,T23_000000_t19Ved14.xlsx,19,6,False,EMPTY,
2,КАПИТАЛ И РЕЗЕРВЫ,T23_000000_t19Ved14.xlsx,19,7,False,EMPTY,
2,КАПИТАЛ И РЕЗЕРВЫ,T23_000000_t19Ved14.xlsx,19,8,False,EMPTY,
2,КАПИТАЛ И РЕЗЕРВЫ,T23_000000_t19Ved14.xlsx,19,9,False,EMPTY,
2,КАПИТАЛ И РЕЗЕРВЫ,T23_000000_t19Ved14.xlsx,19,10,False,DATA,Продолжение таблицы 1.
2,КАПИТАЛ И РЕЗЕРВЫ,T23_000000_t19Ved14.xlsx,19,11,False,DATA,Продолжение таблицы 1.
2,КАПИТАЛ И РЕЗЕРВЫ,T23_000000_t19Ved14.xlsx,19,12,False,DATA,Продолжение таблицы 1.
2,КАПИТАЛ И РЕЗЕРВЫ,T23_000000_t19Ved14.xlsx,19,13,False,DATA,Продолжение таблицы 1.
2,КАПИТАЛ И РЕЗЕРВЫ,T23_000000_t19Ved14.xlsx,19,14,False,DATA,Продолжение таблицы 1.
2,КАПИТАЛ И РЕЗЕРВЫ,T23_000000_t19Ved14.xlsx,19,15,False,DATA,Продолжение таблицы 1.
2,КАПИТАЛ И РЕЗЕРВЫ,T23_000000_t19Ved14.xlsx,19,16,False,DATA,Продолжение таблицы 1.
2,КАПИТАЛ И РЕЗЕРВЫ,T23_000000_t19Ved14.xlsx,20,0,False,OKVED_CODE,
2,КАПИТАЛ И РЕЗЕРВЫ,T23_000000_t19Ved14.xlsx,20,1,False,OKVED_NAME,Капитал и резервы
2,КАПИТАЛ И РЕЗЕРВЫ,T23_000000_t19Ved14.xlsx,20,2,False,DATA,Капитал и резервы
2,КАПИТАЛ И РЕЗЕРВЫ,T23_000000_t19Ved14.xlsx,20,3,False,DATA,Капитал и резервы
2,КАПИТАЛ И РЕЗЕРВЫ,T23_000000_t19Ved14.xlsx,20,4,False,DATA,Капитал и резервы
2,КАПИТАЛ И РЕЗЕРВЫ,T23_000000_t19Ved14.xlsx,20,5,False,DATA,Капитал и резервы
2,КАПИТАЛ И РЕЗЕРВЫ,T23_000000_t19Ved14.xlsx,20,6,False,DATA,Капитал и резервы
2,КАПИТАЛ И РЕЗЕРВЫ,T23_000000_t19Ved14.xlsx,20,7,False,DATA,Долгосрочные обязательства
2,КАПИТАЛ И РЕЗЕРВЫ,T23_000000_t19Ved14.xlsx,20,8,False,DATA,Долгосрочные обязательства
2,КАПИТАЛ И РЕЗЕРВЫ,T23_000000_t19Ved14.xlsx,20,9,False,DATA,Долгосрочные обязательства
2,КАПИТАЛ И РЕЗЕРВЫ,T23_000000_t19Ved14.xlsx,20,10,False,DATA,Долгосрочные обязательства
2,КАПИТАЛ И РЕЗЕРВЫ,T23_000000_t19Ved14.xlsx,20,11,False,DATA,Долгосрочные обязательства
2,КАПИТАЛ И РЕЗЕРВЫ,T23_000000_t19Ved14.xlsx,20,12,False,DATA,Долгосрочные обязательства
2,КАПИТАЛ И РЕЗЕРВЫ,T23_000000_t19Ved14.xlsx,20,13,False,DATA,Краткосрочные обязательства
2,КАПИТАЛ И РЕЗЕРВЫ,T23_000000_t19Ved14.xlsx,20,14,False,DATA,Краткосрочные обязательства
2,КАПИТАЛ И РЕЗЕРВЫ,T23_000000_t19Ved14.xlsx,20,15,False,DATA,Краткосрочные обязательства
2,КАПИТАЛ И РЕЗЕРВЫ,T23_000000_t19Ved14.xlsx,20,16,False,DATA,Краткосрочные обязательства
2,КАПИТАЛ И РЕЗЕРВЫ,T23_000000_t19Ved14.xlsx,21,0,False,OKVED_CODE,
2,КАПИТАЛ И РЕЗЕРВЫ,T23_000000_t19Ved14.xlsx,21,1,False,OKVED_NAME,2022
2,КАПИТАЛ И РЕЗЕРВЫ,T23_000000_t19Ved14.xlsx,21,2,False,DATA,2022
2,КАПИТАЛ И РЕЗЕРВЫ,T23_000000_t19Ved14.xlsx,21,3,False,DATA,2023
2,КАПИТАЛ И РЕЗЕРВЫ,T23_000000_t19Ved14.xlsx,21,4,False,DATA,2023
2,КАПИТАЛ И РЕЗЕРВЫ,T23_000000_t19Ved14.xlsx,21,5,False,DATA,2023
2,КАПИТАЛ И РЕЗЕРВЫ,T23_000000_t19Ved14.xlsx,21,6,False,DATA,2023
2,КАПИТАЛ И РЕЗЕРВЫ,T23_000000_t19Ved14.xlsx,21,7,False,DATA,2022
2,КАПИТАЛ И РЕЗЕРВЫ,T23_000000_t19Ved14.xlsx,21,8,False,DATA,2022
2,КАПИТАЛ И РЕЗЕРВЫ,T23_000000_t19Ved14.xlsx,21,9,False,DATA,2022
2,КАПИТАЛ И РЕЗЕРВЫ,T23_000000_t19Ved14.xlsx,21,10,False,DATA,2023
2,КАПИТАЛ И РЕЗЕРВЫ,T23_000000_t19Ved14.xlsx,21,11,False,DATA,2023
2,КАПИТАЛ И РЕЗЕРВЫ,T23_000000_t19Ved14.xlsx,21,12,False,DATA,2023
2,КАПИТАЛ И РЕЗЕРВЫ,T23_000000_t19Ved14.xlsx,21,13,False,DATA,2022
2,КАПИТАЛ И РЕЗЕРВЫ,T23_000000_t19Ved14.xlsx,21,14,False,DATA,2022
2,КАПИТАЛ И РЕЗЕРВЫ,T23_000000_t19Ved14.xlsx,21,15,False,DATA,2023
2,КАПИТАЛ И РЕЗЕРВЫ,T23_000000_t19Ved14.xlsx,21,16,False,DATA,2023
2,КАПИТАЛ И РЕЗЕРВЫ,T23_000000_t19Ved14.xlsx,22,0,False,OKVED_CODE,"сбор, обработка и утилизация отходов; обработка вторичного сырья"
2,КАПИТАЛ И РЕЗЕРВЫ,T23_000000_t19Ved14.xlsx,22,1,False,OKVED_NAME,924107
2,КАПИТАЛ И РЕЗЕРВЫ,T23_000000_t19Ved14.xlsx,22,2,False,DATA,924107
2,КАПИТАЛ И РЕЗЕРВЫ,T23_000000_t19Ved14.xlsx,22,3,False,DATA,1183481
2,КАПИТАЛ И РЕЗЕРВЫ,T23_000000_t19Ved14.xlsx,22,4,False,DATA,1183481
2,КАПИТАЛ И РЕЗЕРВЫ,T23_000000_t19Ved14.xlsx,22,5,False,DATA,1183481
2,КАПИТАЛ И РЕЗЕРВЫ,T23_000000_t19Ved14.xlsx,22,6,False,DATA,1183481
2,КАПИТАЛ И РЕЗЕРВЫ,T23_000000_t19Ved14.xlsx,22,7,False,DATA,1037
2,КАПИТАЛ И РЕЗЕРВЫ,T23_000000_t19Ved14.xlsx,22,8,False,DATA,1037
2,КАПИТАЛ И РЕЗЕРВЫ,T23_000000_t19Ved14.xlsx,22,9,False,DATA,1037
2,КАПИТАЛ И РЕЗЕРВЫ,T23_000000_t19Ved14.xlsx,22,10,False,DATA,39313
2,КАПИТАЛ И РЕЗЕРВЫ,T23_000000_t19Ved14.xlsx,22,11,False,DATA,39313
2,КАПИТАЛ И РЕЗЕРВЫ,T23_000000_t19Ved14.xlsx,22,12,False,DATA,39313
2,КАПИТАЛ И РЕЗЕРВЫ,T23_000000_t19Ved14.xlsx,22,13,False,DATA,252521
2,КАПИТАЛ И РЕЗЕРВЫ,T23_000000_t19Ved14.xlsx,22,14,False,DATA,252521
2,КАПИТАЛ И РЕЗЕРВЫ,T23_000000_t19Ved14.xlsx,22,15,False,DATA,234753
2,КАПИТАЛ И РЕЗЕРВЫ,T23_000000_t19Ved14.xlsx,22,16,False,DATA,234753
2,КАПИТАЛ И РЕЗЕРВЫ,T23_000000_t19Ved14.xlsx,23,0,False,OKVED_CODE,Строительство
2,КАПИТАЛ И РЕЗЕРВЫ,T23_000000_t19Ved14.xlsx,23,1,False,OKVED_NAME,1519436
2,КАПИТАЛ И РЕЗЕРВЫ,T23_000000_t19Ved14.xlsx,23,2,False,DATA,1519436
2,КАПИТАЛ И РЕЗЕРВЫ,T23_000000_t19Ved14.xlsx,23,3,False,DATA,2787428
2,КАПИТАЛ И РЕЗЕРВЫ,T23_000000_t19Ved14.xlsx,23,4,False,DATA,2787428
2,КАПИТАЛ И РЕЗЕРВЫ,T23_000000_t19Ved14.xlsx,23,5,False,DATA,2787428
2,КАПИТАЛ И РЕЗЕРВЫ,T23_000000_t19Ved14.xlsx,23,6,False,DATA,2787428
2,КАПИТАЛ И РЕЗЕРВЫ,T23_000000_t19Ved14.xlsx,23,7,False,DATA,860591
2,КАПИТАЛ И РЕЗЕРВЫ,T23_000000_t19Ved14.xlsx,23,8,False,DATA,860591
2,КАПИТАЛ И РЕЗЕРВЫ,T23_000000_t19Ved14.xlsx,23,9,False,DATA,860591
2,КАПИТАЛ И РЕЗЕРВЫ,T23_000000_t19Ved14.xlsx,23,10,False,DATA,1273254
2,КАПИТАЛ И РЕЗЕРВЫ,T23_000000_t19Ved14.xlsx,23,11,False,DATA,1273254
2,КАПИТАЛ И РЕЗЕРВЫ,T23_000000_t19Ved14.xlsx,23,12,False,DATA,1273254
2,КАПИТАЛ И РЕЗЕРВЫ,T23_000000_t19Ved14.xlsx,23,13,False,DATA,16735380
2,КАПИТАЛ И РЕЗЕРВЫ,T23_000000_t19Ved14.xlsx,23,14,False,DATA,16735380
2,КАПИТАЛ И РЕЗЕРВЫ,T23_000000_t19Ved14.xlsx,23,15,False,DATA,21690357
2,КАПИТАЛ И РЕЗЕРВЫ,T23_000000_t19Ved14.xlsx,23,16,False,DATA,21690357
2,КАПИТАЛ И РЕЗЕРВЫ,T23_000000_t19Ved14.xlsx,24,0,False,OKVED_CODE,строительство зданий
2,КАПИТАЛ И РЕЗЕРВЫ,T23_000000_t19Ved14.xlsx,24,1,False,OKVED_NAME,388186
2,КАПИТАЛ И РЕЗЕРВЫ,T23_000000_t19Ved14.xlsx,24,2,False,DATA,388186
2,КАПИТАЛ И РЕЗЕРВЫ,T23_000000_t19Ved14.xlsx,24,3,False,DATA,763714
2,КАПИТАЛ И РЕЗЕРВЫ,T23_000000_t19Ved14.xlsx,24,4,False,DATA,763714
2,КАПИТАЛ И РЕЗЕРВЫ,T23_000000_t19Ved14.xlsx,24,5,False,DATA,763714
2,КАПИТАЛ И РЕЗЕРВЫ,T23_000000_t19Ved14.xlsx,24,6,False,DATA,763714
2,КАПИТАЛ И РЕЗЕРВЫ,T23_000000_t19Ved14.xlsx,24,7,False,DATA,627033
2,КАПИТАЛ И РЕЗЕРВЫ,T23_000000_t19Ved14.xlsx,24,8,False,DATA,627033
2,КАПИТАЛ И РЕЗЕРВЫ,T23_000000_t19Ved14.xlsx,24,9,False,DATA,627033
2,КАПИТАЛ И РЕЗЕРВЫ,T23_000000_t19Ved14.xlsx,24,10,False,DATA,426050
2,КАПИТАЛ И РЕЗЕРВЫ,T23_000000_t19Ved14.xlsx,24,11,False,DATA,426050
2,КАПИТАЛ И РЕЗЕРВЫ,T23_000000_t19Ved14.xlsx,24,12,False,DATA,426050
2,КАПИТАЛ И РЕЗЕРВЫ,T23_000000_t19Ved14.xlsx,24,13,False,DATA,12422708
2,КАПИТАЛ И РЕЗЕРВЫ,T23_000000_t19Ved14.xlsx,24,14,False,DATA,12422708
2,КАПИТАЛ И РЕЗЕРВЫ,T23_000000_t19Ved14.xlsx,24,15,False,DATA,16547335
2,КАПИТАЛ И РЕЗЕРВЫ,T23_000000_t19Ved14.xlsx,24,16,False,DATA,16547335
2,КАПИТАЛ И РЕЗЕРВЫ,T23_000000_t19Ved14.xlsx,25,0,False,OKVED_CODE,строительство инженерных сооружений
2,КАПИТАЛ И РЕЗЕРВЫ,T23_000000_t19Ved14.xlsx,25,1,False,OKVED_NAME,1153863
2,КАПИТАЛ И РЕЗЕРВЫ,T23_000000_t19Ved14.xlsx,25,2,False,DATA,1153863
2,КАПИТАЛ И РЕЗЕРВЫ,T23_000000_t19Ved14.xlsx,25,3,False,DATA,2046639
2,КАПИТАЛ И РЕЗЕРВЫ,T23_000000_t19Ved14.xlsx,25,4,False,DATA,2046639
2,КАПИТАЛ И РЕЗЕРВЫ,T23_000000_t19Ved14.xlsx,25,5,False,DATA,2046639
2,КАПИТАЛ И РЕЗЕРВЫ,T23_000000_t19Ved14.xlsx,25,6,False,DATA,2046639
2,КАПИТАЛ И РЕЗЕРВЫ,T23_000000_t19Ved14.xlsx,25,7,False,DATA,233558
2,КАПИТАЛ И РЕЗЕРВЫ,T23_000000_t19Ved14.xlsx,25,8,False,DATA,233558
2,КАПИТАЛ И РЕЗЕРВЫ,T23_000000_t19Ved14.xlsx,25,9,False,DATA,233558
2,КАПИТАЛ И РЕЗЕРВЫ,T23_000000_t19Ved14.xlsx,25,10,False,DATA,846942
2,КАПИТАЛ И РЕЗЕРВЫ,T23_000000_t19Ved14.xlsx,25,11,False,DATA,846942
2,КАПИТАЛ И РЕЗЕРВЫ,T23_000000_t19Ved14.xlsx,25,12,False,DATA,846942
2,КАПИТАЛ И РЕЗЕРВЫ,T23_000000_t19Ved14.xlsx,25,13,False,DATA,4233099
2,КАПИТАЛ И РЕЗЕРВЫ,T23_000000_t19Ved14.xlsx,25,14,False,DATA,4233099
2,КАПИТАЛ И РЕЗЕРВЫ,T23_000000_t19Ved14.xlsx,25,15,False,DATA,5071668
2,КАПИТАЛ И РЕЗЕРВЫ,T23_000000_t19Ved14.xlsx,25,16,False,DATA,5071668
2,КАПИТАЛ И РЕЗЕРВЫ,T23_000000_t19Ved14.xlsx,26,0,False,OKVED_CODE,работы строительные специализированные
2,КАПИТАЛ И РЕЗЕРВЫ,T23_000000_t19Ved14.xlsx,26,1,False,OKVED_NAME,-22613
2,КАПИТАЛ И РЕЗЕРВЫ,T23_000000_t19Ved14.xlsx,26,2,False,DATA,-22613
2,КАПИТАЛ И РЕЗЕРВЫ,T23_000000_t19Ved14.xlsx,26,3,False,DATA,-22925
2,КАПИТАЛ И РЕЗЕРВЫ,T23_000000_t19Ved14.xlsx,26,4,False,DATA,-22925
2,КАПИТАЛ И РЕЗЕРВЫ,T23_000000_t19Ved14.xlsx,26,5,False,DATA,-22925
2,КАПИТАЛ И РЕЗЕРВЫ,T23_000000_t19Ved14.xlsx,26,6,False,DATA,-22925
2,КАПИТАЛ И РЕЗЕРВЫ,T23_000000_t19Ved14.xlsx,26,7,False,DATA,-
2,КАПИТАЛ И РЕЗЕРВЫ,T23_000000_t19Ved14.xlsx,26,8,False,DATA,-
2,КАПИТАЛ И РЕЗЕРВЫ,T23_000000_t19Ved14.xlsx,26,9,False,DATA,-
2,КАПИТАЛ И РЕЗЕРВЫ,T23_000000_t19Ved14.xlsx,26,10,False,DATA,262
2,КАПИТАЛ И РЕЗЕРВЫ,T23_000000_t19Ved14.xlsx,26,11,False,DATA,262
2,КАПИТАЛ И РЕЗЕРВЫ,T23_000000_t19Ved14.xlsx,26,12,False,DATA,262
2,КАПИТАЛ И РЕЗЕРВЫ,T23_000000_t19Ved14.xlsx,26,13,False,DATA,79573
2,КАПИТАЛ И РЕЗЕРВЫ,T23_000000_t19Ved14.xlsx,26,14,False,DATA,79573
2,КАПИТАЛ И РЕЗЕРВЫ,T23_000000_t19Ved14.xlsx,26,15,False,DATA,71354
2,КАПИТАЛ И РЕЗЕРВЫ,T23_000000_t19Ved14.xlsx,26,16,False,DATA,71354
2,КАПИТАЛ И РЕЗЕРВЫ,T23_000000_t19Ved14.xlsx,27,0,False,OKVED_CODE,Торговля оптовая и розничная; ремонт автотранспортных средств и мотоциклов
2,КАПИТАЛ И РЕЗЕРВЫ,T23_000000_t19Ved14.xlsx,27,1,False,OKVED_NAME,7948547
2,КАПИТАЛ И РЕЗЕРВЫ,T23_000000_t19Ved14.xlsx,27,2,False,DATA,7948547
2,КАПИТАЛ И РЕЗЕРВЫ,T23_000000_t19Ved14.xlsx,27,3,False,DATA,7924268
2,КАПИТАЛ И РЕЗЕРВЫ,T23_000000_t19Ved14.xlsx,27,4,False,DATA,7924268
2,КАПИТАЛ И РЕЗЕРВЫ,T23_000000_t19Ved14.xlsx,27,5,False,DATA,7924268
2,КАПИТАЛ И РЕЗЕРВЫ,T23_000000_t19Ved14.xlsx,27,6,False,DATA,7924268
2,КАПИТАЛ И РЕЗЕРВЫ,T23_000000_t19Ved14.xlsx,27,7,False,DATA,7266336
2,КАПИТАЛ И РЕЗЕРВЫ,T23_000000_t19Ved14.xlsx,27,8,False,DATA,7266336
2,КАПИТАЛ И РЕЗЕРВЫ,T23_000000_t19Ved14.xlsx,27,9,False,DATA,7266336
2,КАПИТАЛ И РЕЗЕРВЫ,T23_000000_t19Ved14.xlsx,27,10,False,DATA,8933661
2,КАПИТАЛ И РЕЗЕРВЫ,T23_000000_t19Ved14.xlsx,27,11,False,DATA,8933661
2,КАПИТАЛ И РЕЗЕРВЫ,T23_000000_t19Ved14.xlsx,27,12,False,DATA,8933661
2,КАПИТАЛ И РЕЗЕРВЫ,T23_000000_t19Ved14.xlsx,27,13,False,DATA,15666652
2,КАПИТАЛ И РЕЗЕРВЫ,T23_000000_t19Ved14.xlsx,27,14,False,DATA,15666652
2,КАПИТАЛ И РЕЗЕРВЫ,T23_000000_t19Ved14.xlsx,27,15,False,DATA,15668429
2,КАПИТАЛ И РЕЗЕРВЫ,T23_000000_t19Ved14.xlsx,27,16,False,DATA,15668429
2,КАПИТАЛ И РЕЗЕРВЫ,T23_000000_t19Ved14.xlsx,28,0,False,OKVED_CODE,"торговля оптовая, кроме оптовой торговли автотранспортными средствами и мотоциклами"
2,КАПИТАЛ И РЕЗЕРВЫ,T23_000000_t19Ved14.xlsx,28,1,False,OKVED_NAME,7692328
2,КАПИТАЛ И РЕЗЕРВЫ,T23_000000_t19Ved14.xlsx,28,2,False,DATA,7692328
2,КАПИТАЛ И РЕЗЕРВЫ,T23_000000_t19Ved14.xlsx,28,3,False,DATA,7694942
2,КАПИТАЛ И РЕЗЕРВЫ,T23_000000_t19Ved14.xlsx,28,4,False,DATA,7694942
2,КАПИТАЛ И РЕЗЕРВЫ,T23_000000_t19Ved14.xlsx,28,5,False,DATA,7694942
2,КАПИТАЛ И РЕЗЕРВЫ,T23_000000_t19Ved14.xlsx,28,6,False,DATA,7694942
2,КАПИТАЛ И РЕЗЕРВЫ,T23_000000_t19Ved14.xlsx,28,7,False,DATA,5950232
2,КАПИТАЛ И РЕЗЕРВЫ,T23_000000_t19Ved14.xlsx,28,8,False,DATA,5950232
2,КАПИТАЛ И РЕЗЕРВЫ,T23_000000_t19Ved14.xlsx,28,9,False,DATA,5950232
2,КАПИТАЛ И РЕЗЕРВЫ,T23_000000_t19Ved14.xlsx,28,10,False,DATA,7817142
2,КАПИТАЛ И РЕЗЕРВЫ,T23_000000_t19Ved14.xlsx,28,11,False,DATA,7817142
2,КАПИТАЛ И РЕЗЕРВЫ,T23_000000_t19Ved14.xlsx,28,12,False,DATA,7817142
2,КАПИТАЛ И РЕЗЕРВЫ,T23_000000_t19Ved14.xlsx,28,13,False,DATA,13316782
2,КАПИТАЛ И РЕЗЕРВЫ,T23_000000_t19Ved14.xlsx,28,14,False,DATA,13316782
2,КАПИТАЛ И РЕЗЕРВЫ,T23_000000_t19Ved14.xlsx,28,15,False,DATA,13363831
2,КАПИТАЛ И РЕЗЕРВЫ,T23_000000_t19Ved14.xlsx,28,16,False,DATA,13363831
2,КАПИТАЛ И РЕЗЕРВЫ,T23_000000_t19Ved14.xlsx,29,0,False,OKVED_CODE,"торговля розничная, кроме торговли автотранспортными средствами
и мотоциклами"
2,КАПИТАЛ И РЕЗЕРВЫ,T23_000000_t19Ved14.xlsx,29,1,False,OKVED_NAME,256219
2,КАПИТАЛ И РЕЗЕРВЫ,T23_000000_t19Ved14.xlsx,29,2,False,DATA,256219
2,КАПИТАЛ И РЕЗЕРВЫ,T23_000000_t19Ved14.xlsx,29,3,False,DATA,229326
2,КАПИТАЛ И РЕЗЕРВЫ,T23_000000_t19Ved14.xlsx,29,4,False,DATA,229326
2,КАПИТАЛ И РЕЗЕРВЫ,T23_000000_t19Ved14.xlsx,29,5,False,DATA,229326
2,КАПИТАЛ И РЕЗЕРВЫ,T23_000000_t19Ved14.xlsx,29,6,False,DATA,229326
2,КАПИТАЛ И РЕЗЕРВЫ,T23_000000_t19Ved14.xlsx,29,7,False,DATA,1316104
2,КАПИТАЛ И РЕЗЕРВЫ,T23_000000_t19Ved14.xlsx,29,8,False,DATA,1316104
2,КАПИТАЛ И РЕЗЕРВЫ,T23_000000_t19Ved14.xlsx,29,9,False,DATA,1316104
2,КАПИТАЛ И РЕЗЕРВЫ,T23_000000_t19Ved14.xlsx,29,10,False,DATA,1116519
2,КАПИТАЛ И РЕЗЕРВЫ,T23_000000_t19Ved14.xlsx,29,11,False,DATA,1116519
2,КАПИТАЛ И РЕЗЕРВЫ,T23_000000_t19Ved14.xlsx,29,12,False,DATA,1116519
2,КАПИТАЛ И РЕЗЕРВЫ,T23_000000_t19Ved14.xlsx,29,13,False,DATA,2349870
2,КАПИТАЛ И РЕЗЕРВЫ,T23_000000_t19Ved14.xlsx,29,14,False,DATA,2349870
2,КАПИТАЛ И РЕЗЕРВЫ,T23_000000_t19Ved14.xlsx,29,15,False,DATA,2304598
2,КАПИТАЛ И РЕЗЕРВЫ,T23_000000_t19Ved14.xlsx,29,16,False,DATA,2304598
2,КАПИТАЛ И РЕЗЕРВЫ,T23_000000_t19Ved14.xlsx,30,0,False,OKVED_CODE,Транспортировка и хранение
2,КАПИТАЛ И РЕЗЕРВЫ,T23_000000_t19Ved14.xlsx,30,1,False,OKVED_NAME,17611490
2,КАПИТАЛ И РЕЗЕРВЫ,T23_000000_t19Ved14.xlsx,30,2,False,DATA,17611490
2,КАПИТАЛ И РЕЗЕРВЫ,T23_000000_t19Ved14.xlsx,30,3,False,DATA,21260104
2,КАПИТАЛ И РЕЗЕРВЫ,T23_000000_t19Ved14.xlsx,30,4,False,DATA,21260104
2,КАПИТАЛ И РЕЗЕРВЫ,T23_000000_t19Ved14.xlsx,30,5,False,DATA,21260104
2,КАПИТАЛ И РЕЗЕРВЫ,T23_000000_t19Ved14.xlsx,30,6,False,DATA,21260104
2,КАПИТАЛ И РЕЗЕРВЫ,T23_000000_t19Ved14.xlsx,30,7,False,DATA,8078651
2,КАПИТАЛ И РЕЗЕРВЫ,T23_000000_t19Ved14.xlsx,30,8,False,DATA,8078651
2,КАПИТАЛ И РЕЗЕРВЫ,T23_000000_t19Ved14.xlsx,30,9,False,DATA,8078651
2,КАПИТАЛ И РЕЗЕРВЫ,T23_000000_t19Ved14.xlsx,30,10,False,DATA,18249519
2,КАПИТАЛ И РЕЗЕРВЫ,T23_000000_t19Ved14.xlsx,30,11,False,DATA,18249519
2,КАПИТАЛ И РЕЗЕРВЫ,T23_000000_t19Ved14.xlsx,30,12,False,DATA,18249519
2,КАПИТАЛ И РЕЗЕРВЫ,T23_000000_t19Ved14.xlsx,30,13,False,DATA,5247899
2,КАПИТАЛ И РЕЗЕРВЫ,T23_000000_t19Ved14.xlsx,30,14,False,DATA,5247899
2,КАПИТАЛ И РЕЗЕРВЫ,T23_000000_t19Ved14.xlsx,30,15,False,DATA,3401242
2,КАПИТАЛ И РЕЗЕРВЫ,T23_000000_t19Ved14.xlsx,30,16,False,DATA,3401242
2,КАПИТАЛ И РЕЗЕРВЫ,T23_000000_t19Ved14.xlsx,31,0,False,OKVED_CODE,"деятельность сухопутного
и трубопроводного транспорта"
2,КАПИТАЛ И РЕЗЕРВЫ,T23_000000_t19Ved14.xlsx,31,1,False,OKVED_NAME,209445
2,КАПИТАЛ И РЕЗЕРВЫ,T23_000000_t19Ved14.xlsx,31,2,False,DATA,209445
2,КАПИТАЛ И РЕЗЕРВЫ,T23_000000_t19Ved14.xlsx,31,3,False,DATA,666381
2,КАПИТАЛ И РЕЗЕРВЫ,T23_000000_t19Ved14.xlsx,31,4,False,DATA,666381
2,КАПИТАЛ И РЕЗЕРВЫ,T23_000000_t19Ved14.xlsx,31,5,False,DATA,666381
2,КАПИТАЛ И РЕЗЕРВЫ,T23_000000_t19Ved14.xlsx,31,6,False,DATA,666381
2,КАПИТАЛ И РЕЗЕРВЫ,T23_000000_t19Ved14.xlsx,31,7,False,DATA,71741
2,КАПИТАЛ И РЕЗЕРВЫ,T23_000000_t19Ved14.xlsx,31,8,False,DATA,71741
2,КАПИТАЛ И РЕЗЕРВЫ,T23_000000_t19Ved14.xlsx,31,9,False,DATA,71741
2,КАПИТАЛ И РЕЗЕРВЫ,T23_000000_t19Ved14.xlsx,31,10,False,DATA,53645
2,КАПИТАЛ И РЕЗЕРВЫ,T23_000000_t19Ved14.xlsx,31,11,False,DATA,53645
2,КАПИТАЛ И РЕЗЕРВЫ,T23_000000_t19Ved14.xlsx,31,12,False,DATA,53645
2,КАПИТАЛ И РЕЗЕРВЫ,T23_000000_t19Ved14.xlsx,31,13,False,DATA,86071
2,КАПИТАЛ И РЕЗЕРВЫ,T23_000000_t19Ved14.xlsx,31,14,False,DATA,86071
2,КАПИТАЛ И РЕЗЕРВЫ,T23_000000_t19Ved14.xlsx,31,15,False,DATA,71046
2,КАПИТАЛ И РЕЗЕРВЫ,T23_000000_t19Ved14.xlsx,31,16,False,DATA,71046
2,КАПИТАЛ И РЕЗЕРВЫ,T23_000000_t19Ved14.xlsx,32,0,False,OKVED_CODE,деятельность водного транспорта
2,КАПИТАЛ И РЕЗЕРВЫ,T23_000000_t19Ved14.xlsx,32,1,False,OKVED_NAME,960104
2,КАПИТАЛ И РЕЗЕРВЫ,T23_000000_t19Ved14.xlsx,32,2,False,DATA,960104
2,КАПИТАЛ И РЕЗЕРВЫ,T23_000000_t19Ved14.xlsx,32,3,False,DATA,2715646
2,КАПИТАЛ И РЕЗЕРВЫ,T23_000000_t19Ved14.xlsx,32,4,False,DATA,2715646
2,КАПИТАЛ И РЕЗЕРВЫ,T23_000000_t19Ved14.xlsx,32,5,False,DATA,2715646
2,КАПИТАЛ И РЕЗЕРВЫ,T23_000000_t19Ved14.xlsx,32,6,False,DATA,2715646
2,КАПИТАЛ И РЕЗЕРВЫ,T23_000000_t19Ved14.xlsx,32,7,False,DATA,1993592
2,КАПИТАЛ И РЕЗЕРВЫ,T23_000000_t19Ved14.xlsx,32,8,False,DATA,1993592
2,КАПИТАЛ И РЕЗЕРВЫ,T23_000000_t19Ved14.xlsx,32,9,False,DATA,1993592
2,КАПИТАЛ И РЕЗЕРВЫ,T23_000000_t19Ved14.xlsx,32,10,False,DATA,1758390
2,КАПИТАЛ И РЕЗЕРВЫ,T23_000000_t19Ved14.xlsx,32,11,False,DATA,1758390
2,КАПИТАЛ И РЕЗЕРВЫ,T23_000000_t19Ved14.xlsx,32,12,False,DATA,1758390
2,КАПИТАЛ И РЕЗЕРВЫ,T23_000000_t19Ved14.xlsx,32,13,False,DATA,1507637
2,КАПИТАЛ И РЕЗЕРВЫ,T23_000000_t19Ved14.xlsx,32,14,False,DATA,1507637
2,КАПИТАЛ И РЕЗЕРВЫ,T23_000000_t19Ved14.xlsx,32,15,False,DATA,934114
2,КАПИТАЛ И РЕЗЕРВЫ,T23_000000_t19Ved14.xlsx,32,16,False,DATA,934114
2,КАПИТАЛ И РЕЗЕРВЫ,T23_000000_t19Ved14.xlsx,33,0,False,OKVED_CODE,"деятельность воздушного
и космического транспорта"
2,КАПИТАЛ И РЕЗЕРВЫ,T23_000000_t19Ved14.xlsx,33,1,False,OKVED_NAME,2728905
2,КАПИТАЛ И РЕЗЕРВЫ,T23_000000_t19Ved14.xlsx,33,2,False,DATA,2728905
2,КАПИТАЛ И РЕЗЕРВЫ,T23_000000_t19Ved14.xlsx,33,3,False,DATA,3024510
2,КАПИТАЛ И РЕЗЕРВЫ,T23_000000_t19Ved14.xlsx,33,4,False,DATA,3024510
2,КАПИТАЛ И РЕЗЕРВЫ,T23_000000_t19Ved14.xlsx,33,5,False,DATA,3024510
2,КАПИТАЛ И РЕЗЕРВЫ,T23_000000_t19Ved14.xlsx,33,6,False,DATA,3024510
2,КАПИТАЛ И РЕЗЕРВЫ,T23_000000_t19Ved14.xlsx,33,7,False,DATA,1389739
2,КАПИТАЛ И РЕЗЕРВЫ,T23_000000_t19Ved14.xlsx,33,8,False,DATA,1389739
2,КАПИТАЛ И РЕЗЕРВЫ,T23_000000_t19Ved14.xlsx,33,9,False,DATA,1389739
2,КАПИТАЛ И РЕЗЕРВЫ,T23_000000_t19Ved14.xlsx,33,10,False,DATA,1792846
2,КАПИТАЛ И РЕЗЕРВЫ,T23_000000_t19Ved14.xlsx,33,11,False,DATA,1792846
2,КАПИТАЛ И РЕЗЕРВЫ,T23_000000_t19Ved14.xlsx,33,12,False,DATA,1792846
2,КАПИТАЛ И РЕЗЕРВЫ,T23_000000_t19Ved14.xlsx,33,13,False,DATA,547913
2,КАПИТАЛ И РЕЗЕРВЫ,T23_000000_t19Ved14.xlsx,33,14,False,DATA,547913
2,КАПИТАЛ И РЕЗЕРВЫ,T23_000000_t19Ved14.xlsx,33,15,False,DATA,589915
2,КАПИТАЛ И РЕЗЕРВЫ,T23_000000_t19Ved14.xlsx,33,16,False,DATA,589915
2,КАПИТАЛ И РЕЗЕРВЫ,T23_000000_t19Ved14.xlsx,34,0,False,OKVED_CODE,"складское хозяйство
и вспомогательная транспортная деятельность"
2,КАПИТАЛ И РЕЗЕРВЫ,T23_000000_t19Ved14.xlsx,34,1,False,OKVED_NAME,13713036
2,КАПИТАЛ И РЕЗЕРВЫ,T23_000000_t19Ved14.xlsx,34,2,False,DATA,13713036
2,КАПИТАЛ И РЕЗЕРВЫ,T23_000000_t19Ved14.xlsx,34,3,False,DATA,14853567
2,КАПИТАЛ И РЕЗЕРВЫ,T23_000000_t19Ved14.xlsx,34,4,False,DATA,14853567
2,КАПИТАЛ И РЕЗЕРВЫ,T23_000000_t19Ved14.xlsx,34,5,False,DATA,14853567
2,КАПИТАЛ И РЕЗЕРВЫ,T23_000000_t19Ved14.xlsx,34,6,False,DATA,14853567
2,КАПИТАЛ И РЕЗЕРВЫ,T23_000000_t19Ved14.xlsx,34,7,False,DATA,4623579
2,КАПИТАЛ И РЕЗЕРВЫ,T23_000000_t19Ved14.xlsx,34,8,False,DATA,4623579
2,КАПИТАЛ И РЕЗЕРВЫ,T23_000000_t19Ved14.xlsx,34,9,False,DATA,4623579
2,КАПИТАЛ И РЕЗЕРВЫ,T23_000000_t19Ved14.xlsx,34,10,False,DATA,14644638
2,КАПИТАЛ И РЕЗЕРВЫ,T23_000000_t19Ved14.xlsx,34,11,False,DATA,14644638
2,КАПИТАЛ И РЕЗЕРВЫ,T23_000000_t19Ved14.xlsx,34,12,False,DATA,14644638
2,КАПИТАЛ И РЕЗЕРВЫ,T23_000000_t19Ved14.xlsx,34,13,False,DATA,3106278
2,КАПИТАЛ И РЕЗЕРВЫ,T23_000000_t19Ved14.xlsx,34,14,False,DATA,3106278
2,КАПИТАЛ И РЕЗЕРВЫ,T23_000000_t19Ved14.xlsx,34,15,False,DATA,1806167
2,КАПИТАЛ И РЕЗЕРВЫ,T23_000000_t19Ved14.xlsx,34,16,False,DATA,1806167
2,КАПИТАЛ И РЕЗЕРВЫ,T23_000000_t19Ved14.xlsx,35,0,False,OKVED_CODE,"Деятельность гостиниц
и предприятий общественного питания"
2,КАПИТАЛ И РЕЗЕРВЫ,T23_000000_t19Ved14.xlsx,35,1,False,OKVED_NAME,4010344
2,КАПИТАЛ И РЕЗЕРВЫ,T23_000000_t19Ved14.xlsx,35,2,False,DATA,4010344
2,КАПИТАЛ И РЕЗЕРВЫ,T23_000000_t19Ved14.xlsx,35,3,False,DATA,4789635
2,КАПИТАЛ И РЕЗЕРВЫ,T23_000000_t19Ved14.xlsx,35,4,False,DATA,4789635
2,КАПИТАЛ И РЕЗЕРВЫ,T23_000000_t19Ved14.xlsx,35,5,False,DATA,4789635
2,КАПИТАЛ И РЕЗЕРВЫ,T23_000000_t19Ved14.xlsx,35,6,False,DATA,4789635
2,КАПИТАЛ И РЕЗЕРВЫ,T23_000000_t19Ved14.xlsx,35,7,False,DATA,3027643
2,КАПИТАЛ И РЕЗЕРВЫ,T23_000000_t19Ved14.xlsx,35,8,False,DATA,3027643
2,КАПИТАЛ И РЕЗЕРВЫ,T23_000000_t19Ved14.xlsx,35,9,False,DATA,3027643
2,КАПИТАЛ И РЕЗЕРВЫ,T23_000000_t19Ved14.xlsx,35,10,False,DATA,4106281
2,КАПИТАЛ И РЕЗЕРВЫ,T23_000000_t19Ved14.xlsx,35,11,False,DATA,4106281
2,КАПИТАЛ И РЕЗЕРВЫ,T23_000000_t19Ved14.xlsx,35,12,False,DATA,4106281
2,КАПИТАЛ И РЕЗЕРВЫ,T23_000000_t19Ved14.xlsx,35,13,False,DATA,751555
2,КАПИТАЛ И РЕЗЕРВЫ,T23_000000_t19Ved14.xlsx,35,14,False,DATA,751555
2,КАПИТАЛ И РЕЗЕРВЫ,T23_000000_t19Ved14.xlsx,35,15,False,DATA,666960
2,КАПИТАЛ И РЕЗЕРВЫ,T23_000000_t19Ved14.xlsx,35,16,False,DATA,666960
2,КАПИТАЛ И РЕЗЕРВЫ,T23_000000_t19Ved14.xlsx,36,0,False,OKVED_CODE,
2,КАПИТАЛ И РЕЗЕРВЫ,T23_000000_t19Ved14.xlsx,36,1,False,OKVED_NAME,
2,КАПИТАЛ И РЕЗЕРВЫ,T23_000000_t19Ved14.xlsx,36,2,False,EMPTY,
2,КАПИТАЛ И РЕЗЕРВЫ,T23_000000_t19Ved14.xlsx,36,3,False,EMPTY,
2,КАПИТАЛ И РЕЗЕРВЫ,T23_000000_t19Ved14.xlsx,36,4,False,EMPTY,
2,КАПИТАЛ И РЕЗЕРВЫ,T23_000000_t19Ved14.xlsx,36,5,False,EMPTY,
2,КАПИТАЛ И РЕЗЕРВЫ,T23_000000_t19Ved14.xlsx,36,6,False,EMPTY,
2,КАПИТАЛ И РЕЗЕРВЫ,T23_000000_t19Ved14.xlsx,36,7,False,EMPTY,
2,КАПИТАЛ И РЕЗЕРВЫ,T23_000000_t19Ved14.xlsx,36,8,False,EMPTY,
2,КАПИТАЛ И РЕЗЕРВЫ,T23_000000_t19Ved14.xlsx,36,9,False,EMPTY,
2,КАПИТАЛ И РЕЗЕРВЫ,T23_000000_t19Ved14.xlsx,36,10,False,EMPTY,
2,КАПИТАЛ И РЕЗЕРВЫ,T23_000000_t19Ved14.xlsx,36,11,False,EMPTY,
2,КАПИТАЛ И РЕЗЕРВЫ,T23_000000_t19Ved14.xlsx,36,12,False,DATA,Продолжение таблицы 1.
2,КАПИТАЛ И РЕЗЕРВЫ,T23_000000_t19Ved14.xlsx,36,13,False,DATA,Продолжение таблицы 1.
2,КАПИТАЛ И РЕЗЕРВЫ,T23_000000_t19Ved14.xlsx,36,14,False,DATA,Продолжение таблицы 1.
2,КАПИТАЛ И РЕЗЕРВЫ,T23_000000_t19Ved14.xlsx,36,15,False,DATA,Продолжение таблицы 1.
2,КАПИТАЛ И РЕЗЕРВЫ,T23_000000_t19Ved14.xlsx,36,16,False,DATA,Продолжение таблицы 1.
2,КАПИТАЛ И РЕЗЕРВЫ,T23_000000_t19Ved14.xlsx,37,0,False,OKVED_CODE,
2,КАПИТАЛ И РЕЗЕРВЫ,T23_000000_t19Ved14.xlsx,37,1,False,OKVED_NAME,Капитал и резервы
2,КАПИТАЛ И РЕЗЕРВЫ,T23_000000_t19Ved14.xlsx,37,2,False,DATA,Капитал и резервы
2,КАПИТАЛ И РЕЗЕРВЫ,T23_000000_t19Ved14.xlsx,37,3,False,DATA,Капитал и резервы
2,КАПИТАЛ И РЕЗЕРВЫ,T23_000000_t19Ved14.xlsx,37,4,False,DATA,Капитал и резервы
2,КАПИТАЛ И РЕЗЕРВЫ,T23_000000_t19Ved14.xlsx,37,5,False,DATA,Капитал и резервы
2,КАПИТАЛ И РЕЗЕРВЫ,T23_000000_t19Ved14.xlsx,37,6,False,DATA,Капитал и резервы
2,КАПИТАЛ И РЕЗЕРВЫ,T23_000000_t19Ved14.xlsx,37,7,False,DATA,Долгосрочные обязательства
2,КАПИТАЛ И РЕЗЕРВЫ,T23_000000_t19Ved14.xlsx,37,8,False,DATA,Долгосрочные обязательства
2,КАПИТАЛ И РЕЗЕРВЫ,T23_000000_t19Ved14.xlsx,37,9,False,DATA,Долгосрочные обязательства
2,КАПИТАЛ И РЕЗЕРВЫ,T23_000000_t19Ved14.xlsx,37,10,False,DATA,Долгосрочные обязательства
2,КАПИТАЛ И РЕЗЕРВЫ,T23_000000_t19Ved14.xlsx,37,11,False,DATA,Долгосрочные обязательства
2,КАПИТАЛ И РЕЗЕРВЫ,T23_000000_t19Ved14.xlsx,37,12,False,DATA,Долгосрочные обязательства
2,КАПИТАЛ И РЕЗЕРВЫ,T23_000000_t19Ved14.xlsx,37,13,False,DATA,Краткосрочные обязательства
2,КАПИТАЛ И РЕЗЕРВЫ,T23_000000_t19Ved14.xlsx,37,14,False,DATA,Краткосрочные обязательства
2,КАПИТАЛ И РЕЗЕРВЫ,T23_000000_t19Ved14.xlsx,37,15,False,DATA,Краткосрочные обязательства
2,КАПИТАЛ И РЕЗЕРВЫ,T23_000000_t19Ved14.xlsx,37,16,False,DATA,Краткосрочные обязательства
2,КАПИТАЛ И РЕЗЕРВЫ,T23_000000_t19Ved14.xlsx,38,0,False,OKVED_CODE,
2,КАПИТАЛ И РЕЗЕРВЫ,T23_000000_t19Ved14.xlsx,38,1,False,OKVED_NAME,2022
2,КАПИТАЛ И РЕЗЕРВЫ,T23_000000_t19Ved14.xlsx,38,2,False,DATA,2022
2,КАПИТАЛ И РЕЗЕРВЫ,T23_000000_t19Ved14.xlsx,38,3,False,DATA,2023
2,КАПИТАЛ И РЕЗЕРВЫ,T23_000000_t19Ved14.xlsx,38,4,False,DATA,2023
2,КАПИТАЛ И РЕЗЕРВЫ,T23_000000_t19Ved14.xlsx,38,5,False,DATA,2023
2,КАПИТАЛ И РЕЗЕРВЫ,T23_000000_t19Ved14.xlsx,38,6,False,DATA,2023
2,КАПИТАЛ И РЕЗЕРВЫ,T23_000000_t19Ved14.xlsx,38,7,False,DATA,2022
2,КАПИТАЛ И РЕЗЕРВЫ,T23_000000_t19Ved14.xlsx,38,8,False,DATA,2022
2,КАПИТАЛ И РЕЗЕРВЫ,T23_000000_t19Ved14.xlsx,38,9,False,DATA,2022
2,КАПИТАЛ И РЕЗЕРВЫ,T23_000000_t19Ved14.xlsx,38,10,False,DATA,2023
2,КАПИТАЛ И РЕЗЕРВЫ,T23_000000_t19Ved14.xlsx,38,11,False,DATA,2023
2,КАПИТАЛ И РЕЗЕРВЫ,T23_000000_t19Ved14.xlsx,38,12,False,DATA,2023
2,КАПИТАЛ И РЕЗЕРВЫ,T23_000000_t19Ved14.xlsx,38,13,False,DATA,2022
2,КАПИТАЛ И РЕЗЕРВЫ,T23_000000_t19Ved14.xlsx,38,14,False,DATA,2022
2,КАПИТАЛ И РЕЗЕРВЫ,T23_000000_t19Ved14.xlsx,38,15,False,DATA,2023
2,КАПИТАЛ И РЕЗЕРВЫ,T23_000000_t19Ved14.xlsx,38,16,False,DATA,2023
2,КАПИТАЛ И РЕЗЕРВЫ,T23_000000_t19Ved14.xlsx,39,0,False,OKVED_CODE,деятельность по предоставлению мест для временного проживания
2,КАПИТАЛ И РЕЗЕРВЫ,T23_000000_t19Ved14.xlsx,39,1,False,OKVED_NAME,4010344
2,КАПИТАЛ И РЕЗЕРВЫ,T23_000000_t19Ved14.xlsx,39,2,False,DATA,4010344
2,КАПИТАЛ И РЕЗЕРВЫ,T23_000000_t19Ved14.xlsx,39,3,False,DATA,4789635
2,КАПИТАЛ И РЕЗЕРВЫ,T23_000000_t19Ved14.xlsx,39,4,False,DATA,4789635
2,КАПИТАЛ И РЕЗЕРВЫ,T23_000000_t19Ved14.xlsx,39,5,False,DATA,4789635
2,КАПИТАЛ И РЕЗЕРВЫ,T23_000000_t19Ved14.xlsx,39,6,False,DATA,4789635
2,КАПИТАЛ И РЕЗЕРВЫ,T23_000000_t19Ved14.xlsx,39,7,False,DATA,3027643
2,КАПИТАЛ И РЕЗЕРВЫ,T23_000000_t19Ved14.xlsx,39,8,False,DATA,3027643
2,КАПИТАЛ И РЕЗЕРВЫ,T23_000000_t19Ved14.xlsx,39,9,False,DATA,3027643
2,КАПИТАЛ И РЕЗЕРВЫ,T23_000000_t19Ved14.xlsx,39,10,False,DATA,4106281
2,КАПИТАЛ И РЕЗЕРВЫ,T23_000000_t19Ved14.xlsx,39,11,False,DATA,4106281
2,КАПИТАЛ И РЕЗЕРВЫ,T23_000000_t19Ved14.xlsx,39,12,False,DATA,4106281
2,КАПИТАЛ И РЕЗЕРВЫ,T23_000000_t19Ved14.xlsx,39,13,False,DATA,751555
2,КАПИТАЛ И РЕЗЕРВЫ,T23_000000_t19Ved14.xlsx,39,14,False,DATA,751555
2,КАПИТАЛ И РЕЗЕРВЫ,T23_000000_t19Ved14.xlsx,39,15,False,DATA,666960
2,КАПИТАЛ И РЕЗЕРВЫ,T23_000000_t19Ved14.xlsx,39,16,False,DATA,666960
2,КАПИТАЛ И РЕЗЕРВЫ,T23_000000_t19Ved14.xlsx,40,0,False,OKVED_CODE,Деятельность в области информации и связи
2,КАПИТАЛ И РЕЗЕРВЫ,T23_000000_t19Ved14.xlsx,40,1,False,OKVED_NAME,3386
2,КАПИТАЛ И РЕЗЕРВЫ,T23_000000_t19Ved14.xlsx,40,2,False,DATA,3386
2,КАПИТАЛ И РЕЗЕРВЫ,T23_000000_t19Ved14.xlsx,40,3,False,DATA,575
2,КАПИТАЛ И РЕЗЕРВЫ,T23_000000_t19Ved14.xlsx,40,4,False,DATA,575
2,КАПИТАЛ И РЕЗЕРВЫ,T23_000000_t19Ved14.xlsx,40,5,False,DATA,575
2,КАПИТАЛ И РЕЗЕРВЫ,T23_000000_t19Ved14.xlsx,40,6,False,DATA,575
2,КАПИТАЛ И РЕЗЕРВЫ,T23_000000_t19Ved14.xlsx,40,7,False,DATA,-
2,КАПИТАЛ И РЕЗЕРВЫ,T23_000000_t19Ved14.xlsx,40,8,False,DATA,-
2,КАПИТАЛ И РЕЗЕРВЫ,T23_000000_t19Ved14.xlsx,40,9,False,DATA,-
2,КАПИТАЛ И РЕЗЕРВЫ,T23_000000_t19Ved14.xlsx,40,10,False,DATA,-
2,КАПИТАЛ И РЕЗЕРВЫ,T23_000000_t19Ved14.xlsx,40,11,False,DATA,-
2,КАПИТАЛ И РЕЗЕРВЫ,T23_000000_t19Ved14.xlsx,40,12,False,DATA,-
2,КАПИТАЛ И РЕЗЕРВЫ,T23_000000_t19Ved14.xlsx,40,13,False,DATA,593
2,КАПИТАЛ И РЕЗЕРВЫ,T23_000000_t19Ved14.xlsx,40,14,False,DATA,593
2,КАПИТАЛ И РЕЗЕРВЫ,T23_000000_t19Ved14.xlsx,40,15,False,DATA,635
2,КАПИТАЛ И РЕЗЕРВЫ,T23_000000_t19Ved14.xlsx,40,16,False,DATA,635
2,КАПИТАЛ И РЕЗЕРВЫ,T23_000000_t19Ved14.xlsx,41,0,False,OKVED_CODE,деятельность в области информационных технологий
2,КАПИТАЛ И РЕЗЕРВЫ,T23_000000_t19Ved14.xlsx,41,1,False,OKVED_NAME,3386
2,КАПИТАЛ И РЕЗЕРВЫ,T23_000000_t19Ved14.xlsx,41,2,False,DATA,3386
2,КАПИТАЛ И РЕЗЕРВЫ,T23_000000_t19Ved14.xlsx,41,3,False,DATA,575
2,КАПИТАЛ И РЕЗЕРВЫ,T23_000000_t19Ved14.xlsx,41,4,False,DATA,575
2,КАПИТАЛ И РЕЗЕРВЫ,T23_000000_t19Ved14.xlsx,41,5,False,DATA,575
2,КАПИТАЛ И РЕЗЕРВЫ,T23_000000_t19Ved14.xlsx,41,6,False,DATA,575
2,КАПИТАЛ И РЕЗЕРВЫ,T23_000000_t19Ved14.xlsx,41,7,False,DATA,-
2,КАПИТАЛ И РЕЗЕРВЫ,T23_000000_t19Ved14.xlsx,41,8,False,DATA,-
2,КАПИТАЛ И РЕЗЕРВЫ,T23_000000_t19Ved14.xlsx,41,9,False,DATA,-
2,КАПИТАЛ И РЕЗЕРВЫ,T23_000000_t19Ved14.xlsx,41,10,False,DATA,-
2,КАПИТАЛ И РЕЗЕРВЫ,T23_000000_t19Ved14.xlsx,41,11,False,DATA,-
2,КАПИТАЛ И РЕЗЕРВЫ,T23_000000_t19Ved14.xlsx,41,12,False,DATA,-
2,КАПИТАЛ И РЕЗЕРВЫ,T23_000000_t19Ved14.xlsx,41,13,False,DATA,593
2,КАПИТАЛ И РЕЗЕРВЫ,T23_000000_t19Ved14.xlsx,41,14,False,DATA,593
2,КАПИТАЛ И РЕЗЕРВЫ,T23_000000_t19Ved14.xlsx,41,15,False,DATA,635
2,КАПИТАЛ И РЕЗЕРВЫ,T23_000000_t19Ved14.xlsx,41,16,False,DATA,635
2,КАПИТАЛ И РЕЗЕРВЫ,T23_000000_t19Ved14.xlsx,42,0,False,OKVED_CODE,"Деятельность финансовая
и страховая"
2,КАПИТАЛ И РЕЗЕРВЫ,T23_000000_t19Ved14.xlsx,42,1,False,OKVED_NAME,5023710
2,КАПИТАЛ И РЕЗЕРВЫ,T23_000000_t19Ved14.xlsx,42,2,False,DATA,5023710
2,КАПИТАЛ И РЕЗЕРВЫ,T23_000000_t19Ved14.xlsx,42,3,False,DATA,6839781
2,КАПИТАЛ И РЕЗЕРВЫ,T23_000000_t19Ved14.xlsx,42,4,False,DATA,6839781
2,КАПИТАЛ И РЕЗЕРВЫ,T23_000000_t19Ved14.xlsx,42,5,False,DATA,6839781
2,КАПИТАЛ И РЕЗЕРВЫ,T23_000000_t19Ved14.xlsx,42,6,False,DATA,6839781
2,КАПИТАЛ И РЕЗЕРВЫ,T23_000000_t19Ved14.xlsx,42,7,False,DATA,7390286
2,КАПИТАЛ И РЕЗЕРВЫ,T23_000000_t19Ved14.xlsx,42,8,False,DATA,7390286
2,КАПИТАЛ И РЕЗЕРВЫ,T23_000000_t19Ved14.xlsx,42,9,False,DATA,7390286
2,КАПИТАЛ И РЕЗЕРВЫ,T23_000000_t19Ved14.xlsx,42,10,False,DATA,2345655
2,КАПИТАЛ И РЕЗЕРВЫ,T23_000000_t19Ved14.xlsx,42,11,False,DATA,2345655
2,КАПИТАЛ И РЕЗЕРВЫ,T23_000000_t19Ved14.xlsx,42,12,False,DATA,2345655
2,КАПИТАЛ И РЕЗЕРВЫ,T23_000000_t19Ved14.xlsx,42,13,False,DATA,445154
2,КАПИТАЛ И РЕЗЕРВЫ,T23_000000_t19Ved14.xlsx,42,14,False,DATA,445154
2,КАПИТАЛ И РЕЗЕРВЫ,T23_000000_t19Ved14.xlsx,42,15,False,DATA,1223170
2,КАПИТАЛ И РЕЗЕРВЫ,T23_000000_t19Ved14.xlsx,42,16,False,DATA,1223170
2,КАПИТАЛ И РЕЗЕРВЫ,T23_000000_t19Ved14.xlsx,43,0,False,OKVED_CODE,"деятельность по предоставлению финансовых услуг, кроме услуг
по страхованию и пенсионному обеспечени"
2,КАПИТАЛ И РЕЗЕРВЫ,T23_000000_t19Ved14.xlsx,43,1,False,OKVED_NAME,5023710
2,КАПИТАЛ И РЕЗЕРВЫ,T23_000000_t19Ved14.xlsx,43,2,False,DATA,5023710
2,КАПИТАЛ И РЕЗЕРВЫ,T23_000000_t19Ved14.xlsx,43,3,False,DATA,6839781
2,КАПИТАЛ И РЕЗЕРВЫ,T23_000000_t19Ved14.xlsx,43,4,False,DATA,6839781
2,КАПИТАЛ И РЕЗЕРВЫ,T23_000000_t19Ved14.xlsx,43,5,False,DATA,6839781
2,КАПИТАЛ И РЕЗЕРВЫ,T23_000000_t19Ved14.xlsx,43,6,False,DATA,6839781
2,КАПИТАЛ И РЕЗЕРВЫ,T23_000000_t19Ved14.xlsx,43,7,False,DATA,7390286
2,КАПИТАЛ И РЕЗЕРВЫ,T23_000000_t19Ved14.xlsx,43,8,False,DATA,7390286
2,КАПИТАЛ И РЕЗЕРВЫ,T23_000000_t19Ved14.xlsx,43,9,False,DATA,7390286
2,КАПИТАЛ И РЕЗЕРВЫ,T23_000000_t19Ved14.xlsx,43,10,False,DATA,2345655
2,КАПИТАЛ И РЕЗЕРВЫ,T23_000000_t19Ved14.xlsx,43,11,False,DATA,2345655
2,КАПИТАЛ И РЕЗЕРВЫ,T23_000000_t19Ved14.xlsx,43,12,False,DATA,2345655
2,КАПИТАЛ И РЕЗЕРВЫ,T23_000000_t19Ved14.xlsx,43,13,False,DATA,445154
2,КАПИТАЛ И РЕЗЕРВЫ,T23_000000_t19Ved14.xlsx,43,14,False,DATA,445154
2,КАПИТАЛ И РЕЗЕРВЫ,T23_000000_t19Ved14.xlsx,43,15,False,DATA,1223170
2,КАПИТАЛ И РЕЗЕРВЫ,T23_000000_t19Ved14.xlsx,43,16,False,DATA,1223170
2,КАПИТАЛ И РЕЗЕРВЫ,T23_000000_t19Ved14.xlsx,44,0,False,OKVED_CODE,"Деятельность по операциям 
с недвижимым имуществом"
2,КАПИТАЛ И РЕЗЕРВЫ,T23_000000_t19Ved14.xlsx,44,1,False,OKVED_NAME,1694247
2,КАПИТАЛ И РЕЗЕРВЫ,T23_000000_t19Ved14.xlsx,44,2,False,DATA,1694247
2,КАПИТАЛ И РЕЗЕРВЫ,T23_000000_t19Ved14.xlsx,44,3,False,DATA,2676133
2,КАПИТАЛ И РЕЗЕРВЫ,T23_000000_t19Ved14.xlsx,44,4,False,DATA,2676133
2,КАПИТАЛ И РЕЗЕРВЫ,T23_000000_t19Ved14.xlsx,44,5,False,DATA,2676133
2,КАПИТАЛ И РЕЗЕРВЫ,T23_000000_t19Ved14.xlsx,44,6,False,DATA,2676133
2,КАПИТАЛ И РЕЗЕРВЫ,T23_000000_t19Ved14.xlsx,44,7,False,DATA,1093590
2,КАПИТАЛ И РЕЗЕРВЫ,T23_000000_t19Ved14.xlsx,44,8,False,DATA,1093590
2,КАПИТАЛ И РЕЗЕРВЫ,T23_000000_t19Ved14.xlsx,44,9,False,DATA,1093590
2,КАПИТАЛ И РЕЗЕРВЫ,T23_000000_t19Ved14.xlsx,44,10,False,DATA,620645
2,КАПИТАЛ И РЕЗЕРВЫ,T23_000000_t19Ved14.xlsx,44,11,False,DATA,620645
2,КАПИТАЛ И РЕЗЕРВЫ,T23_000000_t19Ved14.xlsx,44,12,False,DATA,620645
2,КАПИТАЛ И РЕЗЕРВЫ,T23_000000_t19Ved14.xlsx,44,13,False,DATA,2421796
2,КАПИТАЛ И РЕЗЕРВЫ,T23_000000_t19Ved14.xlsx,44,14,False,DATA,2421796
2,КАПИТАЛ И РЕЗЕРВЫ,T23_000000_t19Ved14.xlsx,44,15,False,DATA,3660691
2,КАПИТАЛ И РЕЗЕРВЫ,T23_000000_t19Ved14.xlsx,44,16,False,DATA,3660691
2,КАПИТАЛ И РЕЗЕРВЫ,T23_000000_t19Ved14.xlsx,45,0,False,OKVED_CODE,операции с недвижимым имуществом
2,КАПИТАЛ И РЕЗЕРВЫ,T23_000000_t19Ved14.xlsx,45,1,False,OKVED_NAME,1694247
2,КАПИТАЛ И РЕЗЕРВЫ,T23_000000_t19Ved14.xlsx,45,2,False,DATA,1694247
2,КАПИТАЛ И РЕЗЕРВЫ,T23_000000_t19Ved14.xlsx,45,3,False,DATA,2676133
2,КАПИТАЛ И РЕЗЕРВЫ,T23_000000_t19Ved14.xlsx,45,4,False,DATA,2676133
2,КАПИТАЛ И РЕЗЕРВЫ,T23_000000_t19Ved14.xlsx,45,5,False,DATA,2676133
2,КАПИТАЛ И РЕЗЕРВЫ,T23_000000_t19Ved14.xlsx,45,6,False,DATA,2676133
2,КАПИТАЛ И РЕЗЕРВЫ,T23_000000_t19Ved14.xlsx,45,7,False,DATA,1093590
2,КАПИТАЛ И РЕЗЕРВЫ,T23_000000_t19Ved14.xlsx,45,8,False,DATA,1093590
2,КАПИТАЛ И РЕЗЕРВЫ,T23_000000_t19Ved14.xlsx,45,9,False,DATA,1093590
2,КАПИТАЛ И РЕЗЕРВЫ,T23_000000_t19Ved14.xlsx,45,10,False,DATA,620645
2,КАПИТАЛ И РЕЗЕРВЫ,T23_000000_t19Ved14.xlsx,45,11,False,DATA,620645
2,КАПИТАЛ И РЕЗЕРВЫ,T23_000000_t19Ved14.xlsx,45,12,False,DATA,620645
2,КАПИТАЛ И РЕЗЕРВЫ,T23_000000_t19Ved14.xlsx,45,13,False,DATA,2421796
2,КАПИТАЛ И РЕЗЕРВЫ,T23_000000_t19Ved14.xlsx,45,14,False,DATA,2421796
2,КАПИТАЛ И РЕЗЕРВЫ,T23_000000_t19Ved14.xlsx,45,15,False,DATA,3660691
2,КАПИТАЛ И РЕЗЕРВЫ,T23_000000_t19Ved14.xlsx,45,16,False,DATA,3660691
2,КАПИТАЛ И РЕЗЕРВЫ,T23_000000_t19Ved14.xlsx,46,0,False,OKVED_CODE,"Деятельность профессиональная, научная и техническая"
2,КАПИТАЛ И РЕЗЕРВЫ,T23_000000_t19Ved14.xlsx,46,1,False,OKVED_NAME,4264538
2,КАПИТАЛ И РЕЗЕРВЫ,T23_000000_t19Ved14.xlsx,46,2,False,DATA,4264538
2,КАПИТАЛ И РЕЗЕРВЫ,T23_000000_t19Ved14.xlsx,46,3,False,DATA,7329730
2,КАПИТАЛ И РЕЗЕРВЫ,T23_000000_t19Ved14.xlsx,46,4,False,DATA,7329730
2,КАПИТАЛ И РЕЗЕРВЫ,T23_000000_t19Ved14.xlsx,46,5,False,DATA,7329730
2,КАПИТАЛ И РЕЗЕРВЫ,T23_000000_t19Ved14.xlsx,46,6,False,DATA,7329730
2,КАПИТАЛ И РЕЗЕРВЫ,T23_000000_t19Ved14.xlsx,46,7,False,DATA,1920311
2,КАПИТАЛ И РЕЗЕРВЫ,T23_000000_t19Ved14.xlsx,46,8,False,DATA,1920311
2,КАПИТАЛ И РЕЗЕРВЫ,T23_000000_t19Ved14.xlsx,46,9,False,DATA,1920311
2,КАПИТАЛ И РЕЗЕРВЫ,T23_000000_t19Ved14.xlsx,46,10,False,DATA,1802447
2,КАПИТАЛ И РЕЗЕРВЫ,T23_000000_t19Ved14.xlsx,46,11,False,DATA,1802447
2,КАПИТАЛ И РЕЗЕРВЫ,T23_000000_t19Ved14.xlsx,46,12,False,DATA,1802447
2,КАПИТАЛ И РЕЗЕРВЫ,T23_000000_t19Ved14.xlsx,46,13,False,DATA,694442
2,КАПИТАЛ И РЕЗЕРВЫ,T23_000000_t19Ved14.xlsx,46,14,False,DATA,694442
2,КАПИТАЛ И РЕЗЕРВЫ,T23_000000_t19Ved14.xlsx,46,15,False,DATA,361700
2,КАПИТАЛ И РЕЗЕРВЫ,T23_000000_t19Ved14.xlsx,46,16,False,DATA,361700
2,КАПИТАЛ И РЕЗЕРВЫ,T23_000000_t19Ved14.xlsx,47,0,False,OKVED_CODE,"деятельность в области права
и бухгалтерского учета"
2,КАПИТАЛ И РЕЗЕРВЫ,T23_000000_t19Ved14.xlsx,47,1,False,OKVED_NAME,14713
2,КАПИТАЛ И РЕЗЕРВЫ,T23_000000_t19Ved14.xlsx,47,2,False,DATA,14713
2,КАПИТАЛ И РЕЗЕРВЫ,T23_000000_t19Ved14.xlsx,47,3,False,DATA,74167
2,КАПИТАЛ И РЕЗЕРВЫ,T23_000000_t19Ved14.xlsx,47,4,False,DATA,74167
2,КАПИТАЛ И РЕЗЕРВЫ,T23_000000_t19Ved14.xlsx,47,5,False,DATA,74167
2,КАПИТАЛ И РЕЗЕРВЫ,T23_000000_t19Ved14.xlsx,47,6,False,DATA,74167
2,КАПИТАЛ И РЕЗЕРВЫ,T23_000000_t19Ved14.xlsx,47,7,False,DATA,94819
2,КАПИТАЛ И РЕЗЕРВЫ,T23_000000_t19Ved14.xlsx,47,8,False,DATA,94819
2,КАПИТАЛ И РЕЗЕРВЫ,T23_000000_t19Ved14.xlsx,47,9,False,DATA,94819
2,КАПИТАЛ И РЕЗЕРВЫ,T23_000000_t19Ved14.xlsx,47,10,False,DATA,219
2,КАПИТАЛ И РЕЗЕРВЫ,T23_000000_t19Ved14.xlsx,47,11,False,DATA,219
2,КАПИТАЛ И РЕЗЕРВЫ,T23_000000_t19Ved14.xlsx,47,12,False,DATA,219
2,КАПИТАЛ И РЕЗЕРВЫ,T23_000000_t19Ved14.xlsx,47,13,False,DATA,14726
2,КАПИТАЛ И РЕЗЕРВЫ,T23_000000_t19Ved14.xlsx,47,14,False,DATA,14726
2,КАПИТАЛ И РЕЗЕРВЫ,T23_000000_t19Ved14.xlsx,47,15,False,DATA,137
2,КАПИТАЛ И РЕЗЕРВЫ,T23_000000_t19Ved14.xlsx,47,16,False,DATA,137
2,КАПИТАЛ И РЕЗЕРВЫ,T23_000000_t19Ved14.xlsx,48,0,False,OKVED_CODE,деятельность головных офисов; консультирование по вопросам управления
2,КАПИТАЛ И РЕЗЕРВЫ,T23_000000_t19Ved14.xlsx,48,1,False,OKVED_NAME,4072307
2,КАПИТАЛ И РЕЗЕРВЫ,T23_000000_t19Ved14.xlsx,48,2,False,DATA,4072307
2,КАПИТАЛ И РЕЗЕРВЫ,T23_000000_t19Ved14.xlsx,48,3,False,DATA,6487469
2,КАПИТАЛ И РЕЗЕРВЫ,T23_000000_t19Ved14.xlsx,48,4,False,DATA,6487469
2,КАПИТАЛ И РЕЗЕРВЫ,T23_000000_t19Ved14.xlsx,48,5,False,DATA,6487469
2,КАПИТАЛ И РЕЗЕРВЫ,T23_000000_t19Ved14.xlsx,48,6,False,DATA,6487469
2,КАПИТАЛ И РЕЗЕРВЫ,T23_000000_t19Ved14.xlsx,48,7,False,DATA,22039
2,КАПИТАЛ И РЕЗЕРВЫ,T23_000000_t19Ved14.xlsx,48,8,False,DATA,22039
2,КАПИТАЛ И РЕЗЕРВЫ,T23_000000_t19Ved14.xlsx,48,9,False,DATA,22039
2,КАПИТАЛ И РЕЗЕРВЫ,T23_000000_t19Ved14.xlsx,48,10,False,DATA,18485
2,КАПИТАЛ И РЕЗЕРВЫ,T23_000000_t19Ved14.xlsx,48,11,False,DATA,18485
2,КАПИТАЛ И РЕЗЕРВЫ,T23_000000_t19Ved14.xlsx,48,12,False,DATA,18485
2,КАПИТАЛ И РЕЗЕРВЫ,T23_000000_t19Ved14.xlsx,48,13,False,DATA,618210
2,КАПИТАЛ И РЕЗЕРВЫ,T23_000000_t19Ved14.xlsx,48,14,False,DATA,618210
2,КАПИТАЛ И РЕЗЕРВЫ,T23_000000_t19Ved14.xlsx,48,15,False,DATA,198671
2,КАПИТАЛ И РЕЗЕРВЫ,T23_000000_t19Ved14.xlsx,48,16,False,DATA,198671
2,КАПИТАЛ И РЕЗЕРВЫ,T23_000000_t19Ved14.xlsx,49,0,False,OKVED_CODE,"деятельность в области архитектуры и инженерно-технического проектирования; технических испытаний, и"
2,КАПИТАЛ И РЕЗЕРВЫ,T23_000000_t19Ved14.xlsx,49,1,False,OKVED_NAME,175641
2,КАПИТАЛ И РЕЗЕРВЫ,T23_000000_t19Ved14.xlsx,49,2,False,DATA,175641
2,КАПИТАЛ И РЕЗЕРВЫ,T23_000000_t19Ved14.xlsx,49,3,False,DATA,769386
2,КАПИТАЛ И РЕЗЕРВЫ,T23_000000_t19Ved14.xlsx,49,4,False,DATA,769386
2,КАПИТАЛ И РЕЗЕРВЫ,T23_000000_t19Ved14.xlsx,49,5,False,DATA,769386
2,КАПИТАЛ И РЕЗЕРВЫ,T23_000000_t19Ved14.xlsx,49,6,False,DATA,769386
2,КАПИТАЛ И РЕЗЕРВЫ,T23_000000_t19Ved14.xlsx,49,7,False,DATA,1802675
2,КАПИТАЛ И РЕЗЕРВЫ,T23_000000_t19Ved14.xlsx,49,8,False,DATA,1802675
2,КАПИТАЛ И РЕЗЕРВЫ,T23_000000_t19Ved14.xlsx,49,9,False,DATA,1802675
2,КАПИТАЛ И РЕЗЕРВЫ,T23_000000_t19Ved14.xlsx,49,10,False,DATA,1782973
2,КАПИТАЛ И РЕЗЕРВЫ,T23_000000_t19Ved14.xlsx,49,11,False,DATA,1782973
2,КАПИТАЛ И РЕЗЕРВЫ,T23_000000_t19Ved14.xlsx,49,12,False,DATA,1782973
2,КАПИТАЛ И РЕЗЕРВЫ,T23_000000_t19Ved14.xlsx,49,13,False,DATA,56657
2,КАПИТАЛ И РЕЗЕРВЫ,T23_000000_t19Ved14.xlsx,49,14,False,DATA,56657
2,КАПИТАЛ И РЕЗЕРВЫ,T23_000000_t19Ved14.xlsx,49,15,False,DATA,156795
2,КАПИТАЛ И РЕЗЕРВЫ,T23_000000_t19Ved14.xlsx,49,16,False,DATA,156795
2,КАПИТАЛ И РЕЗЕРВЫ,T23_000000_t19Ved14.xlsx,50,0,False,OKVED_CODE,деятельность профессиональная научная и техническая прочая
2,КАПИТАЛ И РЕЗЕРВЫ,T23_000000_t19Ved14.xlsx,50,1,False,OKVED_NAME,1877
2,КАПИТАЛ И РЕЗЕРВЫ,T23_000000_t19Ved14.xlsx,50,2,False,DATA,1877
2,КАПИТАЛ И РЕЗЕРВЫ,T23_000000_t19Ved14.xlsx,50,3,False,DATA,-1292
2,КАПИТАЛ И РЕЗЕРВЫ,T23_000000_t19Ved14.xlsx,50,4,False,DATA,-1292
2,КАПИТАЛ И РЕЗЕРВЫ,T23_000000_t19Ved14.xlsx,50,5,False,DATA,-1292
2,КАПИТАЛ И РЕЗЕРВЫ,T23_000000_t19Ved14.xlsx,50,6,False,DATA,-1292
2,КАПИТАЛ И РЕЗЕРВЫ,T23_000000_t19Ved14.xlsx,50,7,False,DATA,778
2,КАПИТАЛ И РЕЗЕРВЫ,T23_000000_t19Ved14.xlsx,50,8,False,DATA,778
2,КАПИТАЛ И РЕЗЕРВЫ,T23_000000_t19Ved14.xlsx,50,9,False,DATA,778
2,КАПИТАЛ И РЕЗЕРВЫ,T23_000000_t19Ved14.xlsx,50,10,False,DATA,770
2,КАПИТАЛ И РЕЗЕРВЫ,T23_000000_t19Ved14.xlsx,50,11,False,DATA,770
2,КАПИТАЛ И РЕЗЕРВЫ,T23_000000_t19Ved14.xlsx,50,12,False,DATA,770
2,КАПИТАЛ И РЕЗЕРВЫ,T23_000000_t19Ved14.xlsx,50,13,False,DATA,4849
2,КАПИТАЛ И РЕЗЕРВЫ,T23_000000_t19Ved14.xlsx,50,14,False,DATA,4849
2,КАПИТАЛ И РЕЗЕРВЫ,T23_000000_t19Ved14.xlsx,50,15,False,DATA,6097
2,КАПИТАЛ И РЕЗЕРВЫ,T23_000000_t19Ved14.xlsx,50,16,False,DATA,6097
2,КАПИТАЛ И РЕЗЕРВЫ,T23_000000_t19Ved14.xlsx,51,0,False,OKVED_CODE,
2,КАПИТАЛ И РЕЗЕРВЫ,T23_000000_t19Ved14.xlsx,51,1,False,OKVED_NAME,
2,КАПИТАЛ И РЕЗЕРВЫ,T23_000000_t19Ved14.xlsx,51,2,False,EMPTY,
2,КАПИТАЛ И РЕЗЕРВЫ,T23_000000_t19Ved14.xlsx,51,3,False,EMPTY,
2,КАПИТАЛ И РЕЗЕРВЫ,T23_000000_t19Ved14.xlsx,51,4,False,EMPTY,
2,КАПИТАЛ И РЕЗЕРВЫ,T23_000000_t19Ved14.xlsx,51,5,False,EMPTY,
2,КАПИТАЛ И РЕЗЕРВЫ,T23_000000_t19Ved14.xlsx,51,6,False,EMPTY,
2,КАПИТАЛ И РЕЗЕРВЫ,T23_000000_t19Ved14.xlsx,51,7,False,EMPTY,
2,КАПИТАЛ И РЕЗЕРВЫ,T23_000000_t19Ved14.xlsx,51,8,False,EMPTY,
2,КАПИТАЛ И РЕЗЕРВЫ,T23_000000_t19Ved14.xlsx,51,9,False,EMPTY,
2,КАПИТАЛ И РЕЗЕРВЫ,T23_000000_t19Ved14.xlsx,51,10,False,EMPTY,
2,КАПИТАЛ И РЕЗЕРВЫ,T23_000000_t19Ved14.xlsx,51,11,False,EMPTY,
2,КАПИТАЛ И РЕЗЕРВЫ,T23_000000_t19Ved14.xlsx,51,12,False,EMPTY,
2,КАПИТАЛ И РЕЗЕРВЫ,T23_000000_t19Ved14.xlsx,51,13,False,EMPTY,
2,КАПИТАЛ И РЕЗЕРВЫ,T23_000000_t19Ved14.xlsx,51,14,False,EMPTY,
2,КАПИТАЛ И РЕЗЕРВЫ,T23_000000_t19Ved14.xlsx,51,15,False,EMPTY,
2,КАПИТАЛ И РЕЗЕРВЫ,T23_000000_t19Ved14.xlsx,51,16,False,EMPTY,
2,КАПИТАЛ И РЕЗЕРВЫ,T23_000000_t19Ved14.xlsx,52,0,False,OKVED_CODE,
2,КАПИТАЛ И РЕЗЕРВЫ,T23_000000_t19Ved14.xlsx,52,1,False,OKVED_NAME,
2,КАПИТАЛ И РЕЗЕРВЫ,T23_000000_t19Ved14.xlsx,52,2,False,EMPTY,
2,КАПИТАЛ И РЕЗЕРВЫ,T23_000000_t19Ved14.xlsx,52,3,False,EMPTY,
2,КАПИТАЛ И РЕЗЕРВЫ,T23_000000_t19Ved14.xlsx,52,4,False,EMPTY,
2,КАПИТАЛ И РЕЗЕРВЫ,T23_000000_t19Ved14.xlsx,52,5,False,EMPTY,
2,КАПИТАЛ И РЕЗЕРВЫ,T23_000000_t19Ved14.xlsx,52,6,False,EMPTY,
2,КАПИТАЛ И РЕЗЕРВЫ,T23_000000_t19Ved14.xlsx,52,7,False,EMPTY,
2,КАПИТАЛ И РЕЗЕРВЫ,T23_000000_t19Ved14.xlsx,52,8,False,EMPTY,
2,КАПИТАЛ И РЕЗЕРВЫ,T23_000000_t19Ved14.xlsx,52,9,False,EMPTY,
2,КАПИТАЛ И РЕЗЕРВЫ,T23_000000_t19Ved14.xlsx,52,10,False,EMPTY,
2,КАПИТАЛ И РЕЗЕРВЫ,T23_000000_t19Ved14.xlsx,52,11,False,EMPTY,
2,КАПИТАЛ И РЕЗЕРВЫ,T23_000000_t19Ved14.xlsx,52,12,False,DATA,Продолжение таблицы 1.
2,КАПИТАЛ И РЕЗЕРВЫ,T23_000000_t19Ved14.xlsx,52,13,False,DATA,Продолжение таблицы 1.
2,КАПИТАЛ И РЕЗЕРВЫ,T23_000000_t19Ved14.xlsx,52,14,False,DATA,Продолжение таблицы 1.
2,КАПИТАЛ И РЕЗЕРВЫ,T23_000000_t19Ved14.xlsx,52,15,False,DATA,Продолжение таблицы 1.
2,КАПИТАЛ И РЕЗЕРВЫ,T23_000000_t19Ved14.xlsx,52,16,False,DATA,Продолжение таблицы 1.
2,КАПИТАЛ И РЕЗЕРВЫ,T23_000000_t19Ved14.xlsx,53,0,False,OKVED_CODE,
2,КАПИТАЛ И РЕЗЕРВЫ,T23_000000_t19Ved14.xlsx,53,1,False,OKVED_NAME,Капитал и резервы
2,КАПИТАЛ И РЕЗЕРВЫ,T23_000000_t19Ved14.xlsx,53,2,False,DATA,Капитал и резервы
2,КАПИТАЛ И РЕЗЕРВЫ,T23_000000_t19Ved14.xlsx,53,3,False,DATA,Капитал и резервы
2,КАПИТАЛ И РЕЗЕРВЫ,T23_000000_t19Ved14.xlsx,53,4,False,DATA,Капитал и резервы
2,КАПИТАЛ И РЕЗЕРВЫ,T23_000000_t19Ved14.xlsx,53,5,False,DATA,Капитал и резервы
2,КАПИТАЛ И РЕЗЕРВЫ,T23_000000_t19Ved14.xlsx,53,6,False,DATA,Капитал и резервы
2,КАПИТАЛ И РЕЗЕРВЫ,T23_000000_t19Ved14.xlsx,53,7,False,DATA,Долгосрочные обязательства
2,КАПИТАЛ И РЕЗЕРВЫ,T23_000000_t19Ved14.xlsx,53,8,False,DATA,Долгосрочные обязательства
2,КАПИТАЛ И РЕЗЕРВЫ,T23_000000_t19Ved14.xlsx,53,9,False,DATA,Долгосрочные обязательства
2,КАПИТАЛ И РЕЗЕРВЫ,T23_000000_t19Ved14.xlsx,53,10,False,DATA,Долгосрочные обязательства
2,КАПИТАЛ И РЕЗЕРВЫ,T23_000000_t19Ved14.xlsx,53,11,False,DATA,Долгосрочные обязательства
2,КАПИТАЛ И РЕЗЕРВЫ,T23_000000_t19Ved14.xlsx,53,12,False,DATA,Долгосрочные обязательства
2,КАПИТАЛ И РЕЗЕРВЫ,T23_000000_t19Ved14.xlsx,53,13,False,DATA,Краткосрочные обязательства
2,КАПИТАЛ И РЕЗЕРВЫ,T23_000000_t19Ved14.xlsx,53,14,False,DATA,Краткосрочные обязательства
2,КАПИТАЛ И РЕЗЕРВЫ,T23_000000_t19Ved14.xlsx,53,15,False,DATA,Краткосрочные обязательства
2,КАПИТАЛ И РЕЗЕРВЫ,T23_000000_t19Ved14.xlsx,53,16,False,DATA,Краткосрочные обязательства
2,КАПИТАЛ И РЕЗЕРВЫ,T23_000000_t19Ved14.xlsx,54,0,False,OKVED_CODE,
2,КАПИТАЛ И РЕЗЕРВЫ,T23_000000_t19Ved14.xlsx,54,1,False,OKVED_NAME,2022
2,КАПИТАЛ И РЕЗЕРВЫ,T23_000000_t19Ved14.xlsx,54,2,False,DATA,2022
2,КАПИТАЛ И РЕЗЕРВЫ,T23_000000_t19Ved14.xlsx,54,3,False,DATA,2023
2,КАПИТАЛ И РЕЗЕРВЫ,T23_000000_t19Ved14.xlsx,54,4,False,DATA,2023
2,КАПИТАЛ И РЕЗЕРВЫ,T23_000000_t19Ved14.xlsx,54,5,False,DATA,2023
2,КАПИТАЛ И РЕЗЕРВЫ,T23_000000_t19Ved14.xlsx,54,6,False,DATA,2023
2,КАПИТАЛ И РЕЗЕРВЫ,T23_000000_t19Ved14.xlsx,54,7,False,DATA,2022
2,КАПИТАЛ И РЕЗЕРВЫ,T23_000000_t19Ved14.xlsx,54,8,False,DATA,2022
2,КАПИТАЛ И РЕЗЕРВЫ,T23_000000_t19Ved14.xlsx,54,9,False,DATA,2022
2,КАПИТАЛ И РЕЗЕРВЫ,T23_000000_t19Ved14.xlsx,54,10,False,DATA,2023
2,КАПИТАЛ И РЕЗЕРВЫ,T23_000000_t19Ved14.xlsx,54,11,False,DATA,2023
2,КАПИТАЛ И РЕЗЕРВЫ,T23_000000_t19Ved14.xlsx,54,12,False,DATA,2023
2,КАПИТАЛ И РЕЗЕРВЫ,T23_000000_t19Ved14.xlsx,54,13,False,DATA,2022
2,КАПИТАЛ И РЕЗЕРВЫ,T23_000000_t19Ved14.xlsx,54,14,False,DATA,2022
2,КАПИТАЛ И РЕЗЕРВЫ,T23_000000_t19Ved14.xlsx,54,15,False,DATA,2023
2,КАПИТАЛ И РЕЗЕРВЫ,T23_000000_t19Ved14.xlsx,54,16,False,DATA,2023
2,КАПИТАЛ И РЕЗЕРВЫ,T23_000000_t19Ved14.xlsx,55,0,False,OKVED_CODE,"Деятельность административная
и сопутствующие дополнительные услуги"
2,КАПИТАЛ И РЕЗЕРВЫ,T23_000000_t19Ved14.xlsx,55,1,False,OKVED_NAME,1121041
2,КАПИТАЛ И РЕЗЕРВЫ,T23_000000_t19Ved14.xlsx,55,2,False,DATA,1121041
2,КАПИТАЛ И РЕЗЕРВЫ,T23_000000_t19Ved14.xlsx,55,3,False,DATA,1123607
2,КАПИТАЛ И РЕЗЕРВЫ,T23_000000_t19Ved14.xlsx,55,4,False,DATA,1123607
2,КАПИТАЛ И РЕЗЕРВЫ,T23_000000_t19Ved14.xlsx,55,5,False,DATA,1123607
2,КАПИТАЛ И РЕЗЕРВЫ,T23_000000_t19Ved14.xlsx,55,6,False,DATA,1123607
2,КАПИТАЛ И РЕЗЕРВЫ,T23_000000_t19Ved14.xlsx,55,7,False,DATA,117747
2,КАПИТАЛ И РЕЗЕРВЫ,T23_000000_t19Ved14.xlsx,55,8,False,DATA,117747
2,КАПИТАЛ И РЕЗЕРВЫ,T23_000000_t19Ved14.xlsx,55,9,False,DATA,117747
2,КАПИТАЛ И РЕЗЕРВЫ,T23_000000_t19Ved14.xlsx,55,10,False,DATA,213309
2,КАПИТАЛ И РЕЗЕРВЫ,T23_000000_t19Ved14.xlsx,55,11,False,DATA,213309
2,КАПИТАЛ И РЕЗЕРВЫ,T23_000000_t19Ved14.xlsx,55,12,False,DATA,213309
2,КАПИТАЛ И РЕЗЕРВЫ,T23_000000_t19Ved14.xlsx,55,13,False,DATA,480636
2,КАПИТАЛ И РЕЗЕРВЫ,T23_000000_t19Ved14.xlsx,55,14,False,DATA,480636
2,КАПИТАЛ И РЕЗЕРВЫ,T23_000000_t19Ved14.xlsx,55,15,False,DATA,477425
2,КАПИТАЛ И РЕЗЕРВЫ,T23_000000_t19Ved14.xlsx,55,16,False,DATA,477425
2,КАПИТАЛ И РЕЗЕРВЫ,T23_000000_t19Ved14.xlsx,56,0,False,OKVED_CODE,аренда и лизинг
2,КАПИТАЛ И РЕЗЕРВЫ,T23_000000_t19Ved14.xlsx,56,1,False,OKVED_NAME,94121
2,КАПИТАЛ И РЕЗЕРВЫ,T23_000000_t19Ved14.xlsx,56,2,False,DATA,94121
2,КАПИТАЛ И РЕЗЕРВЫ,T23_000000_t19Ved14.xlsx,56,3,False,DATA,99725
2,КАПИТАЛ И РЕЗЕРВЫ,T23_000000_t19Ved14.xlsx,56,4,False,DATA,99725
2,КАПИТАЛ И РЕЗЕРВЫ,T23_000000_t19Ved14.xlsx,56,5,False,DATA,99725
2,КАПИТАЛ И РЕЗЕРВЫ,T23_000000_t19Ved14.xlsx,56,6,False,DATA,99725
2,КАПИТАЛ И РЕЗЕРВЫ,T23_000000_t19Ved14.xlsx,56,7,False,DATA,-
2,КАПИТАЛ И РЕЗЕРВЫ,T23_000000_t19Ved14.xlsx,56,8,False,DATA,-
2,КАПИТАЛ И РЕЗЕРВЫ,T23_000000_t19Ved14.xlsx,56,9,False,DATA,-
2,КАПИТАЛ И РЕЗЕРВЫ,T23_000000_t19Ved14.xlsx,56,10,False,DATA,-
2,КАПИТАЛ И РЕЗЕРВЫ,T23_000000_t19Ved14.xlsx,56,11,False,DATA,-
2,КАПИТАЛ И РЕЗЕРВЫ,T23_000000_t19Ved14.xlsx,56,12,False,DATA,-
2,КАПИТАЛ И РЕЗЕРВЫ,T23_000000_t19Ved14.xlsx,56,13,False,DATA,281
2,КАПИТАЛ И РЕЗЕРВЫ,T23_000000_t19Ved14.xlsx,56,14,False,DATA,281
2,КАПИТАЛ И РЕЗЕРВЫ,T23_000000_t19Ved14.xlsx,56,15,False,DATA,379
2,КАПИТАЛ И РЕЗЕРВЫ,T23_000000_t19Ved14.xlsx,56,16,False,DATA,379
2,КАПИТАЛ И РЕЗЕРВЫ,T23_000000_t19Ved14.xlsx,57,0,False,OKVED_CODE,"деятельность туристических агентств и прочих организаций, предоставляющих услуги в сфере туризма"
2,КАПИТАЛ И РЕЗЕРВЫ,T23_000000_t19Ved14.xlsx,57,1,False,OKVED_NAME,532763
2,КАПИТАЛ И РЕЗЕРВЫ,T23_000000_t19Ved14.xlsx,57,2,False,DATA,532763
2,КАПИТАЛ И РЕЗЕРВЫ,T23_000000_t19Ved14.xlsx,57,3,False,DATA,533835
2,КАПИТАЛ И РЕЗЕРВЫ,T23_000000_t19Ved14.xlsx,57,4,False,DATA,533835
2,КАПИТАЛ И РЕЗЕРВЫ,T23_000000_t19Ved14.xlsx,57,5,False,DATA,533835
2,КАПИТАЛ И РЕЗЕРВЫ,T23_000000_t19Ved14.xlsx,57,6,False,DATA,533835
2,КАПИТАЛ И РЕЗЕРВЫ,T23_000000_t19Ved14.xlsx,57,7,False,DATA,5247
2,КАПИТАЛ И РЕЗЕРВЫ,T23_000000_t19Ved14.xlsx,57,8,False,DATA,5247
2,КАПИТАЛ И РЕЗЕРВЫ,T23_000000_t19Ved14.xlsx,57,9,False,DATA,5247
2,КАПИТАЛ И РЕЗЕРВЫ,T23_000000_t19Ved14.xlsx,57,10,False,DATA,102899
2,КАПИТАЛ И РЕЗЕРВЫ,T23_000000_t19Ved14.xlsx,57,11,False,DATA,102899
2,КАПИТАЛ И РЕЗЕРВЫ,T23_000000_t19Ved14.xlsx,57,12,False,DATA,102899
2,КАПИТАЛ И РЕЗЕРВЫ,T23_000000_t19Ved14.xlsx,57,13,False,DATA,6797
2,КАПИТАЛ И РЕЗЕРВЫ,T23_000000_t19Ved14.xlsx,57,14,False,DATA,6797
2,КАПИТАЛ И РЕЗЕРВЫ,T23_000000_t19Ved14.xlsx,57,15,False,DATA,9579
2,КАПИТАЛ И РЕЗЕРВЫ,T23_000000_t19Ved14.xlsx,57,16,False,DATA,9579
2,КАПИТАЛ И РЕЗЕРВЫ,T23_000000_t19Ved14.xlsx,58,0,False,OKVED_CODE,деятельность по обслуживанию зданий и территорий
2,КАПИТАЛ И РЕЗЕРВЫ,T23_000000_t19Ved14.xlsx,58,1,False,OKVED_NAME,487945
2,КАПИТАЛ И РЕЗЕРВЫ,T23_000000_t19Ved14.xlsx,58,2,False,DATA,487945
2,КАПИТАЛ И РЕЗЕРВЫ,T23_000000_t19Ved14.xlsx,58,3,False,DATA,483679
2,КАПИТАЛ И РЕЗЕРВЫ,T23_000000_t19Ved14.xlsx,58,4,False,DATA,483679
2,КАПИТАЛ И РЕЗЕРВЫ,T23_000000_t19Ved14.xlsx,58,5,False,DATA,483679
2,КАПИТАЛ И РЕЗЕРВЫ,T23_000000_t19Ved14.xlsx,58,6,False,DATA,483679
2,КАПИТАЛ И РЕЗЕРВЫ,T23_000000_t19Ved14.xlsx,58,7,False,DATA,112500
2,КАПИТАЛ И РЕЗЕРВЫ,T23_000000_t19Ved14.xlsx,58,8,False,DATA,112500
2,КАПИТАЛ И РЕЗЕРВЫ,T23_000000_t19Ved14.xlsx,58,9,False,DATA,112500
2,КАПИТАЛ И РЕЗЕРВЫ,T23_000000_t19Ved14.xlsx,58,10,False,DATA,110410
2,КАПИТАЛ И РЕЗЕРВЫ,T23_000000_t19Ved14.xlsx,58,11,False,DATA,110410
2,КАПИТАЛ И РЕЗЕРВЫ,T23_000000_t19Ved14.xlsx,58,12,False,DATA,110410
2,КАПИТАЛ И РЕЗЕРВЫ,T23_000000_t19Ved14.xlsx,58,13,False,DATA,462618
2,КАПИТАЛ И РЕЗЕРВЫ,T23_000000_t19Ved14.xlsx,58,14,False,DATA,462618
2,КАПИТАЛ И РЕЗЕРВЫ,T23_000000_t19Ved14.xlsx,58,15,False,DATA,457592
2,КАПИТАЛ И РЕЗЕРВЫ,T23_000000_t19Ved14.xlsx,58,16,False,DATA,457592
2,КАПИТАЛ И РЕЗЕРВЫ,T23_000000_t19Ved14.xlsx,59,0,False,OKVED_CODE,"деятельность административно-хозяйственная, вспомогательная деятельность по обеспечению функциониров"
2,КАПИТАЛ И РЕЗЕРВЫ,T23_000000_t19Ved14.xlsx,59,1,False,OKVED_NAME,6212
2,КАПИТАЛ И РЕЗЕРВЫ,T23_000000_t19Ved14.xlsx,59,2,False,DATA,6212
2,КАПИТАЛ И РЕЗЕРВЫ,T23_000000_t19Ved14.xlsx,59,3,False,DATA,6368
2,КАПИТАЛ И РЕЗЕРВЫ,T23_000000_t19Ved14.xlsx,59,4,False,DATA,6368
2,КАПИТАЛ И РЕЗЕРВЫ,T23_000000_t19Ved14.xlsx,59,5,False,DATA,6368
2,КАПИТАЛ И РЕЗЕРВЫ,T23_000000_t19Ved14.xlsx,59,6,False,DATA,6368
2,КАПИТАЛ И РЕЗЕРВЫ,T23_000000_t19Ved14.xlsx,59,7,False,DATA,-
2,КАПИТАЛ И РЕЗЕРВЫ,T23_000000_t19Ved14.xlsx,59,8,False,DATA,-
2,КАПИТАЛ И РЕЗЕРВЫ,T23_000000_t19Ved14.xlsx,59,9,False,DATA,-
2,КАПИТАЛ И РЕЗЕРВЫ,T23_000000_t19Ved14.xlsx,59,10,False,DATA,-
2,КАПИТАЛ И РЕЗЕРВЫ,T23_000000_t19Ved14.xlsx,59,11,False,DATA,-
2,КАПИТАЛ И РЕЗЕРВЫ,T23_000000_t19Ved14.xlsx,59,12,False,DATA,-
2,КАПИТАЛ И РЕЗЕРВЫ,T23_000000_t19Ved14.xlsx,59,13,False,DATA,10940
2,КАПИТАЛ И РЕЗЕРВЫ,T23_000000_t19Ved14.xlsx,59,14,False,DATA,10940
2,КАПИТАЛ И РЕЗЕРВЫ,T23_000000_t19Ved14.xlsx,59,15,False,DATA,9875
2,КАПИТАЛ И РЕЗЕРВЫ,T23_000000_t19Ved14.xlsx,59,16,False,DATA,9875
2,КАПИТАЛ И РЕЗЕРВЫ,T23_000000_t19Ved14.xlsx,60,0,False,OKVED_CODE,"Государственное управление
и обеспечение военной безопасности; социальное обеспечение"
2,КАПИТАЛ И РЕЗЕРВЫ,T23_000000_t19Ved14.xlsx,60,1,False,OKVED_NAME,5109
2,КАПИТАЛ И РЕЗЕРВЫ,T23_000000_t19Ved14.xlsx,60,2,False,DATA,5109
2,КАПИТАЛ И РЕЗЕРВЫ,T23_000000_t19Ved14.xlsx,60,3,False,DATA,7028
2,КАПИТАЛ И РЕЗЕРВЫ,T23_000000_t19Ved14.xlsx,60,4,False,DATA,7028
2,КАПИТАЛ И РЕЗЕРВЫ,T23_000000_t19Ved14.xlsx,60,5,False,DATA,7028
2,КАПИТАЛ И РЕЗЕРВЫ,T23_000000_t19Ved14.xlsx,60,6,False,DATA,7028
2,КАПИТАЛ И РЕЗЕРВЫ,T23_000000_t19Ved14.xlsx,60,7,False,DATA,-
2,КАПИТАЛ И РЕЗЕРВЫ,T23_000000_t19Ved14.xlsx,60,8,False,DATA,-
2,КАПИТАЛ И РЕЗЕРВЫ,T23_000000_t19Ved14.xlsx,60,9,False,DATA,-
2,КАПИТАЛ И РЕЗЕРВЫ,T23_000000_t19Ved14.xlsx,60,10,False,DATA,102947
2,КАПИТАЛ И РЕЗЕРВЫ,T23_000000_t19Ved14.xlsx,60,11,False,DATA,102947
2,КАПИТАЛ И РЕЗЕРВЫ,T23_000000_t19Ved14.xlsx,60,12,False,DATA,102947
2,КАПИТАЛ И РЕЗЕРВЫ,T23_000000_t19Ved14.xlsx,60,13,False,DATA,21079
2,КАПИТАЛ И РЕЗЕРВЫ,T23_000000_t19Ved14.xlsx,60,14,False,DATA,21079
2,КАПИТАЛ И РЕЗЕРВЫ,T23_000000_t19Ved14.xlsx,60,15,False,DATA,15292
2,КАПИТАЛ И РЕЗЕРВЫ,T23_000000_t19Ved14.xlsx,60,16,False,DATA,15292
2,КАПИТАЛ И РЕЗЕРВЫ,T23_000000_t19Ved14.xlsx,61,0,False,OKVED_CODE,"деятельность органов государственного управления 
по обеспечению военной безопасности, обязательному"
2,КАПИТАЛ И РЕЗЕРВЫ,T23_000000_t19Ved14.xlsx,61,1,False,OKVED_NAME,5109
2,КАПИТАЛ И РЕЗЕРВЫ,T23_000000_t19Ved14.xlsx,61,2,False,DATA,5109
2,КАПИТАЛ И РЕЗЕРВЫ,T23_000000_t19Ved14.xlsx,61,3,False,DATA,7028
2,КАПИТАЛ И РЕЗЕРВЫ,T23_000000_t19Ved14.xlsx,61,4,False,DATA,7028
2,КАПИТАЛ И РЕЗЕРВЫ,T23_000000_t19Ved14.xlsx,61,5,False,DATA,7028
2,КАПИТАЛ И РЕЗЕРВЫ,T23_000000_t19Ved14.xlsx,61,6,False,DATA,7028
2,КАПИТАЛ И РЕЗЕРВЫ,T23_000000_t19Ved14.xlsx,61,7,False,DATA,-
2,КАПИТАЛ И РЕЗЕРВЫ,T23_000000_t19Ved14.xlsx,61,8,False,DATA,-
2,КАПИТАЛ И РЕЗЕРВЫ,T23_000000_t19Ved14.xlsx,61,9,False,DATA,-
2,КАПИТАЛ И РЕЗЕРВЫ,T23_000000_t19Ved14.xlsx,61,10,False,DATA,102947
2,КАПИТАЛ И РЕЗЕРВЫ,T23_000000_t19Ved14.xlsx,61,11,False,DATA,102947
2,КАПИТАЛ И РЕЗЕРВЫ,T23_000000_t19Ved14.xlsx,61,12,False,DATA,102947
2,КАПИТАЛ И РЕЗЕРВЫ,T23_000000_t19Ved14.xlsx,61,13,False,DATA,21079
2,КАПИТАЛ И РЕЗЕРВЫ,T23_000000_t19Ved14.xlsx,61,14,False,DATA,21079
2,КАПИТАЛ И РЕЗЕРВЫ,T23_000000_t19Ved14.xlsx,61,15,False,DATA,15292
2,КАПИТАЛ И РЕЗЕРВЫ,T23_000000_t19Ved14.xlsx,61,16,False,DATA,15292
2,КАПИТАЛ И РЕЗЕРВЫ,T23_000000_t19Ved14.xlsx,62,0,False,OKVED_CODE,Образование
2,КАПИТАЛ И РЕЗЕРВЫ,T23_000000_t19Ved14.xlsx,62,1,False,OKVED_NAME,548
2,КАПИТАЛ И РЕЗЕРВЫ,T23_000000_t19Ved14.xlsx,62,2,False,DATA,548
2,КАПИТАЛ И РЕЗЕРВЫ,T23_000000_t19Ved14.xlsx,62,3,False,DATA,651
2,КАПИТАЛ И РЕЗЕРВЫ,T23_000000_t19Ved14.xlsx,62,4,False,DATA,651
2,КАПИТАЛ И РЕЗЕРВЫ,T23_000000_t19Ved14.xlsx,62,5,False,DATA,651
2,КАПИТАЛ И РЕЗЕРВЫ,T23_000000_t19Ved14.xlsx,62,6,False,DATA,651
2,КАПИТАЛ И РЕЗЕРВЫ,T23_000000_t19Ved14.xlsx,62,7,False,DATA,-
2,КАПИТАЛ И РЕЗЕРВЫ,T23_000000_t19Ved14.xlsx,62,8,False,DATA,-
2,КАПИТАЛ И РЕЗЕРВЫ,T23_000000_t19Ved14.xlsx,62,9,False,DATA,-
2,КАПИТАЛ И РЕЗЕРВЫ,T23_000000_t19Ved14.xlsx,62,10,False,DATA,-
2,КАПИТАЛ И РЕЗЕРВЫ,T23_000000_t19Ved14.xlsx,62,11,False,DATA,-
2,КАПИТАЛ И РЕЗЕРВЫ,T23_000000_t19Ved14.xlsx,62,12,False,DATA,-
2,КАПИТАЛ И РЕЗЕРВЫ,T23_000000_t19Ved14.xlsx,62,13,False,DATA,463
2,КАПИТАЛ И РЕЗЕРВЫ,T23_000000_t19Ved14.xlsx,62,14,False,DATA,463
2,КАПИТАЛ И РЕЗЕРВЫ,T23_000000_t19Ved14.xlsx,62,15,False,DATA,506
2,КАПИТАЛ И РЕЗЕРВЫ,T23_000000_t19Ved14.xlsx,62,16,False,DATA,506
2,КАПИТАЛ И РЕЗЕРВЫ,T23_000000_t19Ved14.xlsx,63,0,False,OKVED_CODE,образование
2,КАПИТАЛ И РЕЗЕРВЫ,T23_000000_t19Ved14.xlsx,63,1,False,OKVED_NAME,548
2,КАПИТАЛ И РЕЗЕРВЫ,T23_000000_t19Ved14.xlsx,63,2,False,DATA,548
2,КАПИТАЛ И РЕЗЕРВЫ,T23_000000_t19Ved14.xlsx,63,3,False,DATA,651
2,КАПИТАЛ И РЕЗЕРВЫ,T23_000000_t19Ved14.xlsx,63,4,False,DATA,651
2,КАПИТАЛ И РЕЗЕРВЫ,T23_000000_t19Ved14.xlsx,63,5,False,DATA,651
2,КАПИТАЛ И РЕЗЕРВЫ,T23_000000_t19Ved14.xlsx,63,6,False,DATA,651
2,КАПИТАЛ И РЕЗЕРВЫ,T23_000000_t19Ved14.xlsx,63,7,False,DATA,-
2,КАПИТАЛ И РЕЗЕРВЫ,T23_000000_t19Ved14.xlsx,63,8,False,DATA,-
2,КАПИТАЛ И РЕЗЕРВЫ,T23_000000_t19Ved14.xlsx,63,9,False,DATA,-
2,КАПИТАЛ И РЕЗЕРВЫ,T23_000000_t19Ved14.xlsx,63,10,False,DATA,-
2,КАПИТАЛ И РЕЗЕРВЫ,T23_000000_t19Ved14.xlsx,63,11,False,DATA,-
2,КАПИТАЛ И РЕЗЕРВЫ,T23_000000_t19Ved14.xlsx,63,12,False,DATA,-
2,КАПИТАЛ И РЕЗЕРВЫ,T23_000000_t19Ved14.xlsx,63,13,False,DATA,463
2,КАПИТАЛ И РЕЗЕРВЫ,T23_000000_t19Ved14.xlsx,63,14,False,DATA,463
2,КАПИТАЛ И РЕЗЕРВЫ,T23_000000_t19Ved14.xlsx,63,15,False,DATA,506
2,КАПИТАЛ И РЕЗЕРВЫ,T23_000000_t19Ved14.xlsx,63,16,False,DATA,506
2,КАПИТАЛ И РЕЗЕРВЫ,T23_000000_t19Ved14.xlsx,64,0,False,OKVED_CODE,
2,КАПИТАЛ И РЕЗЕРВЫ,T23_000000_t19Ved14.xlsx,64,1,False,OKVED_NAME,
2,КАПИТАЛ И РЕЗЕРВЫ,T23_000000_t19Ved14.xlsx,64,2,False,EMPTY,
2,КАПИТАЛ И РЕЗЕРВЫ,T23_000000_t19Ved14.xlsx,64,3,False,EMPTY,
2,КАПИТАЛ И РЕЗЕРВЫ,T23_000000_t19Ved14.xlsx,64,4,False,EMPTY,
2,КАПИТАЛ И РЕЗЕРВЫ,T23_000000_t19Ved14.xlsx,64,5,False,EMPTY,
2,КАПИТАЛ И РЕЗЕРВЫ,T23_000000_t19Ved14.xlsx,64,6,False,EMPTY,
2,КАПИТАЛ И РЕЗЕРВЫ,T23_000000_t19Ved14.xlsx,64,7,False,EMPTY,
2,КАПИТАЛ И РЕЗЕРВЫ,T23_000000_t19Ved14.xlsx,64,8,False,EMPTY,
2,КАПИТАЛ И РЕЗЕРВЫ,T23_000000_t19Ved14.xlsx,64,9,False,EMPTY,
2,КАПИТАЛ И РЕЗЕРВЫ,T23_000000_t19Ved14.xlsx,64,10,False,EMPTY,
2,КАПИТАЛ И РЕЗЕРВЫ,T23_000000_t19Ved14.xlsx,64,11,False,EMPTY,
2,КАПИТАЛ И РЕЗЕРВЫ,T23_000000_t19Ved14.xlsx,64,12,False,EMPTY,
2,КАПИТАЛ И РЕЗЕРВЫ,T23_000000_t19Ved14.xlsx,64,13,False,EMPTY,
2,КАПИТАЛ И РЕЗЕРВЫ,T23_000000_t19Ved14.xlsx,64,14,False,EMPTY,
2,КАПИТАЛ И РЕЗЕРВЫ,T23_000000_t19Ved14.xlsx,64,15,False,EMPTY,
2,КАПИТАЛ И РЕЗЕРВЫ,T23_000000_t19Ved14.xlsx,64,16,False,EMPTY,
2,КАПИТАЛ И РЕЗЕРВЫ,T23_000000_t19Ved14.xlsx,65,0,False,OKVED_CODE,
2,КАПИТАЛ И РЕЗЕРВЫ,T23_000000_t19Ved14.xlsx,65,1,False,OKVED_NAME,
2,КАПИТАЛ И РЕЗЕРВЫ,T23_000000_t19Ved14.xlsx,65,2,False,EMPTY,
2,КАПИТАЛ И РЕЗЕРВЫ,T23_000000_t19Ved14.xlsx,65,3,False,EMPTY,
2,КАПИТАЛ И РЕЗЕРВЫ,T23_000000_t19Ved14.xlsx,65,4,False,EMPTY,
2,КАПИТАЛ И РЕЗЕРВЫ,T23_000000_t19Ved14.xlsx,65,5,False,EMPTY,
2,КАПИТАЛ И РЕЗЕРВЫ,T23_000000_t19Ved14.xlsx,65,6,False,EMPTY,
2,КАПИТАЛ И РЕЗЕРВЫ,T23_000000_t19Ved14.xlsx,65,7,False,EMPTY,
2,КАПИТАЛ И РЕЗЕРВЫ,T23_000000_t19Ved14.xlsx,65,8,False,EMPTY,
2,КАПИТАЛ И РЕЗЕРВЫ,T23_000000_t19Ved14.xlsx,65,9,False,EMPTY,
2,КАПИТАЛ И РЕЗЕРВЫ,T23_000000_t19Ved14.xlsx,65,10,False,EMPTY,
2,КАПИТАЛ И РЕЗЕРВЫ,T23_000000_t19Ved14.xlsx,65,11,False,EMPTY,
2,КАПИТАЛ И РЕЗЕРВЫ,T23_000000_t19Ved14.xlsx,65,12,False,EMPTY,
2,КАПИТАЛ И РЕЗЕРВЫ,T23_000000_t19Ved14.xlsx,65,13,False,EMPTY,
2,КАПИТАЛ И РЕЗЕРВЫ,T23_000000_t19Ved14.xlsx,65,14,False,EMPTY,
2,КАПИТАЛ И РЕЗЕРВЫ,T23_000000_t19Ved14.xlsx,65,15,False,EMPTY,
2,КАПИТАЛ И РЕЗЕРВЫ,T23_000000_t19Ved14.xlsx,65,16,False,EMPTY,
2,КАПИТАЛ И РЕЗЕРВЫ,T23_000000_t19Ved14.xlsx,66,0,False,OKVED_CODE,
2,КАПИТАЛ И РЕЗЕРВЫ,T23_000000_t19Ved14.xlsx,66,1,False,OKVED_NAME,
2,КАПИТАЛ И РЕЗЕРВЫ,T23_000000_t19Ved14.xlsx,66,2,False,EMPTY,
2,КАПИТАЛ И РЕЗЕРВЫ,T23_000000_t19Ved14.xlsx,66,3,False,EMPTY,
2,КАПИТАЛ И РЕЗЕРВЫ,T23_000000_t19Ved14.xlsx,66,4,False,EMPTY,
2,КАПИТАЛ И РЕЗЕРВЫ,T23_000000_t19Ved14.xlsx,66,5,False,EMPTY,
2,КАПИТАЛ И РЕЗЕРВЫ,T23_000000_t19Ved14.xlsx,66,6,False,EMPTY,
2,КАПИТАЛ И РЕЗЕРВЫ,T23_000000_t19Ved14.xlsx,66,7,False,EMPTY,
2,КАПИТАЛ И РЕЗЕРВЫ,T23_000000_t19Ved14.xlsx,66,8,False,EMPTY,
2,КАПИТАЛ И РЕЗЕРВЫ,T23_000000_t19Ved14.xlsx,66,9,False,EMPTY,
2,КАПИТАЛ И РЕЗЕРВЫ,T23_000000_t19Ved14.xlsx,66,10,False,EMPTY,
2,КАПИТАЛ И РЕЗЕРВЫ,T23_000000_t19Ved14.xlsx,66,11,False,EMPTY,
2,КАПИТАЛ И РЕЗЕРВЫ,T23_000000_t19Ved14.xlsx,66,12,False,DATA,Продолжение таблицы 1.
2,КАПИТАЛ И РЕЗЕРВЫ,T23_000000_t19Ved14.xlsx,66,13,False,DATA,Продолжение таблицы 1.
2,КАПИТАЛ И РЕЗЕРВЫ,T23_000000_t19Ved14.xlsx,66,14,False,DATA,Продолжение таблицы 1.
2,КАПИТАЛ И РЕЗЕРВЫ,T23_000000_t19Ved14.xlsx,66,15,False,DATA,Продолжение таблицы 1.
2,КАПИТАЛ И РЕЗЕРВЫ,T23_000000_t19Ved14.xlsx,66,16,False,DATA,Продолжение таблицы 1.
2,КАПИТАЛ И РЕЗЕРВЫ,T23_000000_t19Ved14.xlsx,67,0,False,OKVED_CODE,
2,КАПИТАЛ И РЕЗЕРВЫ,T23_000000_t19Ved14.xlsx,67,1,False,OKVED_NAME,Капитал и резервы
2,КАПИТАЛ И РЕЗЕРВЫ,T23_000000_t19Ved14.xlsx,67,2,False,DATA,Капитал и резервы
2,КАПИТАЛ И РЕЗЕРВЫ,T23_000000_t19Ved14.xlsx,67,3,False,DATA,Капитал и резервы
2,КАПИТАЛ И РЕЗЕРВЫ,T23_000000_t19Ved14.xlsx,67,4,False,DATA,Капитал и резервы
2,КАПИТАЛ И РЕЗЕРВЫ,T23_000000_t19Ved14.xlsx,67,5,False,DATA,Капитал и резервы
2,КАПИТАЛ И РЕЗЕРВЫ,T23_000000_t19Ved14.xlsx,67,6,False,DATA,Капитал и резервы
2,КАПИТАЛ И РЕЗЕРВЫ,T23_000000_t19Ved14.xlsx,67,7,False,DATA,Долгосрочные обязательства
2,КАПИТАЛ И РЕЗЕРВЫ,T23_000000_t19Ved14.xlsx,67,8,False,DATA,Долгосрочные обязательства
2,КАПИТАЛ И РЕЗЕРВЫ,T23_000000_t19Ved14.xlsx,67,9,False,DATA,Долгосрочные обязательства
2,КАПИТАЛ И РЕЗЕРВЫ,T23_000000_t19Ved14.xlsx,67,10,False,DATA,Долгосрочные обязательства
2,КАПИТАЛ И РЕЗЕРВЫ,T23_000000_t19Ved14.xlsx,67,11,False,DATA,Долгосрочные обязательства
2,КАПИТАЛ И РЕЗЕРВЫ,T23_000000_t19Ved14.xlsx,67,12,False,DATA,Долгосрочные обязательства
2,КАПИТАЛ И РЕЗЕРВЫ,T23_000000_t19Ved14.xlsx,67,13,False,DATA,Краткосрочные обязательства
2,КАПИТАЛ И РЕЗЕРВЫ,T23_000000_t19Ved14.xlsx,67,14,False,DATA,Краткосрочные обязательства
2,КАПИТАЛ И РЕЗЕРВЫ,T23_000000_t19Ved14.xlsx,67,15,False,DATA,Краткосрочные обязательства
2,КАПИТАЛ И РЕЗЕРВЫ,T23_000000_t19Ved14.xlsx,67,16,False,DATA,Краткосрочные обязательства
2,КАПИТАЛ И РЕЗЕРВЫ,T23_000000_t19Ved14.xlsx,68,0,False,OKVED_CODE,
2,КАПИТАЛ И РЕЗЕРВЫ,T23_000000_t19Ved14.xlsx,68,1,False,OKVED_NAME,2022
2,КАПИТАЛ И РЕЗЕРВЫ,T23_000000_t19Ved14.xlsx,68,2,False,DATA,2022
2,КАПИТАЛ И РЕЗЕРВЫ,T23_000000_t19Ved14.xlsx,68,3,False,DATA,2023
2,КАПИТАЛ И РЕЗЕРВЫ,T23_000000_t19Ved14.xlsx,68,4,False,DATA,2023
2,КАПИТАЛ И РЕЗЕРВЫ,T23_000000_t19Ved14.xlsx,68,5,False,DATA,2023
2,КАПИТАЛ И РЕЗЕРВЫ,T23_000000_t19Ved14.xlsx,68,6,False,DATA,2023
2,КАПИТАЛ И РЕЗЕРВЫ,T23_000000_t19Ved14.xlsx,68,7,False,DATA,2022
2,КАПИТАЛ И РЕЗЕРВЫ,T23_000000_t19Ved14.xlsx,68,8,False,DATA,2022
2,КАПИТАЛ И РЕЗЕРВЫ,T23_000000_t19Ved14.xlsx,68,9,False,DATA,2022
2,КАПИТАЛ И РЕЗЕРВЫ,T23_000000_t19Ved14.xlsx,68,10,False,DATA,2023
2,КАПИТАЛ И РЕЗЕРВЫ,T23_000000_t19Ved14.xlsx,68,11,False,DATA,2023
2,КАПИТАЛ И РЕЗЕРВЫ,T23_000000_t19Ved14.xlsx,68,12,False,DATA,2023
2,КАПИТАЛ И РЕЗЕРВЫ,T23_000000_t19Ved14.xlsx,68,13,False,DATA,2022
2,КАПИТАЛ И РЕЗЕРВЫ,T23_000000_t19Ved14.xlsx,68,14,False,DATA,2022
2,КАПИТАЛ И РЕЗЕРВЫ,T23_000000_t19Ved14.xlsx,68,15,False,DATA,2023
2,КАПИТАЛ И РЕЗЕРВЫ,T23_000000_t19Ved14.xlsx,68,16,False,DATA,2023
2,КАПИТАЛ И РЕЗЕРВЫ,T23_000000_t19Ved14.xlsx,69,0,False,OKVED_CODE,Деятельность в области здравоохранения и социальных услуг
2,КАПИТАЛ И РЕЗЕРВЫ,T23_000000_t19Ved14.xlsx,69,1,False,OKVED_NAME,-75760
2,КАПИТАЛ И РЕЗЕРВЫ,T23_000000_t19Ved14.xlsx,69,2,False,DATA,-75760
2,КАПИТАЛ И РЕЗЕРВЫ,T23_000000_t19Ved14.xlsx,69,3,False,DATA,-111629
2,КАПИТАЛ И РЕЗЕРВЫ,T23_000000_t19Ved14.xlsx,69,4,False,DATA,-111629
2,КАПИТАЛ И РЕЗЕРВЫ,T23_000000_t19Ved14.xlsx,69,5,False,DATA,-111629
2,КАПИТАЛ И РЕЗЕРВЫ,T23_000000_t19Ved14.xlsx,69,6,False,DATA,-111629
2,КАПИТАЛ И РЕЗЕРВЫ,T23_000000_t19Ved14.xlsx,69,7,False,DATA,110782
2,КАПИТАЛ И РЕЗЕРВЫ,T23_000000_t19Ved14.xlsx,69,8,False,DATA,110782
2,КАПИТАЛ И РЕЗЕРВЫ,T23_000000_t19Ved14.xlsx,69,9,False,DATA,110782
2,КАПИТАЛ И РЕЗЕРВЫ,T23_000000_t19Ved14.xlsx,69,10,False,DATA,307671
2,КАПИТАЛ И РЕЗЕРВЫ,T23_000000_t19Ved14.xlsx,69,11,False,DATA,307671
2,КАПИТАЛ И РЕЗЕРВЫ,T23_000000_t19Ved14.xlsx,69,12,False,DATA,307671
2,КАПИТАЛ И РЕЗЕРВЫ,T23_000000_t19Ved14.xlsx,69,13,False,DATA,16222
2,КАПИТАЛ И РЕЗЕРВЫ,T23_000000_t19Ved14.xlsx,69,14,False,DATA,16222
2,КАПИТАЛ И РЕЗЕРВЫ,T23_000000_t19Ved14.xlsx,69,15,False,DATA,12073
2,КАПИТАЛ И РЕЗЕРВЫ,T23_000000_t19Ved14.xlsx,69,16,False,DATA,12073
2,КАПИТАЛ И РЕЗЕРВЫ,T23_000000_t19Ved14.xlsx,70,0,False,OKVED_CODE,деятельность в области здравоохранения
2,КАПИТАЛ И РЕЗЕРВЫ,T23_000000_t19Ved14.xlsx,70,1,False,OKVED_NAME,-76326
2,КАПИТАЛ И РЕЗЕРВЫ,T23_000000_t19Ved14.xlsx,70,2,False,DATA,-76326
2,КАПИТАЛ И РЕЗЕРВЫ,T23_000000_t19Ved14.xlsx,70,3,False,DATA,-112502
2,КАПИТАЛ И РЕЗЕРВЫ,T23_000000_t19Ved14.xlsx,70,4,False,DATA,-112502
2,КАПИТАЛ И РЕЗЕРВЫ,T23_000000_t19Ved14.xlsx,70,5,False,DATA,-112502
2,КАПИТАЛ И РЕЗЕРВЫ,T23_000000_t19Ved14.xlsx,70,6,False,DATA,-112502
2,КАПИТАЛ И РЕЗЕРВЫ,T23_000000_t19Ved14.xlsx,70,7,False,DATA,110782
2,КАПИТАЛ И РЕЗЕРВЫ,T23_000000_t19Ved14.xlsx,70,8,False,DATA,110782
2,КАПИТАЛ И РЕЗЕРВЫ,T23_000000_t19Ved14.xlsx,70,9,False,DATA,110782
2,КАПИТАЛ И РЕЗЕРВЫ,T23_000000_t19Ved14.xlsx,70,10,False,DATA,307671
2,КАПИТАЛ И РЕЗЕРВЫ,T23_000000_t19Ved14.xlsx,70,11,False,DATA,307671
2,КАПИТАЛ И РЕЗЕРВЫ,T23_000000_t19Ved14.xlsx,70,12,False,DATA,307671
2,КАПИТАЛ И РЕЗЕРВЫ,T23_000000_t19Ved14.xlsx,70,13,False,DATA,16015
2,КАПИТАЛ И РЕЗЕРВЫ,T23_000000_t19Ved14.xlsx,70,14,False,DATA,16015
2,КАПИТАЛ И РЕЗЕРВЫ,T23_000000_t19Ved14.xlsx,70,15,False,DATA,11804
2,КАПИТАЛ И РЕЗЕРВЫ,T23_000000_t19Ved14.xlsx,70,16,False,DATA,11804
2,КАПИТАЛ И РЕЗЕРВЫ,T23_000000_t19Ved14.xlsx,71,0,False,OKVED_CODE,предоставление социальных услуг без обеспечения проживания
2,КАПИТАЛ И РЕЗЕРВЫ,T23_000000_t19Ved14.xlsx,71,1,False,OKVED_NAME,566
2,КАПИТАЛ И РЕЗЕРВЫ,T23_000000_t19Ved14.xlsx,71,2,False,DATA,566
2,КАПИТАЛ И РЕЗЕРВЫ,T23_000000_t19Ved14.xlsx,71,3,False,DATA,873
2,КАПИТАЛ И РЕЗЕРВЫ,T23_000000_t19Ved14.xlsx,71,4,False,DATA,873
2,КАПИТАЛ И РЕЗЕРВЫ,T23_000000_t19Ved14.xlsx,71,5,False,DATA,873
2,КАПИТАЛ И РЕЗЕРВЫ,T23_000000_t19Ved14.xlsx,71,6,False,DATA,873
2,КАПИТАЛ И РЕЗЕРВЫ,T23_000000_t19Ved14.xlsx,71,7,False,DATA,-
2,КАПИТАЛ И РЕЗЕРВЫ,T23_000000_t19Ved14.xlsx,71,8,False,DATA,-
2,КАПИТАЛ И РЕЗЕРВЫ,T23_000000_t19Ved14.xlsx,71,9,False,DATA,-
2,КАПИТАЛ И РЕЗЕРВЫ,T23_000000_t19Ved14.xlsx,71,10,False,DATA,-
2,КАПИТАЛ И РЕЗЕРВЫ,T23_000000_t19Ved14.xlsx,71,11,False,DATA,-
2,КАПИТАЛ И РЕЗЕРВЫ,T23_000000_t19Ved14.xlsx,71,12,False,DATA,-
2,КАПИТАЛ И РЕЗЕРВЫ,T23_000000_t19Ved14.xlsx,71,13,False,DATA,207
2,КАПИТАЛ И РЕЗЕРВЫ,T23_000000_t19Ved14.xlsx,71,14,False,DATA,207
2,КАПИТАЛ И РЕЗЕРВЫ,T23_000000_t19Ved14.xlsx,71,15,False,DATA,269
2,КАПИТАЛ И РЕЗЕРВЫ,T23_000000_t19Ved14.xlsx,71,16,False,DATA,269
2,КАПИТАЛ И РЕЗЕРВЫ,T23_000000_t19Ved14.xlsx,72,0,False,OKVED_CODE,"Деятельность в области культуры, спорта, организации досуга
и развлечений"
2,КАПИТАЛ И РЕЗЕРВЫ,T23_000000_t19Ved14.xlsx,72,1,False,OKVED_NAME,354
2,КАПИТАЛ И РЕЗЕРВЫ,T23_000000_t19Ved14.xlsx,72,2,False,DATA,354
2,КАПИТАЛ И РЕЗЕРВЫ,T23_000000_t19Ved14.xlsx,72,3,False,DATA,117
2,КАПИТАЛ И РЕЗЕРВЫ,T23_000000_t19Ved14.xlsx,72,4,False,DATA,117
2,КАПИТАЛ И РЕЗЕРВЫ,T23_000000_t19Ved14.xlsx,72,5,False,DATA,117
2,КАПИТАЛ И РЕЗЕРВЫ,T23_000000_t19Ved14.xlsx,72,6,False,DATA,117
2,КАПИТАЛ И РЕЗЕРВЫ,T23_000000_t19Ved14.xlsx,72,7,False,DATA,-
2,КАПИТАЛ И РЕЗЕРВЫ,T23_000000_t19Ved14.xlsx,72,8,False,DATA,-
2,КАПИТАЛ И РЕЗЕРВЫ,T23_000000_t19Ved14.xlsx,72,9,False,DATA,-
2,КАПИТАЛ И РЕЗЕРВЫ,T23_000000_t19Ved14.xlsx,72,10,False,DATA,-
2,КАПИТАЛ И РЕЗЕРВЫ,T23_000000_t19Ved14.xlsx,72,11,False,DATA,-
2,КАПИТАЛ И РЕЗЕРВЫ,T23_000000_t19Ved14.xlsx,72,12,False,DATA,-
2,КАПИТАЛ И РЕЗЕРВЫ,T23_000000_t19Ved14.xlsx,72,13,False,DATA,-
2,КАПИТАЛ И РЕЗЕРВЫ,T23_000000_t19Ved14.xlsx,72,14,False,DATA,-
2,КАПИТАЛ И РЕЗЕРВЫ,T23_000000_t19Ved14.xlsx,72,15,False,DATA,-
2,КАПИТАЛ И РЕЗЕРВЫ,T23_000000_t19Ved14.xlsx,72,16,False,DATA,-
2,КАПИТАЛ И РЕЗЕРВЫ,T23_000000_t19Ved14.xlsx,73,0,False,OKVED_CODE,"деятельность в области спорта, отдыха и развлечений"
2,КАПИТАЛ И РЕЗЕРВЫ,T23_000000_t19Ved14.xlsx,73,1,False,OKVED_NAME,354
2,КАПИТАЛ И РЕЗЕРВЫ,T23_000000_t19Ved14.xlsx,73,2,False,DATA,354
2,КАПИТАЛ И РЕЗЕРВЫ,T23_000000_t19Ved14.xlsx,73,3,False,DATA,117
2,КАПИТАЛ И РЕЗЕРВЫ,T23_000000_t19Ved14.xlsx,73,4,False,DATA,117
2,КАПИТАЛ И РЕЗЕРВЫ,T23_000000_t19Ved14.xlsx,73,5,False,DATA,117
2,КАПИТАЛ И РЕЗЕРВЫ,T23_000000_t19Ved14.xlsx,73,6,False,DATA,117
2,КАПИТАЛ И РЕЗЕРВЫ,T23_000000_t19Ved14.xlsx,73,7,False,DATA,-
2,КАПИТАЛ И РЕЗЕРВЫ,T23_000000_t19Ved14.xlsx,73,8,False,DATA,-
2,КАПИТАЛ И РЕЗЕРВЫ,T23_000000_t19Ved14.xlsx,73,9,False,DATA,-
2,КАПИТАЛ И РЕЗЕРВЫ,T23_000000_t19Ved14.xlsx,73,10,False,DATA,-
2,КАПИТАЛ И РЕЗЕРВЫ,T23_000000_t19Ved14.xlsx,73,11,False,DATA,-
2,КАПИТАЛ И РЕЗЕРВЫ,T23_000000_t19Ved14.xlsx,73,12,False,DATA,-
2,КАПИТАЛ И РЕЗЕРВЫ,T23_000000_t19Ved14.xlsx,73,13,False,DATA,-
2,КАПИТАЛ И РЕЗЕРВЫ,T23_000000_t19Ved14.xlsx,73,14,False,DATA,-
2,КАПИТАЛ И РЕЗЕРВЫ,T23_000000_t19Ved14.xlsx,73,15,False,DATA,-
2,КАПИТАЛ И РЕЗЕРВЫ,T23_000000_t19Ved14.xlsx,73,16,False,DATA,-
2,КАПИТАЛ И РЕЗЕРВЫ,T23_000000_t19Ved14.xlsx,74,0,False,OKVED_CODE,Предоставление прочих видов услуг
2,КАПИТАЛ И РЕЗЕРВЫ,T23_000000_t19Ved14.xlsx,74,1,False,OKVED_NAME,469771
2,КАПИТАЛ И РЕЗЕРВЫ,T23_000000_t19Ved14.xlsx,74,2,False,DATA,469771
2,КАПИТАЛ И РЕЗЕРВЫ,T23_000000_t19Ved14.xlsx,74,3,False,DATA,524544
2,КАПИТАЛ И РЕЗЕРВЫ,T23_000000_t19Ved14.xlsx,74,4,False,DATA,524544
2,КАПИТАЛ И РЕЗЕРВЫ,T23_000000_t19Ved14.xlsx,74,5,False,DATA,524544
2,КАПИТАЛ И РЕЗЕРВЫ,T23_000000_t19Ved14.xlsx,74,6,False,DATA,524544
2,КАПИТАЛ И РЕЗЕРВЫ,T23_000000_t19Ved14.xlsx,74,7,False,DATA,353
2,КАПИТАЛ И РЕЗЕРВЫ,T23_000000_t19Ved14.xlsx,74,8,False,DATA,353
2,КАПИТАЛ И РЕЗЕРВЫ,T23_000000_t19Ved14.xlsx,74,9,False,DATA,353
2,КАПИТАЛ И РЕЗЕРВЫ,T23_000000_t19Ved14.xlsx,74,10,False,DATA,265
2,КАПИТАЛ И РЕЗЕРВЫ,T23_000000_t19Ved14.xlsx,74,11,False,DATA,265
2,КАПИТАЛ И РЕЗЕРВЫ,T23_000000_t19Ved14.xlsx,74,12,False,DATA,265
2,КАПИТАЛ И РЕЗЕРВЫ,T23_000000_t19Ved14.xlsx,74,13,False,DATA,35242
2,КАПИТАЛ И РЕЗЕРВЫ,T23_000000_t19Ved14.xlsx,74,14,False,DATA,35242
2,КАПИТАЛ И РЕЗЕРВЫ,T23_000000_t19Ved14.xlsx,74,15,False,DATA,29048
2,КАПИТАЛ И РЕЗЕРВЫ,T23_000000_t19Ved14.xlsx,74,16,False,DATA,29048
2,КАПИТАЛ И РЕЗЕРВЫ,T23_000000_t19Ved14.xlsx,75,0,False,OKVED_CODE,"деятельность общественных 
и прочих некоммерческих организаций"
2,КАПИТАЛ И РЕЗЕРВЫ,T23_000000_t19Ved14.xlsx,75,1,False,OKVED_NAME,470836
2,КАПИТАЛ И РЕЗЕРВЫ,T23_000000_t19Ved14.xlsx,75,2,False,DATA,470836
2,КАПИТАЛ И РЕЗЕРВЫ,T23_000000_t19Ved14.xlsx,75,3,False,DATA,528421
2,КАПИТАЛ И РЕЗЕРВЫ,T23_000000_t19Ved14.xlsx,75,4,False,DATA,528421
2,КАПИТАЛ И РЕЗЕРВЫ,T23_000000_t19Ved14.xlsx,75,5,False,DATA,528421
2,КАПИТАЛ И РЕЗЕРВЫ,T23_000000_t19Ved14.xlsx,75,6,False,DATA,528421
2,КАПИТАЛ И РЕЗЕРВЫ,T23_000000_t19Ved14.xlsx,75,7,False,DATA,353
2,КАПИТАЛ И РЕЗЕРВЫ,T23_000000_t19Ved14.xlsx,75,8,False,DATA,353
2,КАПИТАЛ И РЕЗЕРВЫ,T23_000000_t19Ved14.xlsx,75,9,False,DATA,353
2,КАПИТАЛ И РЕЗЕРВЫ,T23_000000_t19Ved14.xlsx,75,10,False,DATA,265
2,КАПИТАЛ И РЕЗЕРВЫ,T23_000000_t19Ved14.xlsx,75,11,False,DATA,265
2,КАПИТАЛ И РЕЗЕРВЫ,T23_000000_t19Ved14.xlsx,75,12,False,DATA,265
2,КАПИТАЛ И РЕЗЕРВЫ,T23_000000_t19Ved14.xlsx,75,13,False,DATA,11533
2,КАПИТАЛ И РЕЗЕРВЫ,T23_000000_t19Ved14.xlsx,75,14,False,DATA,11533
2,КАПИТАЛ И РЕЗЕРВЫ,T23_000000_t19Ved14.xlsx,75,15,False,DATA,7930
2,КАПИТАЛ И РЕЗЕРВЫ,T23_000000_t19Ved14.xlsx,75,16,False,DATA,7930
2,КАПИТАЛ И РЕЗЕРВЫ,T23_000000_t19Ved14.xlsx,76,0,False,OKVED_CODE,деятельность по предоставлению прочих персональных услуг
2,КАПИТАЛ И РЕЗЕРВЫ,T23_000000_t19Ved14.xlsx,76,1,False,OKVED_NAME,-1065
2,КАПИТАЛ И РЕЗЕРВЫ,T23_000000_t19Ved14.xlsx,76,2,False,DATA,-1065
2,КАПИТАЛ И РЕЗЕРВЫ,T23_000000_t19Ved14.xlsx,76,3,False,DATA,-3877
2,КАПИТАЛ И РЕЗЕРВЫ,T23_000000_t19Ved14.xlsx,76,4,False,DATA,-3877
2,КАПИТАЛ И РЕЗЕРВЫ,T23_000000_t19Ved14.xlsx,76,5,False,DATA,-3877
2,КАПИТАЛ И РЕЗЕРВЫ,T23_000000_t19Ved14.xlsx,76,6,False,DATA,-3877
2,КАПИТАЛ И РЕЗЕРВЫ,T23_000000_t19Ved14.xlsx,76,7,False,DATA,-
2,КАПИТАЛ И РЕЗЕРВЫ,T23_000000_t19Ved14.xlsx,76,8,False,DATA,-
2,КАПИТАЛ И РЕЗЕРВЫ,T23_000000_t19Ved14.xlsx,76,9,False,DATA,-
2,КАПИТАЛ И РЕЗЕРВЫ,T23_000000_t19Ved14.xlsx,76,10,False,DATA,-
2,КАПИТАЛ И РЕЗЕРВЫ,T23_000000_t19Ved14.xlsx,76,11,False,DATA,-
2,КАПИТАЛ И РЕЗЕРВЫ,T23_000000_t19Ved14.xlsx,76,12,False,DATA,-
2,КАПИТАЛ И РЕЗЕРВЫ,T23_000000_t19Ved14.xlsx,76,13,False,DATA,23709
2,КАПИТАЛ И РЕЗЕРВЫ,T23_000000_t19Ved14.xlsx,76,14,False,DATA,23709
2,КАПИТАЛ И РЕЗЕРВЫ,T23_000000_t19Ved14.xlsx,76,15,False,DATA,21118
2,КАПИТАЛ И РЕЗЕРВЫ,T23_000000_t19Ved14.xlsx,76,16,False,DATA,21118
3,БАЛАНС ОРГАНИЗАЦИЙ,T23_000000_t01Ved14.xlsx,0,0,True,HEADER,
3,БАЛАНС ОРГАНИЗАЦИЙ,T23_000000_t01Ved14.xlsx,0,1,True,HEADER,
3,БАЛАНС ОРГАНИЗАЦИЙ,T23_000000_t01Ved14.xlsx,0,2,True,HEADER,
3,БАЛАНС ОРГАНИЗАЦИЙ,T23_000000_t01Ved14.xlsx,0,3,True,HEADER,
3,БАЛАНС ОРГАНИЗАЦИЙ,T23_000000_t01Ved14.xlsx,0,4,True,HEADER,
3,БАЛАНС ОРГАНИЗАЦИЙ,T23_000000_t01Ved14.xlsx,0,5,True,HEADER,"на конец года, тысяч рублей"
3,БАЛАНС ОРГАНИЗАЦИЙ,T23_000000_t01Ved14.xlsx,0,6,True,HEADER,"на конец года, тысяч рублей"
3,БАЛАНС ОРГАНИЗАЦИЙ,T23_000000_t01Ved14.xlsx,1,0,True,HEADER,
3,БАЛАНС ОРГАНИЗАЦИЙ,T23_000000_t01Ved14.xlsx,1,1,True,HEADER,Валюта баланса
3,БАЛАНС ОРГАНИЗАЦИЙ,T23_000000_t01Ved14.xlsx,1,2,True,HEADER,Валюта баланса
3,БАЛАНС ОРГАНИЗАЦИЙ,T23_000000_t01Ved14.xlsx,1,3,True,HEADER,Внеоборотные активы
3,БАЛАНС ОРГАНИЗАЦИЙ,T23_000000_t01Ved14.xlsx,1,4,True,HEADER,Внеоборотные активы
3,БАЛАНС ОРГАНИЗАЦИЙ,T23_000000_t01Ved14.xlsx,1,5,True,HEADER,Оборотные активы
3,БАЛАНС ОРГАНИЗАЦИЙ,T23_000000_t01Ved14.xlsx,1,6,True,HEADER,Оборотные активы
3,БАЛАНС ОРГАНИЗАЦИЙ,T23_000000_t01Ved14.xlsx,2,0,False,OKVED_CODE,
3,БАЛАНС ОРГАНИЗАЦИЙ,T23_000000_t01Ved14.xlsx,2,1,False,OKVED_NAME,2022
3,БАЛАНС ОРГАНИЗАЦИЙ,T23_000000_t01Ved14.xlsx,2,2,False,DATA,2023
3,БАЛАНС ОРГАНИЗАЦИЙ,T23_000000_t01Ved14.xlsx,2,3,False,DATA,2022
3,БАЛАНС ОРГАНИЗАЦИЙ,T23_000000_t01Ved14.xlsx,2,4,False,DATA,2023
3,БАЛАНС ОРГАНИЗАЦИЙ,T23_000000_t01Ved14.xlsx,2,5,False,DATA,2022
3,БАЛАНС ОРГАНИЗАЦИЙ,T23_000000_t01Ved14.xlsx,2,6,False,DATA,2023
3,БАЛАНС ОРГАНИЗАЦИЙ,T23_000000_t01Ved14.xlsx,3,0,False,OKVED_CODE,Камчатский край
3,БАЛАНС ОРГАНИЗАЦИЙ,T23_000000_t01Ved14.xlsx,3,1,False,OKVED_NAME,569800589
3,БАЛАНС ОРГАНИЗАЦИЙ,T23_000000_t01Ved14.xlsx,3,2,False,DATA,694836235
3,БАЛАНС ОРГАНИЗАЦИЙ,T23_000000_t01Ved14.xlsx,3,3,False,DATA,319353980
3,БАЛАНС ОРГАНИЗАЦИЙ,T23_000000_t01Ved14.xlsx,3,4,False,DATA,376215625
3,БАЛАНС ОРГАНИЗАЦИЙ,T23_000000_t01Ved14.xlsx,3,5,False,DATA,250446609
3,БАЛАНС ОРГАНИЗАЦИЙ,T23_000000_t01Ved14.xlsx,3,6,False,DATA,318620610
3,БАЛАНС ОРГАНИЗАЦИЙ,T23_000000_t01Ved14.xlsx,4,0,False,OKVED_CODE,Городские округа:
3,БАЛАНС ОРГАНИЗАЦИЙ,T23_000000_t01Ved14.xlsx,4,1,False,OKVED_NAME,
3,БАЛАНС ОРГАНИЗАЦИЙ,T23_000000_t01Ved14.xlsx,4,2,False,EMPTY,
3,БАЛАНС ОРГАНИЗАЦИЙ,T23_000000_t01Ved14.xlsx,4,3,False,EMPTY,
3,БАЛАНС ОРГАНИЗАЦИЙ,T23_000000_t01Ved14.xlsx,4,4,False,EMPTY,
3,БАЛАНС ОРГАНИЗАЦИЙ,T23_000000_t01Ved14.xlsx,4,5,False,EMPTY,
3,БАЛАНС ОРГАНИЗАЦИЙ,T23_000000_t01Ved14.xlsx,4,6,False,EMPTY,
3,БАЛАНС ОРГАНИЗАЦИЙ,T23_000000_t01Ved14.xlsx,5,0,False,OKVED_CODE,"Петропавловск-Камчатский
городской округ"
3,БАЛАНС ОРГАНИЗАЦИЙ,T23_000000_t01Ved14.xlsx,5,1,False,OKVED_NAME,404368505
3,БАЛАНС ОРГАНИЗАЦИЙ,T23_000000_t01Ved14.xlsx,5,2,False,DATA,480719821
3,БАЛАНС ОРГАНИЗАЦИЙ,T23_000000_t01Ved14.xlsx,5,3,False,DATA,227676497
3,БАЛАНС ОРГАНИЗАЦИЙ,T23_000000_t01Ved14.xlsx,5,4,False,DATA,246692173
3,БАЛАНС ОРГАНИЗАЦИЙ,T23_000000_t01Ved14.xlsx,5,5,False,DATA,176692008
3,БАЛАНС ОРГАНИЗАЦИЙ,T23_000000_t01Ved14.xlsx,5,6,False,DATA,234027648
3,БАЛАНС ОРГАНИЗАЦИЙ,T23_000000_t01Ved14.xlsx,6,0,False,OKVED_CODE,"городской округ
поселок Палана"
3,БАЛАНС ОРГАНИЗАЦИЙ,T23_000000_t01Ved14.xlsx,6,1,False,OKVED_NAME,398248
3,БАЛАНС ОРГАНИЗАЦИЙ,T23_000000_t01Ved14.xlsx,6,2,False,DATA,473989
3,БАЛАНС ОРГАНИЗАЦИЙ,T23_000000_t01Ved14.xlsx,6,3,False,DATA,235784
3,БАЛАНС ОРГАНИЗАЦИЙ,T23_000000_t01Ved14.xlsx,6,4,False,DATA,241500
3,БАЛАНС ОРГАНИЗАЦИЙ,T23_000000_t01Ved14.xlsx,6,5,False,DATA,162464
3,БАЛАНС ОРГАНИЗАЦИЙ,T23_000000_t01Ved14.xlsx,6,6,False,DATA,232489
3,БАЛАНС ОРГАНИЗАЦИЙ,T23_000000_t01Ved14.xlsx,7,0,False,OKVED_CODE,Муниципальные округа:
3,БАЛАНС ОРГАНИЗАЦИЙ,T23_000000_t01Ved14.xlsx,7,1,False,OKVED_NAME,
3,БАЛАНС ОРГАНИЗАЦИЙ,T23_000000_t01Ved14.xlsx,7,2,False,EMPTY,
3,БАЛАНС ОРГАНИЗАЦИЙ,T23_000000_t01Ved14.xlsx,7,3,False,EMPTY,
3,БАЛАНС ОРГАНИЗАЦИЙ,T23_000000_t01Ved14.xlsx,7,4,False,EMPTY,
3,БАЛАНС ОРГАНИЗАЦИЙ,T23_000000_t01Ved14.xlsx,7,5,False,EMPTY,
3,БАЛАНС ОРГАНИЗАЦИЙ,T23_000000_t01Ved14.xlsx,7,6,False,EMPTY,
3,БАЛАНС ОРГАНИЗАЦИЙ,T23_000000_t01Ved14.xlsx,8,0,False,OKVED_CODE,Алеутский муниципальный округ
3,БАЛАНС ОРГАНИЗАЦИЙ,T23_000000_t01Ved14.xlsx,8,1,False,OKVED_NAME,116386
3,БАЛАНС ОРГАНИЗАЦИЙ,T23_000000_t01Ved14.xlsx,8,2,False,DATA,147908
3,БАЛАНС ОРГАНИЗАЦИЙ,T23_000000_t01Ved14.xlsx,8,3,False,DATA,7042
3,БАЛАНС ОРГАНИЗАЦИЙ,T23_000000_t01Ved14.xlsx,8,4,False,DATA,6084
3,БАЛАНС ОРГАНИЗАЦИЙ,T23_000000_t01Ved14.xlsx,8,5,False,DATA,109344
3,БАЛАНС ОРГАНИЗАЦИЙ,T23_000000_t01Ved14.xlsx,8,6,False,DATA,141824
3,БАЛАНС ОРГАНИЗАЦИЙ,T23_000000_t01Ved14.xlsx,9,0,False,OKVED_CODE,Муниципальные районы
3,БАЛАНС ОРГАНИЗАЦИЙ,T23_000000_t01Ved14.xlsx,9,1,False,OKVED_NAME,
3,БАЛАНС ОРГАНИЗАЦИЙ,T23_000000_t01Ved14.xlsx,9,2,False,EMPTY,
3,БАЛАНС ОРГАНИЗАЦИЙ,T23_000000_t01Ved14.xlsx,9,3,False,EMPTY,
3,БАЛАНС ОРГАНИЗАЦИЙ,T23_000000_t01Ved14.xlsx,9,4,False,EMPTY,
3,БАЛАНС ОРГАНИЗАЦИЙ,T23_000000_t01Ved14.xlsx,9,5,False,EMPTY,
3,БАЛАНС ОРГАНИЗАЦИЙ,T23_000000_t01Ved14.xlsx,9,6,False,EMPTY,
3,БАЛАНС ОРГАНИЗАЦИЙ,T23_000000_t01Ved14.xlsx,10,0,False,OKVED_CODE,Быстринский
3,БАЛАНС ОРГАНИЗАЦИЙ,T23_000000_t01Ved14.xlsx,10,1,False,OKVED_NAME,36591
3,БАЛАНС ОРГАНИЗАЦИЙ,T23_000000_t01Ved14.xlsx,10,2,False,DATA,98918
3,БАЛАНС ОРГАНИЗАЦИЙ,T23_000000_t01Ved14.xlsx,10,3,False,DATA,24876
3,БАЛАНС ОРГАНИЗАЦИЙ,T23_000000_t01Ved14.xlsx,10,4,False,DATA,86796
3,БАЛАНС ОРГАНИЗАЦИЙ,T23_000000_t01Ved14.xlsx,10,5,False,DATA,11715
3,БАЛАНС ОРГАНИЗАЦИЙ,T23_000000_t01Ved14.xlsx,10,6,False,DATA,12122
3,БАЛАНС ОРГАНИЗАЦИЙ,T23_000000_t01Ved14.xlsx,11,0,False,OKVED_CODE,Елизовский
3,БАЛАНС ОРГАНИЗАЦИЙ,T23_000000_t01Ved14.xlsx,11,1,False,OKVED_NAME,75056858
3,БАЛАНС ОРГАНИЗАЦИЙ,T23_000000_t01Ved14.xlsx,11,2,False,DATA,106054721
3,БАЛАНС ОРГАНИЗАЦИЙ,T23_000000_t01Ved14.xlsx,11,3,False,DATA,44070642
3,БАЛАНС ОРГАНИЗАЦИЙ,T23_000000_t01Ved14.xlsx,11,4,False,DATA,76869619
3,БАЛАНС ОРГАНИЗАЦИЙ,T23_000000_t01Ved14.xlsx,11,5,False,DATA,30986216
3,БАЛАНС ОРГАНИЗАЦИЙ,T23_000000_t01Ved14.xlsx,11,6,False,DATA,29185102
3,БАЛАНС ОРГАНИЗАЦИЙ,T23_000000_t01Ved14.xlsx,12,0,False,OKVED_CODE,из него Елизовское городское поселение
3,БАЛАНС ОРГАНИЗАЦИЙ,T23_000000_t01Ved14.xlsx,12,1,False,OKVED_NAME,45540643
3,БАЛАНС ОРГАНИЗАЦИЙ,T23_000000_t01Ved14.xlsx,12,2,False,DATA,58868767
3,БАЛАНС ОРГАНИЗАЦИЙ,T23_000000_t01Ved14.xlsx,12,3,False,DATA,30895789
3,БАЛАНС ОРГАНИЗАЦИЙ,T23_000000_t01Ved14.xlsx,12,4,False,DATA,48925816
3,БАЛАНС ОРГАНИЗАЦИЙ,T23_000000_t01Ved14.xlsx,12,5,False,DATA,14644854
3,БАЛАНС ОРГАНИЗАЦИЙ,T23_000000_t01Ved14.xlsx,12,6,False,DATA,9942951
3,БАЛАНС ОРГАНИЗАЦИЙ,T23_000000_t01Ved14.xlsx,13,0,False,OKVED_CODE,Мильковский
3,БАЛАНС ОРГАНИЗАЦИЙ,T23_000000_t01Ved14.xlsx,13,1,False,OKVED_NAME,4109
3,БАЛАНС ОРГАНИЗАЦИЙ,T23_000000_t01Ved14.xlsx,13,2,False,DATA,3873
3,БАЛАНС ОРГАНИЗАЦИЙ,T23_000000_t01Ved14.xlsx,13,3,False,DATA,-
3,БАЛАНС ОРГАНИЗАЦИЙ,T23_000000_t01Ved14.xlsx,13,4,False,DATA,-
3,БАЛАНС ОРГАНИЗАЦИЙ,T23_000000_t01Ved14.xlsx,13,5,False,DATA,4109
3,БАЛАНС ОРГАНИЗАЦИЙ,T23_000000_t01Ved14.xlsx,13,6,False,DATA,3873
3,БАЛАНС ОРГАНИЗАЦИЙ,T23_000000_t01Ved14.xlsx,14,0,False,OKVED_CODE,Соболевский
3,БАЛАНС ОРГАНИЗАЦИЙ,T23_000000_t01Ved14.xlsx,14,1,False,OKVED_NAME,16828868
3,БАЛАНС ОРГАНИЗАЦИЙ,T23_000000_t01Ved14.xlsx,14,2,False,DATA,22773192
3,БАЛАНС ОРГАНИЗАЦИЙ,T23_000000_t01Ved14.xlsx,14,3,False,DATA,9330229
3,БАЛАНС ОРГАНИЗАЦИЙ,T23_000000_t01Ved14.xlsx,14,4,False,DATA,10285686
3,БАЛАНС ОРГАНИЗАЦИЙ,T23_000000_t01Ved14.xlsx,14,5,False,DATA,7498639
3,БАЛАНС ОРГАНИЗАЦИЙ,T23_000000_t01Ved14.xlsx,14,6,False,DATA,12487506
3,БАЛАНС ОРГАНИЗАЦИЙ,T23_000000_t01Ved14.xlsx,15,0,False,OKVED_CODE,Усть-Большерецкий
3,БАЛАНС ОРГАНИЗАЦИЙ,T23_000000_t01Ved14.xlsx,15,1,False,OKVED_NAME,23491360
3,БАЛАНС ОРГАНИЗАЦИЙ,T23_000000_t01Ved14.xlsx,15,2,False,DATA,26923543
3,БАЛАНС ОРГАНИЗАЦИЙ,T23_000000_t01Ved14.xlsx,15,3,False,DATA,14072077
3,БАЛАНС ОРГАНИЗАЦИЙ,T23_000000_t01Ved14.xlsx,15,4,False,DATA,14926608
3,БАЛАНС ОРГАНИЗАЦИЙ,T23_000000_t01Ved14.xlsx,15,5,False,DATA,9419283
3,БАЛАНС ОРГАНИЗАЦИЙ,T23_000000_t01Ved14.xlsx,15,6,False,DATA,11996935
3,БАЛАНС ОРГАНИЗАЦИЙ,T23_000000_t01Ved14.xlsx,16,0,False,OKVED_CODE,Усть-Камчатский
3,БАЛАНС ОРГАНИЗАЦИЙ,T23_000000_t01Ved14.xlsx,16,1,False,OKVED_NAME,5624339
3,БАЛАНС ОРГАНИЗАЦИЙ,T23_000000_t01Ved14.xlsx,16,2,False,DATA,5599725
3,БАЛАНС ОРГАНИЗАЦИЙ,T23_000000_t01Ved14.xlsx,16,3,False,DATA,2963177
3,БАЛАНС ОРГАНИЗАЦИЙ,T23_000000_t01Ved14.xlsx,16,4,False,DATA,3322245
3,БАЛАНС ОРГАНИЗАЦИЙ,T23_000000_t01Ved14.xlsx,16,5,False,DATA,2661162
3,БАЛАНС ОРГАНИЗАЦИЙ,T23_000000_t01Ved14.xlsx,16,6,False,DATA,2277480
3,БАЛАНС ОРГАНИЗАЦИЙ,T23_000000_t01Ved14.xlsx,17,0,False,OKVED_CODE,Карагинский
3,БАЛАНС ОРГАНИЗАЦИЙ,T23_000000_t01Ved14.xlsx,17,1,False,OKVED_NAME,32695706
3,БАЛАНС ОРГАНИЗАЦИЙ,T23_000000_t01Ved14.xlsx,17,2,False,DATA,40143946
3,БАЛАНС ОРГАНИЗАЦИЙ,T23_000000_t01Ved14.xlsx,17,3,False,DATA,16351768
3,БАЛАНС ОРГАНИЗАЦИЙ,T23_000000_t01Ved14.xlsx,17,4,False,DATA,19317983
3,БАЛАНС ОРГАНИЗАЦИЙ,T23_000000_t01Ved14.xlsx,17,5,False,DATA,16343938
3,БАЛАНС ОРГАНИЗАЦИЙ,T23_000000_t01Ved14.xlsx,17,6,False,DATA,20825963
3,БАЛАНС ОРГАНИЗАЦИЙ,T23_000000_t01Ved14.xlsx,18,0,False,OKVED_CODE,Тигильский
3,БАЛАНС ОРГАНИЗАЦИЙ,T23_000000_t01Ved14.xlsx,18,1,False,OKVED_NAME,315278
3,БАЛАНС ОРГАНИЗАЦИЙ,T23_000000_t01Ved14.xlsx,18,2,False,DATA,821732
3,БАЛАНС ОРГАНИЗАЦИЙ,T23_000000_t01Ved14.xlsx,18,3,False,DATA,181411
3,БАЛАНС ОРГАНИЗАЦИЙ,T23_000000_t01Ved14.xlsx,18,4,False,DATA,173818
3,БАЛАНС ОРГАНИЗАЦИЙ,T23_000000_t01Ved14.xlsx,18,5,False,DATA,133867
3,БАЛАНС ОРГАНИЗАЦИЙ,T23_000000_t01Ved14.xlsx,18,6,False,DATA,647914
3,БАЛАНС ОРГАНИЗАЦИЙ,T23_000000_t01Ved14.xlsx,19,0,False,OKVED_CODE,
3,БАЛАНС ОРГАНИЗАЦИЙ,T23_000000_t01Ved14.xlsx,19,1,False,OKVED_NAME,
3,БАЛАНС ОРГАНИЗАЦИЙ,T23_000000_t01Ved14.xlsx,19,2,False,EMPTY,
3,БАЛАНС ОРГАНИЗАЦИЙ,T23_000000_t01Ved14.xlsx,19,3,False,EMPTY,
3,БАЛАНС ОРГАНИЗАЦИЙ,T23_000000_t01Ved14.xlsx,19,4,False,EMPTY,
3,БАЛАНС ОРГАНИЗАЦИЙ,T23_000000_t01Ved14.xlsx,19,5,False,EMPTY,
3,БАЛАНС ОРГАНИЗАЦИЙ,T23_000000_t01Ved14.xlsx,19,6,False,EMPTY,
3,БАЛАНС ОРГАНИЗАЦИЙ,T23_000000_t01Ved14.xlsx,20,0,False,OKVED_CODE,
3,БАЛАНС ОРГАНИЗАЦИЙ,T23_000000_t01Ved14.xlsx,20,1,False,OKVED_NAME,
3,БАЛАНС ОРГАНИЗАЦИЙ,T23_000000_t01Ved14.xlsx,20,2,False,EMPTY,
3,БАЛАНС ОРГАНИЗАЦИЙ,T23_000000_t01Ved14.xlsx,20,3,False,EMPTY,
3,БАЛАНС ОРГАНИЗАЦИЙ,T23_000000_t01Ved14.xlsx,20,4,False,EMPTY,
3,БАЛАНС ОРГАНИЗАЦИЙ,T23_000000_t01Ved14.xlsx,20,5,False,EMPTY,
3,БАЛАНС ОРГАНИЗАЦИЙ,T23_000000_t01Ved14.xlsx,20,6,False,EMPTY,
4,КАПИТАЛ И РЕЗЕРВЫ,T23_000000_t19Ved14.xlsx,0,0,False,OKVED_CODE,
4,КАПИТАЛ И РЕЗЕРВЫ,T23_000000_t19Ved14.xlsx,0,1,False,OKVED_NAME,
4,КАПИТАЛ И РЕЗЕРВЫ,T23_000000_t19Ved14.xlsx,0,2,False,EMPTY,
4,КАПИТАЛ И РЕЗЕРВЫ,T23_000000_t19Ved14.xlsx,0,3,False,EMPTY,
4,КАПИТАЛ И РЕЗЕРВЫ,T23_000000_t19Ved14.xlsx,0,4,False,EMPTY,
4,КАПИТАЛ И РЕЗЕРВЫ,T23_000000_t19Ved14.xlsx,0,5,False,EMPTY,
4,КАПИТАЛ И РЕЗЕРВЫ,T23_000000_t19Ved14.xlsx,0,6,False,EMPTY,
4,КАПИТАЛ И РЕЗЕРВЫ,T23_000000_t19Ved14.xlsx,0,7,False,DATA,Продолжение таблицы 2.
4,КАПИТАЛ И РЕЗЕРВЫ,T23_000000_t19Ved14.xlsx,0,8,False,DATA,Продолжение таблицы 2.
4,КАПИТАЛ И РЕЗЕРВЫ,T23_000000_t19Ved14.xlsx,0,9,False,DATA,Продолжение таблицы 2.
4,КАПИТАЛ И РЕЗЕРВЫ,T23_000000_t19Ved14.xlsx,1,0,False,OKVED_CODE,
4,КАПИТАЛ И РЕЗЕРВЫ,T23_000000_t19Ved14.xlsx,1,1,False,OKVED_NAME,Капитал и резервы
4,КАПИТАЛ И РЕЗЕРВЫ,T23_000000_t19Ved14.xlsx,1,2,False,DATA,Капитал и резервы
4,КАПИТАЛ И РЕЗЕРВЫ,T23_000000_t19Ved14.xlsx,1,3,False,DATA,Капитал и резервы
4,КАПИТАЛ И РЕЗЕРВЫ,T23_000000_t19Ved14.xlsx,1,4,False,DATA,Долгосрочные обязательства
4,КАПИТАЛ И РЕЗЕРВЫ,T23_000000_t19Ved14.xlsx,1,5,False,DATA,Долгосрочные обязательства
4,КАПИТАЛ И РЕЗЕРВЫ,T23_000000_t19Ved14.xlsx,1,6,False,DATA,Долгосрочные обязательства
4,КАПИТАЛ И РЕЗЕРВЫ,T23_000000_t19Ved14.xlsx,1,7,False,DATA,Долгосрочные обязательства
4,КАПИТАЛ И РЕЗЕРВЫ,T23_000000_t19Ved14.xlsx,1,8,False,DATA,Краткосрочные обязательства
4,КАПИТАЛ И РЕЗЕРВЫ,T23_000000_t19Ved14.xlsx,1,9,False,DATA,Краткосрочные обязательства
4,КАПИТАЛ И РЕЗЕРВЫ,T23_000000_t19Ved14.xlsx,2,0,False,OKVED_CODE,
4,КАПИТАЛ И РЕЗЕРВЫ,T23_000000_t19Ved14.xlsx,2,1,False,OKVED_NAME,2022
4,КАПИТАЛ И РЕЗЕРВЫ,T23_000000_t19Ved14.xlsx,2,2,False,DATA,2023
4,КАПИТАЛ И РЕЗЕРВЫ,T23_000000_t19Ved14.xlsx,2,3,False,DATA,2023
4,КАПИТАЛ И РЕЗЕРВЫ,T23_000000_t19Ved14.xlsx,2,4,False,DATA,2022
4,КАПИТАЛ И РЕЗЕРВЫ,T23_000000_t19Ved14.xlsx,2,5,False,DATA,2022
4,КАПИТАЛ И РЕЗЕРВЫ,T23_000000_t19Ved14.xlsx,2,6,False,DATA,2023
4,КАПИТАЛ И РЕЗЕРВЫ,T23_000000_t19Ved14.xlsx,2,7,False,DATA,2023
4,КАПИТАЛ И РЕЗЕРВЫ,T23_000000_t19Ved14.xlsx,2,8,False,DATA,2022
4,КАПИТАЛ И РЕЗЕРВЫ,T23_000000_t19Ved14.xlsx,2,9,False,DATA,2023
4,КАПИТАЛ И РЕЗЕРВЫ,T23_000000_t19Ved14.xlsx,3,0,False,OKVED_CODE,Камчатский край
4,КАПИТАЛ И РЕЗЕРВЫ,T23_000000_t19Ved14.xlsx,3,1,False,OKVED_NAME,210205686
4,КАПИТАЛ И РЕЗЕРВЫ,T23_000000_t19Ved14.xlsx,3,2,False,DATA,233816403
4,КАПИТАЛ И РЕЗЕРВЫ,T23_000000_t19Ved14.xlsx,3,3,False,DATA,233816403
4,КАПИТАЛ И РЕЗЕРВЫ,T23_000000_t19Ved14.xlsx,3,4,False,DATA,203324230
4,КАПИТАЛ И РЕЗЕРВЫ,T23_000000_t19Ved14.xlsx,3,5,False,DATA,203324230
4,КАПИТАЛ И РЕЗЕРВЫ,T23_000000_t19Ved14.xlsx,3,6,False,DATA,291760220
4,КАПИТАЛ И РЕЗЕРВЫ,T23_000000_t19Ved14.xlsx,3,7,False,DATA,291760220
4,КАПИТАЛ И РЕЗЕРВЫ,T23_000000_t19Ved14.xlsx,3,8,False,DATA,156270673
4,КАПИТАЛ И РЕЗЕРВЫ,T23_000000_t19Ved14.xlsx,3,9,False,DATA,169259612
4,КАПИТАЛ И РЕЗЕРВЫ,T23_000000_t19Ved14.xlsx,4,0,False,OKVED_CODE,Городские округа:
4,КАПИТАЛ И РЕЗЕРВЫ,T23_000000_t19Ved14.xlsx,4,1,False,OKVED_NAME,
4,КАПИТАЛ И РЕЗЕРВЫ,T23_000000_t19Ved14.xlsx,4,2,False,EMPTY,
4,КАПИТАЛ И РЕЗЕРВЫ,T23_000000_t19Ved14.xlsx,4,3,False,EMPTY,
4,КАПИТАЛ И РЕЗЕРВЫ,T23_000000_t19Ved14.xlsx,4,4,False,EMPTY,
4,КАПИТАЛ И РЕЗЕРВЫ,T23_000000_t19Ved14.xlsx,4,5,False,EMPTY,
4,КАПИТАЛ И РЕЗЕРВЫ,T23_000000_t19Ved14.xlsx,4,6,False,EMPTY,
4,КАПИТАЛ И РЕЗЕРВЫ,T23_000000_t19Ved14.xlsx,4,7,False,EMPTY,
4,КАПИТАЛ И РЕЗЕРВЫ,T23_000000_t19Ved14.xlsx,4,8,False,EMPTY,
4,КАПИТАЛ И РЕЗЕРВЫ,T23_000000_t19Ved14.xlsx,4,9,False,EMPTY,
4,КАПИТАЛ И РЕЗЕРВЫ,T23_000000_t19Ved14.xlsx,5,0,False,OKVED_CODE,"Петропавловск-Камчатский
городской округ"
4,КАПИТАЛ И РЕЗЕРВЫ,T23_000000_t19Ved14.xlsx,5,1,False,OKVED_NAME,118623002
4,КАПИТАЛ И РЕЗЕРВЫ,T23_000000_t19Ved14.xlsx,5,2,False,DATA,124394120
4,КАПИТАЛ И РЕЗЕРВЫ,T23_000000_t19Ved14.xlsx,5,3,False,DATA,124394120
4,КАПИТАЛ И РЕЗЕРВЫ,T23_000000_t19Ved14.xlsx,5,4,False,DATA,168271260
4,КАПИТАЛ И РЕЗЕРВЫ,T23_000000_t19Ved14.xlsx,5,5,False,DATA,168271260
4,КАПИТАЛ И РЕЗЕРВЫ,T23_000000_t19Ved14.xlsx,5,6,False,DATA,227453599
4,КАПИТАЛ И РЕЗЕРВЫ,T23_000000_t19Ved14.xlsx,5,7,False,DATA,227453599
4,КАПИТАЛ И РЕЗЕРВЫ,T23_000000_t19Ved14.xlsx,5,8,False,DATA,117474243
4,КАПИТАЛ И РЕЗЕРВЫ,T23_000000_t19Ved14.xlsx,5,9,False,DATA,128872102
4,КАПИТАЛ И РЕЗЕРВЫ,T23_000000_t19Ved14.xlsx,6,0,False,OKVED_CODE,"городской округ
поселок Палана"
4,КАПИТАЛ И РЕЗЕРВЫ,T23_000000_t19Ved14.xlsx,6,1,False,OKVED_NAME,123033
4,КАПИТАЛ И РЕЗЕРВЫ,T23_000000_t19Ved14.xlsx,6,2,False,DATA,123055
4,КАПИТАЛ И РЕЗЕРВЫ,T23_000000_t19Ved14.xlsx,6,3,False,DATA,123055
4,КАПИТАЛ И РЕЗЕРВЫ,T23_000000_t19Ved14.xlsx,6,4,False,DATA,2
4,КАПИТАЛ И РЕЗЕРВЫ,T23_000000_t19Ved14.xlsx,6,5,False,DATA,2
4,КАПИТАЛ И РЕЗЕРВЫ,T23_000000_t19Ved14.xlsx,6,6,False,DATA,59
4,КАПИТАЛ И РЕЗЕРВЫ,T23_000000_t19Ved14.xlsx,6,7,False,DATA,59
4,КАПИТАЛ И РЕЗЕРВЫ,T23_000000_t19Ved14.xlsx,6,8,False,DATA,275213
4,КАПИТАЛ И РЕЗЕРВЫ,T23_000000_t19Ved14.xlsx,6,9,False,DATA,350875
4,КАПИТАЛ И РЕЗЕРВЫ,T23_000000_t19Ved14.xlsx,7,0,False,OKVED_CODE,Муниципальные округа:
4,КАПИТАЛ И РЕЗЕРВЫ,T23_000000_t19Ved14.xlsx,7,1,False,OKVED_NAME,
4,КАПИТАЛ И РЕЗЕРВЫ,T23_000000_t19Ved14.xlsx,7,2,False,EMPTY,
4,КАПИТАЛ И РЕЗЕРВЫ,T23_000000_t19Ved14.xlsx,7,3,False,EMPTY,
4,КАПИТАЛ И РЕЗЕРВЫ,T23_000000_t19Ved14.xlsx,7,4,False,EMPTY,
4,КАПИТАЛ И РЕЗЕРВЫ,T23_000000_t19Ved14.xlsx,7,5,False,EMPTY,
4,КАПИТАЛ И РЕЗЕРВЫ,T23_000000_t19Ved14.xlsx,7,6,False,EMPTY,
4,КАПИТАЛ И РЕЗЕРВЫ,T23_000000_t19Ved14.xlsx,7,7,False,EMPTY,
4,КАПИТАЛ И РЕЗЕРВЫ,T23_000000_t19Ved14.xlsx,7,8,False,EMPTY,
4,КАПИТАЛ И РЕЗЕРВЫ,T23_000000_t19Ved14.xlsx,7,9,False,EMPTY,
4,КАПИТАЛ И РЕЗЕРВЫ,T23_000000_t19Ved14.xlsx,8,0,False,OKVED_CODE,Алеутский муниципальный округ
4,КАПИТАЛ И РЕЗЕРВЫ,T23_000000_t19Ved14.xlsx,8,1,False,OKVED_NAME,114766
4,КАПИТАЛ И РЕЗЕРВЫ,T23_000000_t19Ved14.xlsx,8,2,False,DATA,146231
4,КАПИТАЛ И РЕЗЕРВЫ,T23_000000_t19Ved14.xlsx,8,3,False,DATA,146231
4,КАПИТАЛ И РЕЗЕРВЫ,T23_000000_t19Ved14.xlsx,8,4,False,DATA,-
4,КАПИТАЛ И РЕЗЕРВЫ,T23_000000_t19Ved14.xlsx,8,5,False,DATA,-
4,КАПИТАЛ И РЕЗЕРВЫ,T23_000000_t19Ved14.xlsx,8,6,False,DATA,-
4,КАПИТАЛ И РЕЗЕРВЫ,T23_000000_t19Ved14.xlsx,8,7,False,DATA,-
4,КАПИТАЛ И РЕЗЕРВЫ,T23_000000_t19Ved14.xlsx,8,8,False,DATA,1620
4,КАПИТАЛ И РЕЗЕРВЫ,T23_000000_t19Ved14.xlsx,8,9,False,DATA,1677
4,КАПИТАЛ И РЕЗЕРВЫ,T23_000000_t19Ved14.xlsx,9,0,False,OKVED_CODE,Муниципальные районы
4,КАПИТАЛ И РЕЗЕРВЫ,T23_000000_t19Ved14.xlsx,9,1,False,OKVED_NAME,
4,КАПИТАЛ И РЕЗЕРВЫ,T23_000000_t19Ved14.xlsx,9,2,False,EMPTY,
4,КАПИТАЛ И РЕЗЕРВЫ,T23_000000_t19Ved14.xlsx,9,3,False,EMPTY,
4,КАПИТАЛ И РЕЗЕРВЫ,T23_000000_t19Ved14.xlsx,9,4,False,EMPTY,
4,КАПИТАЛ И РЕЗЕРВЫ,T23_000000_t19Ved14.xlsx,9,5,False,EMPTY,
4,КАПИТАЛ И РЕЗЕРВЫ,T23_000000_t19Ved14.xlsx,9,6,False,EMPTY,
4,КАПИТАЛ И РЕЗЕРВЫ,T23_000000_t19Ved14.xlsx,9,7,False,EMPTY,
4,КАПИТАЛ И РЕЗЕРВЫ,T23_000000_t19Ved14.xlsx,9,8,False,EMPTY,
4,КАПИТАЛ И РЕЗЕРВЫ,T23_000000_t19Ved14.xlsx,9,9,False,EMPTY,
4,КАПИТАЛ И РЕЗЕРВЫ,T23_000000_t19Ved14.xlsx,10,0,False,OKVED_CODE,Быстринский
4,КАПИТАЛ И РЕЗЕРВЫ,T23_000000_t19Ved14.xlsx,10,1,False,OKVED_NAME,34416
4,КАПИТАЛ И РЕЗЕРВЫ,T23_000000_t19Ved14.xlsx,10,2,False,DATA,96714
4,КАПИТАЛ И РЕЗЕРВЫ,T23_000000_t19Ved14.xlsx,10,3,False,DATA,96714
4,КАПИТАЛ И РЕЗЕРВЫ,T23_000000_t19Ved14.xlsx,10,4,False,DATA,-
4,КАПИТАЛ И РЕЗЕРВЫ,T23_000000_t19Ved14.xlsx,10,5,False,DATA,-
4,КАПИТАЛ И РЕЗЕРВЫ,T23_000000_t19Ved14.xlsx,10,6,False,DATA,-
4,КАПИТАЛ И РЕЗЕРВЫ,T23_000000_t19Ved14.xlsx,10,7,False,DATA,-
4,КАПИТАЛ И РЕЗЕРВЫ,T23_000000_t19Ved14.xlsx,10,8,False,DATA,2175
4,КАПИТАЛ И РЕЗЕРВЫ,T23_000000_t19Ved14.xlsx,10,9,False,DATA,2204
4,КАПИТАЛ И РЕЗЕРВЫ,T23_000000_t19Ved14.xlsx,11,0,False,OKVED_CODE,Елизовский
4,КАПИТАЛ И РЕЗЕРВЫ,T23_000000_t19Ved14.xlsx,11,1,False,OKVED_NAME,29649464
4,КАПИТАЛ И РЕЗЕРВЫ,T23_000000_t19Ved14.xlsx,11,2,False,DATA,38378737
4,КАПИТАЛ И РЕЗЕРВЫ,T23_000000_t19Ved14.xlsx,11,3,False,DATA,38378737
4,КАПИТАЛ И РЕЗЕРВЫ,T23_000000_t19Ved14.xlsx,11,4,False,DATA,23877229
4,КАПИТАЛ И РЕЗЕРВЫ,T23_000000_t19Ved14.xlsx,11,5,False,DATA,23877229
4,КАПИТАЛ И РЕЗЕРВЫ,T23_000000_t19Ved14.xlsx,11,6,False,DATA,47402559
4,КАПИТАЛ И РЕЗЕРВЫ,T23_000000_t19Ved14.xlsx,11,7,False,DATA,47402559
4,КАПИТАЛ И РЕЗЕРВЫ,T23_000000_t19Ved14.xlsx,11,8,False,DATA,21530165
4,КАПИТАЛ И РЕЗЕРВЫ,T23_000000_t19Ved14.xlsx,11,9,False,DATA,20273425
4,КАПИТАЛ И РЕЗЕРВЫ,T23_000000_t19Ved14.xlsx,12,0,False,OKVED_CODE,из него Елизовское городское поселение
4,КАПИТАЛ И РЕЗЕРВЫ,T23_000000_t19Ved14.xlsx,12,1,False,OKVED_NAME,19173986
4,КАПИТАЛ И РЕЗЕРВЫ,T23_000000_t19Ved14.xlsx,12,2,False,DATA,24722329
4,КАПИТАЛ И РЕЗЕРВЫ,T23_000000_t19Ved14.xlsx,12,3,False,DATA,24722329
4,КАПИТАЛ И РЕЗЕРВЫ,T23_000000_t19Ved14.xlsx,12,4,False,DATA,18650953
4,КАПИТАЛ И РЕЗЕРВЫ,T23_000000_t19Ved14.xlsx,12,5,False,DATA,18650953
4,КАПИТАЛ И РЕЗЕРВЫ,T23_000000_t19Ved14.xlsx,12,6,False,DATA,30379929
4,КАПИТАЛ И РЕЗЕРВЫ,T23_000000_t19Ved14.xlsx,12,7,False,DATA,30379929
4,КАПИТАЛ И РЕЗЕРВЫ,T23_000000_t19Ved14.xlsx,12,8,False,DATA,7715704
4,КАПИТАЛ И РЕЗЕРВЫ,T23_000000_t19Ved14.xlsx,12,9,False,DATA,3766509
4,КАПИТАЛ И РЕЗЕРВЫ,T23_000000_t19Ved14.xlsx,13,0,False,OKVED_CODE,Мильковский
4,КАПИТАЛ И РЕЗЕРВЫ,T23_000000_t19Ved14.xlsx,13,1,False,OKVED_NAME,3983
4,КАПИТАЛ И РЕЗЕРВЫ,T23_000000_t19Ved14.xlsx,13,2,False,DATA,3747
4,КАПИТАЛ И РЕЗЕРВЫ,T23_000000_t19Ved14.xlsx,13,3,False,DATA,3747
4,КАПИТАЛ И РЕЗЕРВЫ,T23_000000_t19Ved14.xlsx,13,4,False,DATA,-
4,КАПИТАЛ И РЕЗЕРВЫ,T23_000000_t19Ved14.xlsx,13,5,False,DATA,-
4,КАПИТАЛ И РЕЗЕРВЫ,T23_000000_t19Ved14.xlsx,13,6,False,DATA,-
4,КАПИТАЛ И РЕЗЕРВЫ,T23_000000_t19Ved14.xlsx,13,7,False,DATA,-
4,КАПИТАЛ И РЕЗЕРВЫ,T23_000000_t19Ved14.xlsx,13,8,False,DATA,126
4,КАПИТАЛ И РЕЗЕРВЫ,T23_000000_t19Ved14.xlsx,13,9,False,DATA,126
4,КАПИТАЛ И РЕЗЕРВЫ,T23_000000_t19Ved14.xlsx,14,0,False,OKVED_CODE,Соболевский
4,КАПИТАЛ И РЕЗЕРВЫ,T23_000000_t19Ved14.xlsx,14,1,False,OKVED_NAME,9809521
4,КАПИТАЛ И РЕЗЕРВЫ,T23_000000_t19Ved14.xlsx,14,2,False,DATA,11752432
4,КАПИТАЛ И РЕЗЕРВЫ,T23_000000_t19Ved14.xlsx,14,3,False,DATA,11752432
4,КАПИТАЛ И РЕЗЕРВЫ,T23_000000_t19Ved14.xlsx,14,4,False,DATA,3934189
4,КАПИТАЛ И РЕЗЕРВЫ,T23_000000_t19Ved14.xlsx,14,5,False,DATA,3934189
4,КАПИТАЛ И РЕЗЕРВЫ,T23_000000_t19Ved14.xlsx,14,6,False,DATA,7358264
4,КАПИТАЛ И РЕЗЕРВЫ,T23_000000_t19Ved14.xlsx,14,7,False,DATA,7358264
4,КАПИТАЛ И РЕЗЕРВЫ,T23_000000_t19Ved14.xlsx,14,8,False,DATA,3085158
4,КАПИТАЛ И РЕЗЕРВЫ,T23_000000_t19Ved14.xlsx,14,9,False,DATA,3662496
4,КАПИТАЛ И РЕЗЕРВЫ,T23_000000_t19Ved14.xlsx,15,0,False,OKVED_CODE,Усть-Большерецкий
4,КАПИТАЛ И РЕЗЕРВЫ,T23_000000_t19Ved14.xlsx,15,1,False,OKVED_NAME,16785510
4,КАПИТАЛ И РЕЗЕРВЫ,T23_000000_t19Ved14.xlsx,15,2,False,DATA,19987224
4,КАПИТАЛ И РЕЗЕРВЫ,T23_000000_t19Ved14.xlsx,15,3,False,DATA,19987224
4,КАПИТАЛ И РЕЗЕРВЫ,T23_000000_t19Ved14.xlsx,15,4,False,DATA,3888822
4,КАПИТАЛ И РЕЗЕРВЫ,T23_000000_t19Ved14.xlsx,15,5,False,DATA,3888822
4,КАПИТАЛ И РЕЗЕРВЫ,T23_000000_t19Ved14.xlsx,15,6,False,DATA,3449867
4,КАПИТАЛ И РЕЗЕРВЫ,T23_000000_t19Ved14.xlsx,15,7,False,DATA,3449867
4,КАПИТАЛ И РЕЗЕРВЫ,T23_000000_t19Ved14.xlsx,15,8,False,DATA,2817028
4,КАПИТАЛ И РЕЗЕРВЫ,T23_000000_t19Ved14.xlsx,15,9,False,DATA,3486452
4,КАПИТАЛ И РЕЗЕРВЫ,T23_000000_t19Ved14.xlsx,16,0,False,OKVED_CODE,Усть-Камчатский
4,КАПИТАЛ И РЕЗЕРВЫ,T23_000000_t19Ved14.xlsx,16,1,False,OKVED_NAME,4933780
4,КАПИТАЛ И РЕЗЕРВЫ,T23_000000_t19Ved14.xlsx,16,2,False,DATA,4041737
4,КАПИТАЛ И РЕЗЕРВЫ,T23_000000_t19Ved14.xlsx,16,3,False,DATA,4041737
4,КАПИТАЛ И РЕЗЕРВЫ,T23_000000_t19Ved14.xlsx,16,4,False,DATA,418760
4,КАПИТАЛ И РЕЗЕРВЫ,T23_000000_t19Ved14.xlsx,16,5,False,DATA,418760
4,КАПИТАЛ И РЕЗЕРВЫ,T23_000000_t19Ved14.xlsx,16,6,False,DATA,99302
4,КАПИТАЛ И РЕЗЕРВЫ,T23_000000_t19Ved14.xlsx,16,7,False,DATA,99302
4,КАПИТАЛ И РЕЗЕРВЫ,T23_000000_t19Ved14.xlsx,16,8,False,DATA,271799
4,КАПИТАЛ И РЕЗЕРВЫ,T23_000000_t19Ved14.xlsx,16,9,False,DATA,1458686
4,КАПИТАЛ И РЕЗЕРВЫ,T23_000000_t19Ved14.xlsx,17,0,False,OKVED_CODE,Карагинский
4,КАПИТАЛ И РЕЗЕРВЫ,T23_000000_t19Ved14.xlsx,17,1,False,OKVED_NAME,26488744
4,КАПИТАЛ И РЕЗЕРВЫ,T23_000000_t19Ved14.xlsx,17,2,False,DATA,31247084
4,КАПИТАЛ И РЕЗЕРВЫ,T23_000000_t19Ved14.xlsx,17,3,False,DATA,31247084
4,КАПИТАЛ И РЕЗЕРВЫ,T23_000000_t19Ved14.xlsx,17,4,False,DATA,2335953
4,КАПИТАЛ И РЕЗЕРВЫ,T23_000000_t19Ved14.xlsx,17,5,False,DATA,2335953
4,КАПИТАЛ И РЕЗЕРВЫ,T23_000000_t19Ved14.xlsx,17,6,False,DATA,2454857
4,КАПИТАЛ И РЕЗЕРВЫ,T23_000000_t19Ved14.xlsx,17,7,False,DATA,2454857
4,КАПИТАЛ И РЕЗЕРВЫ,T23_000000_t19Ved14.xlsx,17,8,False,DATA,3871009
4,КАПИТАЛ И РЕЗЕРВЫ,T23_000000_t19Ved14.xlsx,17,9,False,DATA,6442005
4,КАПИТАЛ И РЕЗЕРВЫ,T23_000000_t19Ved14.xlsx,18,0,False,OKVED_CODE,Тигильский
4,КАПИТАЛ И РЕЗЕРВЫ,T23_000000_t19Ved14.xlsx,18,1,False,OKVED_NAME,192013
4,КАПИТАЛ И РЕЗЕРВЫ,T23_000000_t19Ved14.xlsx,18,2,False,DATA,212442
4,КАПИТАЛ И РЕЗЕРВЫ,T23_000000_t19Ved14.xlsx,18,3,False,DATA,212442
4,КАПИТАЛ И РЕЗЕРВЫ,T23_000000_t19Ved14.xlsx,18,4,False,DATA,10984
4,КАПИТАЛ И РЕЗЕРВЫ,T23_000000_t19Ved14.xlsx,18,5,False,DATA,10984
4,КАПИТАЛ И РЕЗЕРВЫ,T23_000000_t19Ved14.xlsx,18,6,False,DATA,7970
4,КАПИТАЛ И РЕЗЕРВЫ,T23_000000_t19Ved14.xlsx,18,7,False,DATA,7970
4,КАПИТАЛ И РЕЗЕРВЫ,T23_000000_t19Ved14.xlsx,18,8,False,DATA,112281
4,КАПИТАЛ И РЕЗЕРВЫ,T23_000000_t19Ved14.xlsx,18,9,False,DATA,601320
4,КАПИТАЛ И РЕЗЕРВЫ,T23_000000_t19Ved14.xlsx,19,0,False,OKVED_CODE,
4,КАПИТАЛ И РЕЗЕРВЫ,T23_000000_t19Ved14.xlsx,19,1,False,OKVED_NAME,
4,КАПИТАЛ И РЕЗЕРВЫ,T23_000000_t19Ved14.xlsx,19,2,False,EMPTY,
4,КАПИТАЛ И РЕЗЕРВЫ,T23_000000_t19Ved14.xlsx,19,3,False,EMPTY,
4,КАПИТАЛ И РЕЗЕРВЫ,T23_000000_t19Ved14.xlsx,19,4,False,EMPTY,
4,КАПИТАЛ И РЕЗЕРВЫ,T23_000000_t19Ved14.xlsx,19,5,False,EMPTY,
4,КАПИТАЛ И РЕЗЕРВЫ,T23_000000_t19Ved14.xlsx,19,6,False,EMPTY,
4,КАПИТАЛ И РЕЗЕРВЫ,T23_000000_t19Ved14.xlsx,19,7,False,EMPTY,
4,КАПИТАЛ И РЕЗЕРВЫ,T23_000000_t19Ved14.xlsx,19,8,False,EMPTY,
4,КАПИТАЛ И РЕЗЕРВЫ,T23_000000_t19Ved14.xlsx,19,9,False,EMPTY,
5,ВНЕОБОРОТНЫЕ АКТИВЫ,T23_000000_t03Ved14.xlsx,0,0,True,HEADER,
5,ВНЕОБОРОТНЫЕ АКТИВЫ,T23_000000_t03Ved14.xlsx,0,1,True,HEADER,Внеоборотные активы
5,ВНЕОБОРОТНЫЕ АКТИВЫ,T23_000000_t03Ved14.xlsx,0,2,True,HEADER,Внеоборотные активы
5,ВНЕОБОРОТНЫЕ АКТИВЫ,T23_000000_t03Ved14.xlsx,0,3,True,HEADER,из них
5,ВНЕОБОРОТНЫЕ АКТИВЫ,T23_000000_t03Ved14.xlsx,0,4,True,HEADER,из них
5,ВНЕОБОРОТНЫЕ АКТИВЫ,T23_000000_t03Ved14.xlsx,0,5,True,HEADER,из них
5,ВНЕОБОРОТНЫЕ АКТИВЫ,T23_000000_t03Ved14.xlsx,0,6,True,HEADER,из них
5,ВНЕОБОРОТНЫЕ АКТИВЫ,T23_000000_t03Ved14.xlsx,1,0,True,HEADER,
5,ВНЕОБОРОТНЫЕ АКТИВЫ,T23_000000_t03Ved14.xlsx,1,1,True,HEADER,Внеоборотные активы
5,ВНЕОБОРОТНЫЕ АКТИВЫ,T23_000000_t03Ved14.xlsx,1,2,True,HEADER,Внеоборотные активы
5,ВНЕОБОРОТНЫЕ АКТИВЫ,T23_000000_t03Ved14.xlsx,1,3,True,HEADER,нематериальные активы
5,ВНЕОБОРОТНЫЕ АКТИВЫ,T23_000000_t03Ved14.xlsx,1,4,True,HEADER,нематериальные активы
5,ВНЕОБОРОТНЫЕ АКТИВЫ,T23_000000_t03Ved14.xlsx,1,5,True,HEADER,основные средства
5,ВНЕОБОРОТНЫЕ АКТИВЫ,T23_000000_t03Ved14.xlsx,1,6,True,HEADER,основные средства
5,ВНЕОБОРОТНЫЕ АКТИВЫ,T23_000000_t03Ved14.xlsx,2,0,False,OKVED_CODE,
5,ВНЕОБОРОТНЫЕ АКТИВЫ,T23_000000_t03Ved14.xlsx,2,1,False,OKVED_NAME,2022
5,ВНЕОБОРОТНЫЕ АКТИВЫ,T23_000000_t03Ved14.xlsx,2,2,False,DATA,2023
5,ВНЕОБОРОТНЫЕ АКТИВЫ,T23_000000_t03Ved14.xlsx,2,3,False,DATA,2022
5,ВНЕОБОРОТНЫЕ АКТИВЫ,T23_000000_t03Ved14.xlsx,2,4,False,DATA,2023
5,ВНЕОБОРОТНЫЕ АКТИВЫ,T23_000000_t03Ved14.xlsx,2,5,False,DATA,2022
5,ВНЕОБОРОТНЫЕ АКТИВЫ,T23_000000_t03Ved14.xlsx,2,6,False,DATA,2023
5,ВНЕОБОРОТНЫЕ АКТИВЫ,T23_000000_t03Ved14.xlsx,3,0,False,OKVED_CODE,Всего по обследуемым видам экономической деятельности
5,ВНЕОБОРОТНЫЕ АКТИВЫ,T23_000000_t03Ved14.xlsx,3,1,False,OKVED_NAME,319353980
5,ВНЕОБОРОТНЫЕ АКТИВЫ,T23_000000_t03Ved14.xlsx,3,2,False,DATA,376215625
5,ВНЕОБОРОТНЫЕ АКТИВЫ,T23_000000_t03Ved14.xlsx,3,3,False,DATA,22816612
5,ВНЕОБОРОТНЫЕ АКТИВЫ,T23_000000_t03Ved14.xlsx,3,4,False,DATA,21953529
5,ВНЕОБОРОТНЫЕ АКТИВЫ,T23_000000_t03Ved14.xlsx,3,5,False,DATA,220390352
5,ВНЕОБОРОТНЫЕ АКТИВЫ,T23_000000_t03Ved14.xlsx,3,6,False,DATA,243077595
5,ВНЕОБОРОТНЫЕ АКТИВЫ,T23_000000_t03Ved14.xlsx,4,0,False,OKVED_CODE,"Сельское, лесное хозяйство, охота, рыболовство и рыбоводство"
5,ВНЕОБОРОТНЫЕ АКТИВЫ,T23_000000_t03Ved14.xlsx,4,1,False,OKVED_NAME,143143680
5,ВНЕОБОРОТНЫЕ АКТИВЫ,T23_000000_t03Ved14.xlsx,4,2,False,DATA,170199721
5,ВНЕОБОРОТНЫЕ АКТИВЫ,T23_000000_t03Ved14.xlsx,4,3,False,DATA,10403869
5,ВНЕОБОРОТНЫЕ АКТИВЫ,T23_000000_t03Ved14.xlsx,4,4,False,DATA,9758710
5,ВНЕОБОРОТНЫЕ АКТИВЫ,T23_000000_t03Ved14.xlsx,4,5,False,DATA,107053058
5,ВНЕОБОРОТНЫЕ АКТИВЫ,T23_000000_t03Ved14.xlsx,4,6,False,DATA,112945784
5,ВНЕОБОРОТНЫЕ АКТИВЫ,T23_000000_t03Ved14.xlsx,5,0,False,OKVED_CODE,"растениеводство и животноводство, охота и предоставление соответствующих услуг в этих областях"
5,ВНЕОБОРОТНЫЕ АКТИВЫ,T23_000000_t03Ved14.xlsx,5,1,False,OKVED_NAME,3017850
5,ВНЕОБОРОТНЫЕ АКТИВЫ,T23_000000_t03Ved14.xlsx,5,2,False,DATA,2786821
5,ВНЕОБОРОТНЫЕ АКТИВЫ,T23_000000_t03Ved14.xlsx,5,3,False,DATA,17
5,ВНЕОБОРОТНЫЕ АКТИВЫ,T23_000000_t03Ved14.xlsx,5,4,False,DATA,987
5,ВНЕОБОРОТНЫЕ АКТИВЫ,T23_000000_t03Ved14.xlsx,5,5,False,DATA,2918193
5,ВНЕОБОРОТНЫЕ АКТИВЫ,T23_000000_t03Ved14.xlsx,5,6,False,DATA,2715015
5,ВНЕОБОРОТНЫЕ АКТИВЫ,T23_000000_t03Ved14.xlsx,6,0,False,OKVED_CODE,рыболовство и рыбоводство
5,ВНЕОБОРОТНЫЕ АКТИВЫ,T23_000000_t03Ved14.xlsx,6,1,False,OKVED_NAME,140125830
5,ВНЕОБОРОТНЫЕ АКТИВЫ,T23_000000_t03Ved14.xlsx,6,2,False,DATA,167412900
5,ВНЕОБОРОТНЫЕ АКТИВЫ,T23_000000_t03Ved14.xlsx,6,3,False,DATA,10403852
5,ВНЕОБОРОТНЫЕ АКТИВЫ,T23_000000_t03Ved14.xlsx,6,4,False,DATA,9757723
5,ВНЕОБОРОТНЫЕ АКТИВЫ,T23_000000_t03Ved14.xlsx,6,5,False,DATA,104134865
5,ВНЕОБОРОТНЫЕ АКТИВЫ,T23_000000_t03Ved14.xlsx,6,6,False,DATA,110230769
5,ВНЕОБОРОТНЫЕ АКТИВЫ,T23_000000_t03Ved14.xlsx,7,0,False,OKVED_CODE,Добыча полезных ископаемых
5,ВНЕОБОРОТНЫЕ АКТИВЫ,T23_000000_t03Ved14.xlsx,7,1,False,OKVED_NAME,64411656
5,ВНЕОБОРОТНЫЕ АКТИВЫ,T23_000000_t03Ved14.xlsx,7,2,False,DATA,73692301
5,ВНЕОБОРОТНЫЕ АКТИВЫ,T23_000000_t03Ved14.xlsx,7,3,False,DATA,11880906
5,ВНЕОБОРОТНЫЕ АКТИВЫ,T23_000000_t03Ved14.xlsx,7,4,False,DATA,11678069
5,ВНЕОБОРОТНЫЕ АКТИВЫ,T23_000000_t03Ved14.xlsx,7,5,False,DATA,30265505
5,ВНЕОБОРОТНЫЕ АКТИВЫ,T23_000000_t03Ved14.xlsx,7,6,False,DATA,29609787
5,ВНЕОБОРОТНЫЕ АКТИВЫ,T23_000000_t03Ved14.xlsx,8,0,False,OKVED_CODE,добыча металлических руд
5,ВНЕОБОРОТНЫЕ АКТИВЫ,T23_000000_t03Ved14.xlsx,8,1,False,OKVED_NAME,64411656
5,ВНЕОБОРОТНЫЕ АКТИВЫ,T23_000000_t03Ved14.xlsx,8,2,False,DATA,73692301
5,ВНЕОБОРОТНЫЕ АКТИВЫ,T23_000000_t03Ved14.xlsx,8,3,False,DATA,11880906
5,ВНЕОБОРОТНЫЕ АКТИВЫ,T23_000000_t03Ved14.xlsx,8,4,False,DATA,11678069
5,ВНЕОБОРОТНЫЕ АКТИВЫ,T23_000000_t03Ved14.xlsx,8,5,False,DATA,30265505
5,ВНЕОБОРОТНЫЕ АКТИВЫ,T23_000000_t03Ved14.xlsx,8,6,False,DATA,29609787
5,ВНЕОБОРОТНЫЕ АКТИВЫ,T23_000000_t03Ved14.xlsx,9,0,False,OKVED_CODE,Обрабатывающие производства
5,ВНЕОБОРОТНЫЕ АКТИВЫ,T23_000000_t03Ved14.xlsx,9,1,False,OKVED_NAME,20396194
5,ВНЕОБОРОТНЫЕ АКТИВЫ,T23_000000_t03Ved14.xlsx,9,2,False,DATA,22587609
5,ВНЕОБОРОТНЫЕ АКТИВЫ,T23_000000_t03Ved14.xlsx,9,3,False,DATA,466883
5,ВНЕОБОРОТНЫЕ АКТИВЫ,T23_000000_t03Ved14.xlsx,9,4,False,DATA,439030
5,ВНЕОБОРОТНЫЕ АКТИВЫ,T23_000000_t03Ved14.xlsx,9,5,False,DATA,17254443
5,ВНЕОБОРОТНЫЕ АКТИВЫ,T23_000000_t03Ved14.xlsx,9,6,False,DATA,16970304
5,ВНЕОБОРОТНЫЕ АКТИВЫ,T23_000000_t03Ved14.xlsx,10,0,False,OKVED_CODE,производство пищевых продуктов
5,ВНЕОБОРОТНЫЕ АКТИВЫ,T23_000000_t03Ved14.xlsx,10,1,False,OKVED_NAME,17488166
5,ВНЕОБОРОТНЫЕ АКТИВЫ,T23_000000_t03Ved14.xlsx,10,2,False,DATA,20015482
5,ВНЕОБОРОТНЫЕ АКТИВЫ,T23_000000_t03Ved14.xlsx,10,3,False,DATA,466441
5,ВНЕОБОРОТНЫЕ АКТИВЫ,T23_000000_t03Ved14.xlsx,10,4,False,DATA,437071
5,ВНЕОБОРОТНЫЕ АКТИВЫ,T23_000000_t03Ved14.xlsx,10,5,False,DATA,15163009
5,ВНЕОБОРОТНЫЕ АКТИВЫ,T23_000000_t03Ved14.xlsx,10,6,False,DATA,15164951
5,ВНЕОБОРОТНЫЕ АКТИВЫ,T23_000000_t03Ved14.xlsx,11,0,False,OKVED_CODE,производство напитков
5,ВНЕОБОРОТНЫЕ АКТИВЫ,T23_000000_t03Ved14.xlsx,11,1,False,OKVED_NAME,947567
5,ВНЕОБОРОТНЫЕ АКТИВЫ,T23_000000_t03Ved14.xlsx,11,2,False,DATA,941901
5,ВНЕОБОРОТНЫЕ АКТИВЫ,T23_000000_t03Ved14.xlsx,11,3,False,DATA,-
5,ВНЕОБОРОТНЫЕ АКТИВЫ,T23_000000_t03Ved14.xlsx,11,4,False,DATA,-
5,ВНЕОБОРОТНЫЕ АКТИВЫ,T23_000000_t03Ved14.xlsx,11,5,False,DATA,482961
5,ВНЕОБОРОТНЫЕ АКТИВЫ,T23_000000_t03Ved14.xlsx,11,6,False,DATA,477680
5,ВНЕОБОРОТНЫЕ АКТИВЫ,T23_000000_t03Ved14.xlsx,12,0,False,OKVED_CODE,производство прочих готовых изделий
5,ВНЕОБОРОТНЫЕ АКТИВЫ,T23_000000_t03Ved14.xlsx,12,1,False,OKVED_NAME,6585
5,ВНЕОБОРОТНЫЕ АКТИВЫ,T23_000000_t03Ved14.xlsx,12,2,False,DATA,5654
5,ВНЕОБОРОТНЫЕ АКТИВЫ,T23_000000_t03Ved14.xlsx,12,3,False,DATA,-
5,ВНЕОБОРОТНЫЕ АКТИВЫ,T23_000000_t03Ved14.xlsx,12,4,False,DATA,-
5,ВНЕОБОРОТНЫЕ АКТИВЫ,T23_000000_t03Ved14.xlsx,12,5,False,DATA,6144
5,ВНЕОБОРОТНЫЕ АКТИВЫ,T23_000000_t03Ved14.xlsx,12,6,False,DATA,5524
5,ВНЕОБОРОТНЫЕ АКТИВЫ,T23_000000_t03Ved14.xlsx,13,0,False,OKVED_CODE,ремонт и монтаж машин и оборудования
5,ВНЕОБОРОТНЫЕ АКТИВЫ,T23_000000_t03Ved14.xlsx,13,1,False,OKVED_NAME,1953876
5,ВНЕОБОРОТНЫЕ АКТИВЫ,T23_000000_t03Ved14.xlsx,13,2,False,DATA,1624572
5,ВНЕОБОРОТНЫЕ АКТИВЫ,T23_000000_t03Ved14.xlsx,13,3,False,DATA,442
5,ВНЕОБОРОТНЫЕ АКТИВЫ,T23_000000_t03Ved14.xlsx,13,4,False,DATA,1959
5,ВНЕОБОРОТНЫЕ АКТИВЫ,T23_000000_t03Ved14.xlsx,13,5,False,DATA,1602329
5,ВНЕОБОРОТНЫЕ АКТИВЫ,T23_000000_t03Ved14.xlsx,13,6,False,DATA,1322149
5,ВНЕОБОРОТНЫЕ АКТИВЫ,T23_000000_t03Ved14.xlsx,14,0,False,OKVED_CODE,"Обеспечение электрической энергией, газом и паром; кондиционирование воздуха"
5,ВНЕОБОРОТНЫЕ АКТИВЫ,T23_000000_t03Ved14.xlsx,14,1,False,OKVED_NAME,28987028
5,ВНЕОБОРОТНЫЕ АКТИВЫ,T23_000000_t03Ved14.xlsx,14,2,False,DATA,33313054
5,ВНЕОБОРОТНЫЕ АКТИВЫ,T23_000000_t03Ved14.xlsx,14,3,False,DATA,-
5,ВНЕОБОРОТНЫЕ АКТИВЫ,T23_000000_t03Ved14.xlsx,14,4,False,DATA,232
5,ВНЕОБОРОТНЫЕ АКТИВЫ,T23_000000_t03Ved14.xlsx,14,5,False,DATA,25655328
5,ВНЕОБОРОТНЫЕ АКТИВЫ,T23_000000_t03Ved14.xlsx,14,6,False,DATA,29677524
5,ВНЕОБОРОТНЫЕ АКТИВЫ,T23_000000_t03Ved14.xlsx,15,0,False,OKVED_CODE,"обеспечение электрической энергией, газом и паром; кондиционирование воздуха"
5,ВНЕОБОРОТНЫЕ АКТИВЫ,T23_000000_t03Ved14.xlsx,15,1,False,OKVED_NAME,28987028
5,ВНЕОБОРОТНЫЕ АКТИВЫ,T23_000000_t03Ved14.xlsx,15,2,False,DATA,33313054
5,ВНЕОБОРОТНЫЕ АКТИВЫ,T23_000000_t03Ved14.xlsx,15,3,False,DATA,-
5,ВНЕОБОРОТНЫЕ АКТИВЫ,T23_000000_t03Ved14.xlsx,15,4,False,DATA,232
5,ВНЕОБОРОТНЫЕ АКТИВЫ,T23_000000_t03Ved14.xlsx,15,5,False,DATA,25655328
5,ВНЕОБОРОТНЫЕ АКТИВЫ,T23_000000_t03Ved14.xlsx,15,6,False,DATA,29677524
5,ВНЕОБОРОТНЫЕ АКТИВЫ,T23_000000_t03Ved14.xlsx,16,0,False,OKVED_CODE,"Водоснабжение; водоотведение, организация сбора и утилизации отходов, деятельность по ликвидации заг"
5,ВНЕОБОРОТНЫЕ АКТИВЫ,T23_000000_t03Ved14.xlsx,16,1,False,OKVED_NAME,7514598
5,ВНЕОБОРОТНЫЕ АКТИВЫ,T23_000000_t03Ved14.xlsx,16,2,False,DATA,8057780
5,ВНЕОБОРОТНЫЕ АКТИВЫ,T23_000000_t03Ved14.xlsx,16,3,False,DATA,33
5,ВНЕОБОРОТНЫЕ АКТИВЫ,T23_000000_t03Ved14.xlsx,16,4,False,DATA,49
5,ВНЕОБОРОТНЫЕ АКТИВЫ,T23_000000_t03Ved14.xlsx,16,5,False,DATA,6567934
5,ВНЕОБОРОТНЫЕ АКТИВЫ,T23_000000_t03Ved14.xlsx,16,6,False,DATA,6965116
5,ВНЕОБОРОТНЫЕ АКТИВЫ,T23_000000_t03Ved14.xlsx,17,0,False,OKVED_CODE,"забор, очистка и распределение воды"
5,ВНЕОБОРОТНЫЕ АКТИВЫ,T23_000000_t03Ved14.xlsx,17,1,False,OKVED_NAME,6630154
5,ВНЕОБОРОТНЫЕ АКТИВЫ,T23_000000_t03Ved14.xlsx,17,2,False,DATA,6921499
5,ВНЕОБОРОТНЫЕ АКТИВЫ,T23_000000_t03Ved14.xlsx,17,3,False,DATA,33
5,ВНЕОБОРОТНЫЕ АКТИВЫ,T23_000000_t03Ved14.xlsx,17,4,False,DATA,49
5,ВНЕОБОРОТНЫЕ АКТИВЫ,T23_000000_t03Ved14.xlsx,17,5,False,DATA,5683490
5,ВНЕОБОРОТНЫЕ АКТИВЫ,T23_000000_t03Ved14.xlsx,17,6,False,DATA,5828835
5,ВНЕОБОРОТНЫЕ АКТИВЫ,T23_000000_t03Ved14.xlsx,18,0,False,OKVED_CODE,
5,ВНЕОБОРОТНЫЕ АКТИВЫ,T23_000000_t03Ved14.xlsx,18,1,False,OKVED_NAME,
5,ВНЕОБОРОТНЫЕ АКТИВЫ,T23_000000_t03Ved14.xlsx,18,2,False,EMPTY,
5,ВНЕОБОРОТНЫЕ АКТИВЫ,T23_000000_t03Ved14.xlsx,18,3,False,EMPTY,
5,ВНЕОБОРОТНЫЕ АКТИВЫ,T23_000000_t03Ved14.xlsx,18,4,False,EMPTY,
5,ВНЕОБОРОТНЫЕ АКТИВЫ,T23_000000_t03Ved14.xlsx,18,5,False,EMPTY,
5,ВНЕОБОРОТНЫЕ АКТИВЫ,T23_000000_t03Ved14.xlsx,18,6,False,EMPTY,
5,ВНЕОБОРОТНЫЕ АКТИВЫ,T23_000000_t03Ved14.xlsx,19,0,False,OKVED_CODE,
5,ВНЕОБОРОТНЫЕ АКТИВЫ,T23_000000_t03Ved14.xlsx,19,1,False,OKVED_NAME,
5,ВНЕОБОРОТНЫЕ АКТИВЫ,T23_000000_t03Ved14.xlsx,19,2,False,EMPTY,
5,ВНЕОБОРОТНЫЕ АКТИВЫ,T23_000000_t03Ved14.xlsx,19,3,False,EMPTY,
5,ВНЕОБОРОТНЫЕ АКТИВЫ,T23_000000_t03Ved14.xlsx,19,4,False,EMPTY,
5,ВНЕОБОРОТНЫЕ АКТИВЫ,T23_000000_t03Ved14.xlsx,19,5,False,EMPTY,
5,ВНЕОБОРОТНЫЕ АКТИВЫ,T23_000000_t03Ved14.xlsx,19,6,False,EMPTY,
5,ВНЕОБОРОТНЫЕ АКТИВЫ,T23_000000_t03Ved14.xlsx,20,0,False,OKVED_CODE,
5,ВНЕОБОРОТНЫЕ АКТИВЫ,T23_000000_t03Ved14.xlsx,20,1,False,OKVED_NAME,
5,ВНЕОБОРОТНЫЕ АКТИВЫ,T23_000000_t03Ved14.xlsx,20,2,False,EMPTY,
5,ВНЕОБОРОТНЫЕ АКТИВЫ,T23_000000_t03Ved14.xlsx,20,3,False,EMPTY,
5,ВНЕОБОРОТНЫЕ АКТИВЫ,T23_000000_t03Ved14.xlsx,20,4,False,EMPTY,
5,ВНЕОБОРОТНЫЕ АКТИВЫ,T23_000000_t03Ved14.xlsx,20,5,False,EMPTY,
5,ВНЕОБОРОТНЫЕ АКТИВЫ,T23_000000_t03Ved14.xlsx,20,6,False,EMPTY,
5,ВНЕОБОРОТНЫЕ АКТИВЫ,T23_000000_t03Ved14.xlsx,21,0,False,OKVED_CODE,
5,ВНЕОБОРОТНЫЕ АКТИВЫ,T23_000000_t03Ved14.xlsx,21,1,False,OKVED_NAME,
5,ВНЕОБОРОТНЫЕ АКТИВЫ,T23_000000_t03Ved14.xlsx,21,2,False,EMPTY,
5,ВНЕОБОРОТНЫЕ АКТИВЫ,T23_000000_t03Ved14.xlsx,21,3,False,EMPTY,
5,ВНЕОБОРОТНЫЕ АКТИВЫ,T23_000000_t03Ved14.xlsx,21,4,False,EMPTY,
5,ВНЕОБОРОТНЫЕ АКТИВЫ,T23_000000_t03Ved14.xlsx,21,5,False,DATA,Продолжение таблицы 3.
5,ВНЕОБОРОТНЫЕ АКТИВЫ,T23_000000_t03Ved14.xlsx,21,6,False,DATA,Продолжение таблицы 3.
5,ВНЕОБОРОТНЫЕ АКТИВЫ,T23_000000_t03Ved14.xlsx,22,0,False,OKVED_CODE,
5,ВНЕОБОРОТНЫЕ АКТИВЫ,T23_000000_t03Ved14.xlsx,22,1,False,OKVED_NAME,Внеоборотные активы
5,ВНЕОБОРОТНЫЕ АКТИВЫ,T23_000000_t03Ved14.xlsx,22,2,False,DATA,Внеоборотные активы
5,ВНЕОБОРОТНЫЕ АКТИВЫ,T23_000000_t03Ved14.xlsx,22,3,False,DATA,из них
5,ВНЕОБОРОТНЫЕ АКТИВЫ,T23_000000_t03Ved14.xlsx,22,4,False,DATA,из них
5,ВНЕОБОРОТНЫЕ АКТИВЫ,T23_000000_t03Ved14.xlsx,22,5,False,DATA,из них
5,ВНЕОБОРОТНЫЕ АКТИВЫ,T23_000000_t03Ved14.xlsx,22,6,False,DATA,из них
5,ВНЕОБОРОТНЫЕ АКТИВЫ,T23_000000_t03Ved14.xlsx,23,0,False,OKVED_CODE,
5,ВНЕОБОРОТНЫЕ АКТИВЫ,T23_000000_t03Ved14.xlsx,23,1,False,OKVED_NAME,Внеоборотные активы
5,ВНЕОБОРОТНЫЕ АКТИВЫ,T23_000000_t03Ved14.xlsx,23,2,False,DATA,Внеоборотные активы
5,ВНЕОБОРОТНЫЕ АКТИВЫ,T23_000000_t03Ved14.xlsx,23,3,False,DATA,нематериальные активы
5,ВНЕОБОРОТНЫЕ АКТИВЫ,T23_000000_t03Ved14.xlsx,23,4,False,DATA,нематериальные активы
5,ВНЕОБОРОТНЫЕ АКТИВЫ,T23_000000_t03Ved14.xlsx,23,5,False,DATA,основные средства
5,ВНЕОБОРОТНЫЕ АКТИВЫ,T23_000000_t03Ved14.xlsx,23,6,False,DATA,основные средства
5,ВНЕОБОРОТНЫЕ АКТИВЫ,T23_000000_t03Ved14.xlsx,24,0,False,OKVED_CODE,
5,ВНЕОБОРОТНЫЕ АКТИВЫ,T23_000000_t03Ved14.xlsx,24,1,False,OKVED_NAME,2022
5,ВНЕОБОРОТНЫЕ АКТИВЫ,T23_000000_t03Ved14.xlsx,24,2,False,DATA,2023
5,ВНЕОБОРОТНЫЕ АКТИВЫ,T23_000000_t03Ved14.xlsx,24,3,False,DATA,2022
5,ВНЕОБОРОТНЫЕ АКТИВЫ,T23_000000_t03Ved14.xlsx,24,4,False,DATA,2023
5,ВНЕОБОРОТНЫЕ АКТИВЫ,T23_000000_t03Ved14.xlsx,24,5,False,DATA,2022
5,ВНЕОБОРОТНЫЕ АКТИВЫ,T23_000000_t03Ved14.xlsx,24,6,False,DATA,2023
5,ВНЕОБОРОТНЫЕ АКТИВЫ,T23_000000_t03Ved14.xlsx,25,0,False,OKVED_CODE,"сбор, обработка и утилизация отходов; обработка вторичного сырья"
5,ВНЕОБОРОТНЫЕ АКТИВЫ,T23_000000_t03Ved14.xlsx,25,1,False,OKVED_NAME,884444
5,ВНЕОБОРОТНЫЕ АКТИВЫ,T23_000000_t03Ved14.xlsx,25,2,False,DATA,1136281
5,ВНЕОБОРОТНЫЕ АКТИВЫ,T23_000000_t03Ved14.xlsx,25,3,False,DATA,-
5,ВНЕОБОРОТНЫЕ АКТИВЫ,T23_000000_t03Ved14.xlsx,25,4,False,DATA,-
5,ВНЕОБОРОТНЫЕ АКТИВЫ,T23_000000_t03Ved14.xlsx,25,5,False,DATA,884444
5,ВНЕОБОРОТНЫЕ АКТИВЫ,T23_000000_t03Ved14.xlsx,25,6,False,DATA,1136281
5,ВНЕОБОРОТНЫЕ АКТИВЫ,T23_000000_t03Ved14.xlsx,26,0,False,OKVED_CODE,Строительство
5,ВНЕОБОРОТНЫЕ АКТИВЫ,T23_000000_t03Ved14.xlsx,26,1,False,OKVED_NAME,2682251
5,ВНЕОБОРОТНЫЕ АКТИВЫ,T23_000000_t03Ved14.xlsx,26,2,False,DATA,3752566
5,ВНЕОБОРОТНЫЕ АКТИВЫ,T23_000000_t03Ved14.xlsx,26,3,False,DATA,-
5,ВНЕОБОРОТНЫЕ АКТИВЫ,T23_000000_t03Ved14.xlsx,26,4,False,DATA,9704
5,ВНЕОБОРОТНЫЕ АКТИВЫ,T23_000000_t03Ved14.xlsx,26,5,False,DATA,2479613
5,ВНЕОБОРОТНЫЕ АКТИВЫ,T23_000000_t03Ved14.xlsx,26,6,False,DATA,3426758
5,ВНЕОБОРОТНЫЕ АКТИВЫ,T23_000000_t03Ved14.xlsx,27,0,False,OKVED_CODE,строительство зданий
5,ВНЕОБОРОТНЫЕ АКТИВЫ,T23_000000_t03Ved14.xlsx,27,1,False,OKVED_NAME,1310651
5,ВНЕОБОРОТНЫЕ АКТИВЫ,T23_000000_t03Ved14.xlsx,27,2,False,DATA,995637
5,ВНЕОБОРОТНЫЕ АКТИВЫ,T23_000000_t03Ved14.xlsx,27,3,False,DATA,-
5,ВНЕОБОРОТНЫЕ АКТИВЫ,T23_000000_t03Ved14.xlsx,27,4,False,DATA,-
5,ВНЕОБОРОТНЫЕ АКТИВЫ,T23_000000_t03Ved14.xlsx,27,5,False,DATA,1185720
5,ВНЕОБОРОТНЫЕ АКТИВЫ,T23_000000_t03Ved14.xlsx,27,6,False,DATA,793620
5,ВНЕОБОРОТНЫЕ АКТИВЫ,T23_000000_t03Ved14.xlsx,28,0,False,OKVED_CODE,строительство инженерных сооружений
5,ВНЕОБОРОТНЫЕ АКТИВЫ,T23_000000_t03Ved14.xlsx,28,1,False,OKVED_NAME,1370379
5,ВНЕОБОРОТНЫЕ АКТИВЫ,T23_000000_t03Ved14.xlsx,28,2,False,DATA,2754273
5,ВНЕОБОРОТНЫЕ АКТИВЫ,T23_000000_t03Ved14.xlsx,28,3,False,DATA,-
5,ВНЕОБОРОТНЫЕ АКТИВЫ,T23_000000_t03Ved14.xlsx,28,4,False,DATA,9704
5,ВНЕОБОРОТНЫЕ АКТИВЫ,T23_000000_t03Ved14.xlsx,28,5,False,DATA,1293822
5,ВНЕОБОРОТНЫЕ АКТИВЫ,T23_000000_t03Ved14.xlsx,28,6,False,DATA,2633138
5,ВНЕОБОРОТНЫЕ АКТИВЫ,T23_000000_t03Ved14.xlsx,29,0,False,OKVED_CODE,Работы строительные специализированные
5,ВНЕОБОРОТНЫЕ АКТИВЫ,T23_000000_t03Ved14.xlsx,29,1,False,OKVED_NAME,1221
5,ВНЕОБОРОТНЫЕ АКТИВЫ,T23_000000_t03Ved14.xlsx,29,2,False,DATA,2656
5,ВНЕОБОРОТНЫЕ АКТИВЫ,T23_000000_t03Ved14.xlsx,29,3,False,DATA,-
5,ВНЕОБОРОТНЫЕ АКТИВЫ,T23_000000_t03Ved14.xlsx,29,4,False,DATA,-
5,ВНЕОБОРОТНЫЕ АКТИВЫ,T23_000000_t03Ved14.xlsx,29,5,False,DATA,71
5,ВНЕОБОРОТНЫЕ АКТИВЫ,T23_000000_t03Ved14.xlsx,29,6,False,DATA,-
5,ВНЕОБОРОТНЫЕ АКТИВЫ,T23_000000_t03Ved14.xlsx,30,0,False,OKVED_CODE,"Торговля оптовая и розничная; ремонт автотранспортных средств 
и мотоциклов"
5,ВНЕОБОРОТНЫЕ АКТИВЫ,T23_000000_t03Ved14.xlsx,30,1,False,OKVED_NAME,5700114
5,ВНЕОБОРОТНЫЕ АКТИВЫ,T23_000000_t03Ved14.xlsx,30,2,False,DATA,5452177
5,ВНЕОБОРОТНЫЕ АКТИВЫ,T23_000000_t03Ved14.xlsx,30,3,False,DATA,2249
5,ВНЕОБОРОТНЫЕ АКТИВЫ,T23_000000_t03Ved14.xlsx,30,4,False,DATA,15721
5,ВНЕОБОРОТНЫЕ АКТИВЫ,T23_000000_t03Ved14.xlsx,30,5,False,DATA,3642504
5,ВНЕОБОРОТНЫЕ АКТИВЫ,T23_000000_t03Ved14.xlsx,30,6,False,DATA,2622716
5,ВНЕОБОРОТНЫЕ АКТИВЫ,T23_000000_t03Ved14.xlsx,31,0,False,OKVED_CODE,"торговля оптовая, кроме оптовой торговли автотранспортными средствами
и мотоциклами"
5,ВНЕОБОРОТНЫЕ АКТИВЫ,T23_000000_t03Ved14.xlsx,31,1,False,OKVED_NAME,3772052
5,ВНЕОБОРОТНЫЕ АКТИВЫ,T23_000000_t03Ved14.xlsx,31,2,False,DATA,3647516
5,ВНЕОБОРОТНЫЕ АКТИВЫ,T23_000000_t03Ved14.xlsx,31,3,False,DATA,1829
5,ВНЕОБОРОТНЫЕ АКТИВЫ,T23_000000_t03Ved14.xlsx,31,4,False,DATA,15617
5,ВНЕОБОРОТНЫЕ АКТИВЫ,T23_000000_t03Ved14.xlsx,31,5,False,DATA,1851663
5,ВНЕОБОРОТНЫЕ АКТИВЫ,T23_000000_t03Ved14.xlsx,31,6,False,DATA,963247
5,ВНЕОБОРОТНЫЕ АКТИВЫ,T23_000000_t03Ved14.xlsx,32,0,False,OKVED_CODE,"торговля розничная, кроме торговли автотранспортными средствами 
и мотоциклами"
5,ВНЕОБОРОТНЫЕ АКТИВЫ,T23_000000_t03Ved14.xlsx,32,1,False,OKVED_NAME,1928062
5,ВНЕОБОРОТНЫЕ АКТИВЫ,T23_000000_t03Ved14.xlsx,32,2,False,DATA,1804661
5,ВНЕОБОРОТНЫЕ АКТИВЫ,T23_000000_t03Ved14.xlsx,32,3,False,DATA,420
5,ВНЕОБОРОТНЫЕ АКТИВЫ,T23_000000_t03Ved14.xlsx,32,4,False,DATA,104
5,ВНЕОБОРОТНЫЕ АКТИВЫ,T23_000000_t03Ved14.xlsx,32,5,False,DATA,1790841
5,ВНЕОБОРОТНЫЕ АКТИВЫ,T23_000000_t03Ved14.xlsx,32,6,False,DATA,1659469
5,ВНЕОБОРОТНЫЕ АКТИВЫ,T23_000000_t03Ved14.xlsx,33,0,False,OKVED_CODE,Транспортировка и хранение
5,ВНЕОБОРОТНЫЕ АКТИВЫ,T23_000000_t03Ved14.xlsx,33,1,False,OKVED_NAME,23219057
5,ВНЕОБОРОТНЫЕ АКТИВЫ,T23_000000_t03Ved14.xlsx,33,2,False,DATA,33262498
5,ВНЕОБОРОТНЫЕ АКТИВЫ,T23_000000_t03Ved14.xlsx,33,3,False,DATA,26712
5,ВНЕОБОРОТНЫЕ АКТИВЫ,T23_000000_t03Ved14.xlsx,33,4,False,DATA,25346
5,ВНЕОБОРОТНЫЕ АКТИВЫ,T23_000000_t03Ved14.xlsx,33,5,False,DATA,18057949
5,ВНЕОБОРОТНЫЕ АКТИВЫ,T23_000000_t03Ved14.xlsx,33,6,False,DATA,27721320
5,ВНЕОБОРОТНЫЕ АКТИВЫ,T23_000000_t03Ved14.xlsx,34,0,False,OKVED_CODE,"деятельность сухопутного 
и трубопроводного транспорта"
5,ВНЕОБОРОТНЫЕ АКТИВЫ,T23_000000_t03Ved14.xlsx,34,1,False,OKVED_NAME,313001
5,ВНЕОБОРОТНЫЕ АКТИВЫ,T23_000000_t03Ved14.xlsx,34,2,False,DATA,355700
5,ВНЕОБОРОТНЫЕ АКТИВЫ,T23_000000_t03Ved14.xlsx,34,3,False,DATA,-
5,ВНЕОБОРОТНЫЕ АКТИВЫ,T23_000000_t03Ved14.xlsx,34,4,False,DATA,-
5,ВНЕОБОРОТНЫЕ АКТИВЫ,T23_000000_t03Ved14.xlsx,34,5,False,DATA,312103
5,ВНЕОБОРОТНЫЕ АКТИВЫ,T23_000000_t03Ved14.xlsx,34,6,False,DATA,354772
5,ВНЕОБОРОТНЫЕ АКТИВЫ,T23_000000_t03Ved14.xlsx,35,0,False,OKVED_CODE,деятельность водного транспорта
5,ВНЕОБОРОТНЫЕ АКТИВЫ,T23_000000_t03Ved14.xlsx,35,1,False,OKVED_NAME,3463840
5,ВНЕОБОРОТНЫЕ АКТИВЫ,T23_000000_t03Ved14.xlsx,35,2,False,DATA,4757173
5,ВНЕОБОРОТНЫЕ АКТИВЫ,T23_000000_t03Ved14.xlsx,35,3,False,DATA,780
5,ВНЕОБОРОТНЫЕ АКТИВЫ,T23_000000_t03Ved14.xlsx,35,4,False,DATA,2264
5,ВНЕОБОРОТНЫЕ АКТИВЫ,T23_000000_t03Ved14.xlsx,35,5,False,DATA,3446068
5,ВНЕОБОРОТНЫЕ АКТИВЫ,T23_000000_t03Ved14.xlsx,35,6,False,DATA,4733944
5,ВНЕОБОРОТНЫЕ АКТИВЫ,T23_000000_t03Ved14.xlsx,36,0,False,OKVED_CODE,деятельность воздушного и космического транспорта
5,ВНЕОБОРОТНЫЕ АКТИВЫ,T23_000000_t03Ved14.xlsx,36,1,False,OKVED_NAME,3439049
5,ВНЕОБОРОТНЫЕ АКТИВЫ,T23_000000_t03Ved14.xlsx,36,2,False,DATA,4199444
5,ВНЕОБОРОТНЫЕ АКТИВЫ,T23_000000_t03Ved14.xlsx,36,3,False,DATA,762
5,ВНЕОБОРОТНЫЕ АКТИВЫ,T23_000000_t03Ved14.xlsx,36,4,False,DATA,1104
5,ВНЕОБОРОТНЫЕ АКТИВЫ,T23_000000_t03Ved14.xlsx,36,5,False,DATA,3239263
5,ВНЕОБОРОТНЫЕ АКТИВЫ,T23_000000_t03Ved14.xlsx,36,6,False,DATA,3888174
5,ВНЕОБОРОТНЫЕ АКТИВЫ,T23_000000_t03Ved14.xlsx,37,0,False,OKVED_CODE,складское хозяйство и вспомогательная транспортная деятельность
5,ВНЕОБОРОТНЫЕ АКТИВЫ,T23_000000_t03Ved14.xlsx,37,1,False,OKVED_NAME,16003167
5,ВНЕОБОРОТНЫЕ АКТИВЫ,T23_000000_t03Ved14.xlsx,37,2,False,DATA,23950181
5,ВНЕОБОРОТНЫЕ АКТИВЫ,T23_000000_t03Ved14.xlsx,37,3,False,DATA,25170
5,ВНЕОБОРОТНЫЕ АКТИВЫ,T23_000000_t03Ved14.xlsx,37,4,False,DATA,21978
5,ВНЕОБОРОТНЫЕ АКТИВЫ,T23_000000_t03Ved14.xlsx,37,5,False,DATA,11060515
5,ВНЕОБОРОТНЫЕ АКТИВЫ,T23_000000_t03Ved14.xlsx,37,6,False,DATA,18744430
5,ВНЕОБОРОТНЫЕ АКТИВЫ,T23_000000_t03Ved14.xlsx,38,0,False,OKVED_CODE,Деятельность гостиниц и предприятий общественного питания
5,ВНЕОБОРОТНЫЕ АКТИВЫ,T23_000000_t03Ved14.xlsx,38,1,False,OKVED_NAME,6183618
5,ВНЕОБОРОТНЫЕ АКТИВЫ,T23_000000_t03Ved14.xlsx,38,2,False,DATA,7949580
5,ВНЕОБОРОТНЫЕ АКТИВЫ,T23_000000_t03Ved14.xlsx,38,3,False,DATA,3715
5,ВНЕОБОРОТНЫЕ АКТИВЫ,T23_000000_t03Ved14.xlsx,38,4,False,DATA,9904
5,ВНЕОБОРОТНЫЕ АКТИВЫ,T23_000000_t03Ved14.xlsx,38,5,False,DATA,5272315
5,ВНЕОБОРОТНЫЕ АКТИВЫ,T23_000000_t03Ved14.xlsx,38,6,False,DATA,6965330
5,ВНЕОБОРОТНЫЕ АКТИВЫ,T23_000000_t03Ved14.xlsx,39,0,False,OKVED_CODE,"деятельность по предоставлению мест 
для временного проживания"
5,ВНЕОБОРОТНЫЕ АКТИВЫ,T23_000000_t03Ved14.xlsx,39,1,False,OKVED_NAME,6183618
5,ВНЕОБОРОТНЫЕ АКТИВЫ,T23_000000_t03Ved14.xlsx,39,2,False,DATA,7949580
5,ВНЕОБОРОТНЫЕ АКТИВЫ,T23_000000_t03Ved14.xlsx,39,3,False,DATA,3715
5,ВНЕОБОРОТНЫЕ АКТИВЫ,T23_000000_t03Ved14.xlsx,39,4,False,DATA,9904
5,ВНЕОБОРОТНЫЕ АКТИВЫ,T23_000000_t03Ved14.xlsx,39,5,False,DATA,5272315
5,ВНЕОБОРОТНЫЕ АКТИВЫ,T23_000000_t03Ved14.xlsx,39,6,False,DATA,6965330
5,ВНЕОБОРОТНЫЕ АКТИВЫ,T23_000000_t03Ved14.xlsx,40,0,False,OKVED_CODE,
5,ВНЕОБОРОТНЫЕ АКТИВЫ,T23_000000_t03Ved14.xlsx,40,1,False,OKVED_NAME,
5,ВНЕОБОРОТНЫЕ АКТИВЫ,T23_000000_t03Ved14.xlsx,40,2,False,EMPTY,
5,ВНЕОБОРОТНЫЕ АКТИВЫ,T23_000000_t03Ved14.xlsx,40,3,False,EMPTY,
5,ВНЕОБОРОТНЫЕ АКТИВЫ,T23_000000_t03Ved14.xlsx,40,4,False,EMPTY,
5,ВНЕОБОРОТНЫЕ АКТИВЫ,T23_000000_t03Ved14.xlsx,40,5,False,EMPTY,
5,ВНЕОБОРОТНЫЕ АКТИВЫ,T23_000000_t03Ved14.xlsx,40,6,False,EMPTY,
5,ВНЕОБОРОТНЫЕ АКТИВЫ,T23_000000_t03Ved14.xlsx,41,0,False,OKVED_CODE,
5,ВНЕОБОРОТНЫЕ АКТИВЫ,T23_000000_t03Ved14.xlsx,41,1,False,OKVED_NAME,
5,ВНЕОБОРОТНЫЕ АКТИВЫ,T23_000000_t03Ved14.xlsx,41,2,False,EMPTY,
5,ВНЕОБОРОТНЫЕ АКТИВЫ,T23_000000_t03Ved14.xlsx,41,3,False,EMPTY,
5,ВНЕОБОРОТНЫЕ АКТИВЫ,T23_000000_t03Ved14.xlsx,41,4,False,EMPTY,
5,ВНЕОБОРОТНЫЕ АКТИВЫ,T23_000000_t03Ved14.xlsx,41,5,False,EMPTY,
5,ВНЕОБОРОТНЫЕ АКТИВЫ,T23_000000_t03Ved14.xlsx,41,6,False,EMPTY,
5,ВНЕОБОРОТНЫЕ АКТИВЫ,T23_000000_t03Ved14.xlsx,42,0,False,OKVED_CODE,
5,ВНЕОБОРОТНЫЕ АКТИВЫ,T23_000000_t03Ved14.xlsx,42,1,False,OKVED_NAME,
5,ВНЕОБОРОТНЫЕ АКТИВЫ,T23_000000_t03Ved14.xlsx,42,2,False,EMPTY,
5,ВНЕОБОРОТНЫЕ АКТИВЫ,T23_000000_t03Ved14.xlsx,42,3,False,EMPTY,
5,ВНЕОБОРОТНЫЕ АКТИВЫ,T23_000000_t03Ved14.xlsx,42,4,False,EMPTY,
5,ВНЕОБОРОТНЫЕ АКТИВЫ,T23_000000_t03Ved14.xlsx,42,5,False,EMPTY,
5,ВНЕОБОРОТНЫЕ АКТИВЫ,T23_000000_t03Ved14.xlsx,42,6,False,EMPTY,
5,ВНЕОБОРОТНЫЕ АКТИВЫ,T23_000000_t03Ved14.xlsx,43,0,False,OKVED_CODE,
5,ВНЕОБОРОТНЫЕ АКТИВЫ,T23_000000_t03Ved14.xlsx,43,1,False,OKVED_NAME,
5,ВНЕОБОРОТНЫЕ АКТИВЫ,T23_000000_t03Ved14.xlsx,43,2,False,EMPTY,
5,ВНЕОБОРОТНЫЕ АКТИВЫ,T23_000000_t03Ved14.xlsx,43,3,False,EMPTY,
5,ВНЕОБОРОТНЫЕ АКТИВЫ,T23_000000_t03Ved14.xlsx,43,4,False,EMPTY,
5,ВНЕОБОРОТНЫЕ АКТИВЫ,T23_000000_t03Ved14.xlsx,43,5,False,DATA,Продолжение таблицы 3.
5,ВНЕОБОРОТНЫЕ АКТИВЫ,T23_000000_t03Ved14.xlsx,43,6,False,DATA,Продолжение таблицы 3.
5,ВНЕОБОРОТНЫЕ АКТИВЫ,T23_000000_t03Ved14.xlsx,44,0,False,OKVED_CODE,
5,ВНЕОБОРОТНЫЕ АКТИВЫ,T23_000000_t03Ved14.xlsx,44,1,False,OKVED_NAME,Внеоборотные активы
5,ВНЕОБОРОТНЫЕ АКТИВЫ,T23_000000_t03Ved14.xlsx,44,2,False,DATA,Внеоборотные активы
5,ВНЕОБОРОТНЫЕ АКТИВЫ,T23_000000_t03Ved14.xlsx,44,3,False,DATA,из них
5,ВНЕОБОРОТНЫЕ АКТИВЫ,T23_000000_t03Ved14.xlsx,44,4,False,DATA,из них
5,ВНЕОБОРОТНЫЕ АКТИВЫ,T23_000000_t03Ved14.xlsx,44,5,False,DATA,из них
5,ВНЕОБОРОТНЫЕ АКТИВЫ,T23_000000_t03Ved14.xlsx,44,6,False,DATA,из них
5,ВНЕОБОРОТНЫЕ АКТИВЫ,T23_000000_t03Ved14.xlsx,45,0,False,OKVED_CODE,
5,ВНЕОБОРОТНЫЕ АКТИВЫ,T23_000000_t03Ved14.xlsx,45,1,False,OKVED_NAME,Внеоборотные активы
5,ВНЕОБОРОТНЫЕ АКТИВЫ,T23_000000_t03Ved14.xlsx,45,2,False,DATA,Внеоборотные активы
5,ВНЕОБОРОТНЫЕ АКТИВЫ,T23_000000_t03Ved14.xlsx,45,3,False,DATA,нематериальные активы
5,ВНЕОБОРОТНЫЕ АКТИВЫ,T23_000000_t03Ved14.xlsx,45,4,False,DATA,нематериальные активы
5,ВНЕОБОРОТНЫЕ АКТИВЫ,T23_000000_t03Ved14.xlsx,45,5,False,DATA,основные средства
5,ВНЕОБОРОТНЫЕ АКТИВЫ,T23_000000_t03Ved14.xlsx,45,6,False,DATA,основные средства
5,ВНЕОБОРОТНЫЕ АКТИВЫ,T23_000000_t03Ved14.xlsx,46,0,False,OKVED_CODE,
5,ВНЕОБОРОТНЫЕ АКТИВЫ,T23_000000_t03Ved14.xlsx,46,1,False,OKVED_NAME,2022
5,ВНЕОБОРОТНЫЕ АКТИВЫ,T23_000000_t03Ved14.xlsx,46,2,False,DATA,2023
5,ВНЕОБОРОТНЫЕ АКТИВЫ,T23_000000_t03Ved14.xlsx,46,3,False,DATA,2022
5,ВНЕОБОРОТНЫЕ АКТИВЫ,T23_000000_t03Ved14.xlsx,46,4,False,DATA,2023
5,ВНЕОБОРОТНЫЕ АКТИВЫ,T23_000000_t03Ved14.xlsx,46,5,False,DATA,2022
5,ВНЕОБОРОТНЫЕ АКТИВЫ,T23_000000_t03Ved14.xlsx,46,6,False,DATA,2023
5,ВНЕОБОРОТНЫЕ АКТИВЫ,T23_000000_t03Ved14.xlsx,47,0,False,OKVED_CODE,"Деятельность в области информации 
и связи"
5,ВНЕОБОРОТНЫЕ АКТИВЫ,T23_000000_t03Ved14.xlsx,47,1,False,OKVED_NAME,453
5,ВНЕОБОРОТНЫЕ АКТИВЫ,T23_000000_t03Ved14.xlsx,47,2,False,DATA,429
5,ВНЕОБОРОТНЫЕ АКТИВЫ,T23_000000_t03Ved14.xlsx,47,3,False,DATA,-
5,ВНЕОБОРОТНЫЕ АКТИВЫ,T23_000000_t03Ved14.xlsx,47,4,False,DATA,-
5,ВНЕОБОРОТНЫЕ АКТИВЫ,T23_000000_t03Ved14.xlsx,47,5,False,DATA,453
5,ВНЕОБОРОТНЫЕ АКТИВЫ,T23_000000_t03Ved14.xlsx,47,6,False,DATA,429
5,ВНЕОБОРОТНЫЕ АКТИВЫ,T23_000000_t03Ved14.xlsx,48,0,False,OKVED_CODE,деятельность в области информационных технологий
5,ВНЕОБОРОТНЫЕ АКТИВЫ,T23_000000_t03Ved14.xlsx,48,1,False,OKVED_NAME,453
5,ВНЕОБОРОТНЫЕ АКТИВЫ,T23_000000_t03Ved14.xlsx,48,2,False,DATA,429
5,ВНЕОБОРОТНЫЕ АКТИВЫ,T23_000000_t03Ved14.xlsx,48,3,False,DATA,-
5,ВНЕОБОРОТНЫЕ АКТИВЫ,T23_000000_t03Ved14.xlsx,48,4,False,DATA,-
5,ВНЕОБОРОТНЫЕ АКТИВЫ,T23_000000_t03Ved14.xlsx,48,5,False,DATA,453
5,ВНЕОБОРОТНЫЕ АКТИВЫ,T23_000000_t03Ved14.xlsx,48,6,False,DATA,429
5,ВНЕОБОРОТНЫЕ АКТИВЫ,T23_000000_t03Ved14.xlsx,49,0,False,OKVED_CODE,Деятельность финансовая и страховая
5,ВНЕОБОРОТНЫЕ АКТИВЫ,T23_000000_t03Ved14.xlsx,49,1,False,OKVED_NAME,8492636
5,ВНЕОБОРОТНЫЕ АКТИВЫ,T23_000000_t03Ved14.xlsx,49,2,False,DATA,6460291
5,ВНЕОБОРОТНЫЕ АКТИВЫ,T23_000000_t03Ved14.xlsx,49,3,False,DATA,-
5,ВНЕОБОРОТНЫЕ АКТИВЫ,T23_000000_t03Ved14.xlsx,49,4,False,DATA,-
5,ВНЕОБОРОТНЫЕ АКТИВЫ,T23_000000_t03Ved14.xlsx,49,5,False,DATA,94495
5,ВНЕОБОРОТНЫЕ АКТИВЫ,T23_000000_t03Ved14.xlsx,49,6,False,DATA,224430
5,ВНЕОБОРОТНЫЕ АКТИВЫ,T23_000000_t03Ved14.xlsx,50,0,False,OKVED_CODE,"деятельность по предоставлению финансовых услуг, кроме услуг
по страхованию и пенсионному обеспечени"
5,ВНЕОБОРОТНЫЕ АКТИВЫ,T23_000000_t03Ved14.xlsx,50,1,False,OKVED_NAME,8492636
5,ВНЕОБОРОТНЫЕ АКТИВЫ,T23_000000_t03Ved14.xlsx,50,2,False,DATA,6460291
5,ВНЕОБОРОТНЫЕ АКТИВЫ,T23_000000_t03Ved14.xlsx,50,3,False,DATA,-
5,ВНЕОБОРОТНЫЕ АКТИВЫ,T23_000000_t03Ved14.xlsx,50,4,False,DATA,-
5,ВНЕОБОРОТНЫЕ АКТИВЫ,T23_000000_t03Ved14.xlsx,50,5,False,DATA,94495
5,ВНЕОБОРОТНЫЕ АКТИВЫ,T23_000000_t03Ved14.xlsx,50,6,False,DATA,224430
5,ВНЕОБОРОТНЫЕ АКТИВЫ,T23_000000_t03Ved14.xlsx,51,0,False,OKVED_CODE,"Деятельность по операциям
с недвижимым имуществом"
5,ВНЕОБОРОТНЫЕ АКТИВЫ,T23_000000_t03Ved14.xlsx,51,1,False,OKVED_NAME,4240162
5,ВНЕОБОРОТНЫЕ АКТИВЫ,T23_000000_t03Ved14.xlsx,51,2,False,DATA,5780604
5,ВНЕОБОРОТНЫЕ АКТИВЫ,T23_000000_t03Ved14.xlsx,51,3,False,DATA,13546
5,ВНЕОБОРОТНЫЕ АКТИВЫ,T23_000000_t03Ved14.xlsx,51,4,False,DATA,7065
5,ВНЕОБОРОТНЫЕ АКТИВЫ,T23_000000_t03Ved14.xlsx,51,5,False,DATA,2367963
5,ВНЕОБОРОТНЫЕ АКТИВЫ,T23_000000_t03Ved14.xlsx,51,6,False,DATA,3823936
5,ВНЕОБОРОТНЫЕ АКТИВЫ,T23_000000_t03Ved14.xlsx,52,0,False,OKVED_CODE,операции с недвижимым имуществом
5,ВНЕОБОРОТНЫЕ АКТИВЫ,T23_000000_t03Ved14.xlsx,52,1,False,OKVED_NAME,4240162
5,ВНЕОБОРОТНЫЕ АКТИВЫ,T23_000000_t03Ved14.xlsx,52,2,False,DATA,5780604
5,ВНЕОБОРОТНЫЕ АКТИВЫ,T23_000000_t03Ved14.xlsx,52,3,False,DATA,13546
5,ВНЕОБОРОТНЫЕ АКТИВЫ,T23_000000_t03Ved14.xlsx,52,4,False,DATA,7065
5,ВНЕОБОРОТНЫЕ АКТИВЫ,T23_000000_t03Ved14.xlsx,52,5,False,DATA,2367963
5,ВНЕОБОРОТНЫЕ АКТИВЫ,T23_000000_t03Ved14.xlsx,52,6,False,DATA,3823936
5,ВНЕОБОРОТНЫЕ АКТИВЫ,T23_000000_t03Ved14.xlsx,53,0,False,OKVED_CODE,"Деятельность профессиональная, научная и техническая"
5,ВНЕОБОРОТНЫЕ АКТИВЫ,T23_000000_t03Ved14.xlsx,53,1,False,OKVED_NAME,2913810
5,ВНЕОБОРОТНЫЕ АКТИВЫ,T23_000000_t03Ved14.xlsx,53,2,False,DATA,3957110
5,ВНЕОБОРОТНЫЕ АКТИВЫ,T23_000000_t03Ved14.xlsx,53,3,False,DATA,2529
5,ВНЕОБОРОТНЫЕ АКТИВЫ,T23_000000_t03Ved14.xlsx,53,4,False,DATA,2266
5,ВНЕОБОРОТНЫЕ АКТИВЫ,T23_000000_t03Ved14.xlsx,53,5,False,DATA,439921
5,ВНЕОБОРОТНЫЕ АКТИВЫ,T23_000000_t03Ved14.xlsx,53,6,False,DATA,774492
5,ВНЕОБОРОТНЫЕ АКТИВЫ,T23_000000_t03Ved14.xlsx,54,0,False,OKVED_CODE,"деятельность в области права
и бухгалтерского учета"
5,ВНЕОБОРОТНЫЕ АКТИВЫ,T23_000000_t03Ved14.xlsx,54,1,False,OKVED_NAME,67236
5,ВНЕОБОРОТНЫЕ АКТИВЫ,T23_000000_t03Ved14.xlsx,54,2,False,DATA,67773
5,ВНЕОБОРОТНЫЕ АКТИВЫ,T23_000000_t03Ved14.xlsx,54,3,False,DATA,-
5,ВНЕОБОРОТНЫЕ АКТИВЫ,T23_000000_t03Ved14.xlsx,54,4,False,DATA,-
5,ВНЕОБОРОТНЫЕ АКТИВЫ,T23_000000_t03Ved14.xlsx,54,5,False,DATA,-
5,ВНЕОБОРОТНЫЕ АКТИВЫ,T23_000000_t03Ved14.xlsx,54,6,False,DATA,-
5,ВНЕОБОРОТНЫЕ АКТИВЫ,T23_000000_t03Ved14.xlsx,55,0,False,OKVED_CODE,деятельность головных офисов; консультирование по вопросам управления
5,ВНЕОБОРОТНЫЕ АКТИВЫ,T23_000000_t03Ved14.xlsx,55,1,False,OKVED_NAME,1161133
5,ВНЕОБОРОТНЫЕ АКТИВЫ,T23_000000_t03Ved14.xlsx,55,2,False,DATA,1791332
5,ВНЕОБОРОТНЫЕ АКТИВЫ,T23_000000_t03Ved14.xlsx,55,3,False,DATA,2510
5,ВНЕОБОРОТНЫЕ АКТИВЫ,T23_000000_t03Ved14.xlsx,55,4,False,DATA,2259
5,ВНЕОБОРОТНЫЕ АКТИВЫ,T23_000000_t03Ved14.xlsx,55,5,False,DATA,187774
5,ВНЕОБОРОТНЫЕ АКТИВЫ,T23_000000_t03Ved14.xlsx,55,6,False,DATA,570768
5,ВНЕОБОРОТНЫЕ АКТИВЫ,T23_000000_t03Ved14.xlsx,56,0,False,OKVED_CODE,"деятельность в области архитектуры 
и инженерно-технического проектирования; технических испытаний, "
5,ВНЕОБОРОТНЫЕ АКТИВЫ,T23_000000_t03Ved14.xlsx,56,1,False,OKVED_NAME,1679298
5,ВНЕОБОРОТНЫЕ АКТИВЫ,T23_000000_t03Ved14.xlsx,56,2,False,DATA,2093284
5,ВНЕОБОРОТНЫЕ АКТИВЫ,T23_000000_t03Ved14.xlsx,56,3,False,DATA,19
5,ВНЕОБОРОТНЫЕ АКТИВЫ,T23_000000_t03Ved14.xlsx,56,4,False,DATA,7
5,ВНЕОБОРОТНЫЕ АКТИВЫ,T23_000000_t03Ved14.xlsx,56,5,False,DATA,246283
5,ВНЕОБОРОТНЫЕ АКТИВЫ,T23_000000_t03Ved14.xlsx,56,6,False,DATA,199202
5,ВНЕОБОРОТНЫЕ АКТИВЫ,T23_000000_t03Ved14.xlsx,57,0,False,OKVED_CODE,"деятельность профессиональная научная
и техническая прочая"
5,ВНЕОБОРОТНЫЕ АКТИВЫ,T23_000000_t03Ved14.xlsx,57,1,False,OKVED_NAME,6143
5,ВНЕОБОРОТНЫЕ АКТИВЫ,T23_000000_t03Ved14.xlsx,57,2,False,DATA,4721
5,ВНЕОБОРОТНЫЕ АКТИВЫ,T23_000000_t03Ved14.xlsx,57,3,False,DATA,-
5,ВНЕОБОРОТНЫЕ АКТИВЫ,T23_000000_t03Ved14.xlsx,57,4,False,DATA,-
5,ВНЕОБОРОТНЫЕ АКТИВЫ,T23_000000_t03Ved14.xlsx,57,5,False,DATA,5864
5,ВНЕОБОРОТНЫЕ АКТИВЫ,T23_000000_t03Ved14.xlsx,57,6,False,DATA,4522
5,ВНЕОБОРОТНЫЕ АКТИВЫ,T23_000000_t03Ved14.xlsx,58,0,False,OKVED_CODE,"Деятельность административная
и сопутствующие дополнительные услуги"
5,ВНЕОБОРОТНЫЕ АКТИВЫ,T23_000000_t03Ved14.xlsx,58,1,False,OKVED_NAME,1422128
5,ВНЕОБОРОТНЫЕ АКТИВЫ,T23_000000_t03Ved14.xlsx,58,2,False,DATA,1552875
5,ВНЕОБОРОТНЫЕ АКТИВЫ,T23_000000_t03Ved14.xlsx,58,3,False,DATA,5172
5,ВНЕОБОРОТНЫЕ АКТИВЫ,T23_000000_t03Ved14.xlsx,58,4,False,DATA,5172
5,ВНЕОБОРОТНЫЕ АКТИВЫ,T23_000000_t03Ved14.xlsx,58,5,False,DATA,1212847
5,ВНЕОБОРОТНЫЕ АКТИВЫ,T23_000000_t03Ved14.xlsx,58,6,False,DATA,1221430
5,ВНЕОБОРОТНЫЕ АКТИВЫ,T23_000000_t03Ved14.xlsx,59,0,False,OKVED_CODE,аренда и лизинг
5,ВНЕОБОРОТНЫЕ АКТИВЫ,T23_000000_t03Ved14.xlsx,59,1,False,OKVED_NAME,5172
5,ВНЕОБОРОТНЫЕ АКТИВЫ,T23_000000_t03Ved14.xlsx,59,2,False,DATA,72772
5,ВНЕОБОРОТНЫЕ АКТИВЫ,T23_000000_t03Ved14.xlsx,59,3,False,DATA,5172
5,ВНЕОБОРОТНЫЕ АКТИВЫ,T23_000000_t03Ved14.xlsx,59,4,False,DATA,5172
5,ВНЕОБОРОТНЫЕ АКТИВЫ,T23_000000_t03Ved14.xlsx,59,5,False,DATA,-
5,ВНЕОБОРОТНЫЕ АКТИВЫ,T23_000000_t03Ved14.xlsx,59,6,False,DATA,-
5,ВНЕОБОРОТНЫЕ АКТИВЫ,T23_000000_t03Ved14.xlsx,60,0,False,OKVED_CODE,"деятельность туристических агентств 
и прочих организаций, предоставляющих услуги в сфере туризма"
5,ВНЕОБОРОТНЫЕ АКТИВЫ,T23_000000_t03Ved14.xlsx,60,1,False,OKVED_NAME,538195
5,ВНЕОБОРОТНЫЕ АКТИВЫ,T23_000000_t03Ved14.xlsx,60,2,False,DATA,630156
5,ВНЕОБОРОТНЫЕ АКТИВЫ,T23_000000_t03Ved14.xlsx,60,3,False,DATA,-
5,ВНЕОБОРОТНЫЕ АКТИВЫ,T23_000000_t03Ved14.xlsx,60,4,False,DATA,-
5,ВНЕОБОРОТНЫЕ АКТИВЫ,T23_000000_t03Ved14.xlsx,60,5,False,DATA,537935
5,ВНЕОБОРОТНЫЕ АКТИВЫ,T23_000000_t03Ved14.xlsx,60,6,False,DATA,604906
5,ВНЕОБОРОТНЫЕ АКТИВЫ,T23_000000_t03Ved14.xlsx,61,0,False,OKVED_CODE,
5,ВНЕОБОРОТНЫЕ АКТИВЫ,T23_000000_t03Ved14.xlsx,61,1,False,OKVED_NAME,
5,ВНЕОБОРОТНЫЕ АКТИВЫ,T23_000000_t03Ved14.xlsx,61,2,False,EMPTY,
5,ВНЕОБОРОТНЫЕ АКТИВЫ,T23_000000_t03Ved14.xlsx,61,3,False,EMPTY,
5,ВНЕОБОРОТНЫЕ АКТИВЫ,T23_000000_t03Ved14.xlsx,61,4,False,EMPTY,
5,ВНЕОБОРОТНЫЕ АКТИВЫ,T23_000000_t03Ved14.xlsx,61,5,False,EMPTY,
5,ВНЕОБОРОТНЫЕ АКТИВЫ,T23_000000_t03Ved14.xlsx,61,6,False,EMPTY,
5,ВНЕОБОРОТНЫЕ АКТИВЫ,T23_000000_t03Ved14.xlsx,62,0,False,OKVED_CODE,
5,ВНЕОБОРОТНЫЕ АКТИВЫ,T23_000000_t03Ved14.xlsx,62,1,False,OKVED_NAME,
5,ВНЕОБОРОТНЫЕ АКТИВЫ,T23_000000_t03Ved14.xlsx,62,2,False,EMPTY,
5,ВНЕОБОРОТНЫЕ АКТИВЫ,T23_000000_t03Ved14.xlsx,62,3,False,EMPTY,
5,ВНЕОБОРОТНЫЕ АКТИВЫ,T23_000000_t03Ved14.xlsx,62,4,False,EMPTY,
5,ВНЕОБОРОТНЫЕ АКТИВЫ,T23_000000_t03Ved14.xlsx,62,5,False,DATA,Продолжение таблицы 3.
5,ВНЕОБОРОТНЫЕ АКТИВЫ,T23_000000_t03Ved14.xlsx,62,6,False,DATA,Продолжение таблицы 3.
5,ВНЕОБОРОТНЫЕ АКТИВЫ,T23_000000_t03Ved14.xlsx,63,0,False,OKVED_CODE,
5,ВНЕОБОРОТНЫЕ АКТИВЫ,T23_000000_t03Ved14.xlsx,63,1,False,OKVED_NAME,Внеоборотные активы
5,ВНЕОБОРОТНЫЕ АКТИВЫ,T23_000000_t03Ved14.xlsx,63,2,False,DATA,Внеоборотные активы
5,ВНЕОБОРОТНЫЕ АКТИВЫ,T23_000000_t03Ved14.xlsx,63,3,False,DATA,из них
5,ВНЕОБОРОТНЫЕ АКТИВЫ,T23_000000_t03Ved14.xlsx,63,4,False,DATA,из них
5,ВНЕОБОРОТНЫЕ АКТИВЫ,T23_000000_t03Ved14.xlsx,63,5,False,DATA,из них
5,ВНЕОБОРОТНЫЕ АКТИВЫ,T23_000000_t03Ved14.xlsx,63,6,False,DATA,из них
5,ВНЕОБОРОТНЫЕ АКТИВЫ,T23_000000_t03Ved14.xlsx,64,0,False,OKVED_CODE,
5,ВНЕОБОРОТНЫЕ АКТИВЫ,T23_000000_t03Ved14.xlsx,64,1,False,OKVED_NAME,Внеоборотные активы
5,ВНЕОБОРОТНЫЕ АКТИВЫ,T23_000000_t03Ved14.xlsx,64,2,False,DATA,Внеоборотные активы
5,ВНЕОБОРОТНЫЕ АКТИВЫ,T23_000000_t03Ved14.xlsx,64,3,False,DATA,нематериальные активы
5,ВНЕОБОРОТНЫЕ АКТИВЫ,T23_000000_t03Ved14.xlsx,64,4,False,DATA,нематериальные активы
5,ВНЕОБОРОТНЫЕ АКТИВЫ,T23_000000_t03Ved14.xlsx,64,5,False,DATA,основные средства
5,ВНЕОБОРОТНЫЕ АКТИВЫ,T23_000000_t03Ved14.xlsx,64,6,False,DATA,основные средства
5,ВНЕОБОРОТНЫЕ АКТИВЫ,T23_000000_t03Ved14.xlsx,65,0,False,OKVED_CODE,
5,ВНЕОБОРОТНЫЕ АКТИВЫ,T23_000000_t03Ved14.xlsx,65,1,False,OKVED_NAME,2022
5,ВНЕОБОРОТНЫЕ АКТИВЫ,T23_000000_t03Ved14.xlsx,65,2,False,DATA,2023
5,ВНЕОБОРОТНЫЕ АКТИВЫ,T23_000000_t03Ved14.xlsx,65,3,False,DATA,2022
5,ВНЕОБОРОТНЫЕ АКТИВЫ,T23_000000_t03Ved14.xlsx,65,4,False,DATA,2023
5,ВНЕОБОРОТНЫЕ АКТИВЫ,T23_000000_t03Ved14.xlsx,65,5,False,DATA,2022
5,ВНЕОБОРОТНЫЕ АКТИВЫ,T23_000000_t03Ved14.xlsx,65,6,False,DATA,2023
5,ВНЕОБОРОТНЫЕ АКТИВЫ,T23_000000_t03Ved14.xlsx,66,0,False,OKVED_CODE,"деятельность по обслуживанию зданий 
и территорий"
5,ВНЕОБОРОТНЫЕ АКТИВЫ,T23_000000_t03Ved14.xlsx,66,1,False,OKVED_NAME,862462
5,ВНЕОБОРОТНЫЕ АКТИВЫ,T23_000000_t03Ved14.xlsx,66,2,False,DATA,834932
5,ВНЕОБОРОТНЫЕ АКТИВЫ,T23_000000_t03Ved14.xlsx,66,3,False,DATA,-
5,ВНЕОБОРОТНЫЕ АКТИВЫ,T23_000000_t03Ved14.xlsx,66,4,False,DATA,-
5,ВНЕОБОРОТНЫЕ АКТИВЫ,T23_000000_t03Ved14.xlsx,66,5,False,DATA,658613
5,ВНЕОБОРОТНЫЕ АКТИВЫ,T23_000000_t03Ved14.xlsx,66,6,False,DATA,601509
5,ВНЕОБОРОТНЫЕ АКТИВЫ,T23_000000_t03Ved14.xlsx,67,0,False,OKVED_CODE,"деятельность административно-хозяйственная, вспомогательная деятельность по обеспечению функциониров"
5,ВНЕОБОРОТНЫЕ АКТИВЫ,T23_000000_t03Ved14.xlsx,67,1,False,OKVED_NAME,16299
5,ВНЕОБОРОТНЫЕ АКТИВЫ,T23_000000_t03Ved14.xlsx,67,2,False,DATA,15015
5,ВНЕОБОРОТНЫЕ АКТИВЫ,T23_000000_t03Ved14.xlsx,67,3,False,DATA,-
5,ВНЕОБОРОТНЫЕ АКТИВЫ,T23_000000_t03Ved14.xlsx,67,4,False,DATA,-
5,ВНЕОБОРОТНЫЕ АКТИВЫ,T23_000000_t03Ved14.xlsx,67,5,False,DATA,16299
5,ВНЕОБОРОТНЫЕ АКТИВЫ,T23_000000_t03Ved14.xlsx,67,6,False,DATA,15015
5,ВНЕОБОРОТНЫЕ АКТИВЫ,T23_000000_t03Ved14.xlsx,68,0,False,OKVED_CODE,"Государственное управление
и обеспечение военной безопасности; социальное обеспечение"
5,ВНЕОБОРОТНЫЕ АКТИВЫ,T23_000000_t03Ved14.xlsx,68,1,False,OKVED_NAME,22892
5,ВНЕОБОРОТНЫЕ АКТИВЫ,T23_000000_t03Ved14.xlsx,68,2,False,DATA,107369
5,ВНЕОБОРОТНЫЕ АКТИВЫ,T23_000000_t03Ved14.xlsx,68,3,False,DATA,10996
5,ВНЕОБОРОТНЫЕ АКТИВЫ,T23_000000_t03Ved14.xlsx,68,4,False,DATA,2261
5,ВНЕОБОРОТНЫЕ АКТИВЫ,T23_000000_t03Ved14.xlsx,68,5,False,DATA,11896
5,ВНЕОБОРОТНЫЕ АКТИВЫ,T23_000000_t03Ved14.xlsx,68,6,False,DATA,50989
5,ВНЕОБОРОТНЫЕ АКТИВЫ,T23_000000_t03Ved14.xlsx,69,0,False,OKVED_CODE,"деятельность органов государственного управления по обеспечению военной безопасности, обязательному "
5,ВНЕОБОРОТНЫЕ АКТИВЫ,T23_000000_t03Ved14.xlsx,69,1,False,OKVED_NAME,22892
5,ВНЕОБОРОТНЫЕ АКТИВЫ,T23_000000_t03Ved14.xlsx,69,2,False,DATA,107369
5,ВНЕОБОРОТНЫЕ АКТИВЫ,T23_000000_t03Ved14.xlsx,69,3,False,DATA,10996
5,ВНЕОБОРОТНЫЕ АКТИВЫ,T23_000000_t03Ved14.xlsx,69,4,False,DATA,2261
5,ВНЕОБОРОТНЫЕ АКТИВЫ,T23_000000_t03Ved14.xlsx,69,5,False,DATA,11896
5,ВНЕОБОРОТНЫЕ АКТИВЫ,T23_000000_t03Ved14.xlsx,69,6,False,DATA,50989
5,ВНЕОБОРОТНЫЕ АКТИВЫ,T23_000000_t03Ved14.xlsx,70,0,False,OKVED_CODE,Образование
5,ВНЕОБОРОТНЫЕ АКТИВЫ,T23_000000_t03Ved14.xlsx,70,1,False,OKVED_NAME,82
5,ВНЕОБОРОТНЫЕ АКТИВЫ,T23_000000_t03Ved14.xlsx,70,2,False,DATA,-
5,ВНЕОБОРОТНЫЕ АКТИВЫ,T23_000000_t03Ved14.xlsx,70,3,False,DATA,-
5,ВНЕОБОРОТНЫЕ АКТИВЫ,T23_000000_t03Ved14.xlsx,70,4,False,DATA,-
5,ВНЕОБОРОТНЫЕ АКТИВЫ,T23_000000_t03Ved14.xlsx,70,5,False,DATA,82
5,ВНЕОБОРОТНЫЕ АКТИВЫ,T23_000000_t03Ved14.xlsx,70,6,False,DATA,-
5,ВНЕОБОРОТНЫЕ АКТИВЫ,T23_000000_t03Ved14.xlsx,71,0,False,OKVED_CODE,образование
5,ВНЕОБОРОТНЫЕ АКТИВЫ,T23_000000_t03Ved14.xlsx,71,1,False,OKVED_NAME,82
5,ВНЕОБОРОТНЫЕ АКТИВЫ,T23_000000_t03Ved14.xlsx,71,2,False,DATA,-
5,ВНЕОБОРОТНЫЕ АКТИВЫ,T23_000000_t03Ved14.xlsx,71,3,False,DATA,-
5,ВНЕОБОРОТНЫЕ АКТИВЫ,T23_000000_t03Ved14.xlsx,71,4,False,DATA,-
5,ВНЕОБОРОТНЫЕ АКТИВЫ,T23_000000_t03Ved14.xlsx,71,5,False,DATA,82
5,ВНЕОБОРОТНЫЕ АКТИВЫ,T23_000000_t03Ved14.xlsx,71,6,False,DATA,-
5,ВНЕОБОРОТНЫЕ АКТИВЫ,T23_000000_t03Ved14.xlsx,72,0,False,OKVED_CODE,Деятельность в области здравоохранения и социальных услуг
5,ВНЕОБОРОТНЫЕ АКТИВЫ,T23_000000_t03Ved14.xlsx,72,1,False,OKVED_NAME,18600
5,ВНЕОБОРОТНЫЕ АКТИВЫ,T23_000000_t03Ved14.xlsx,72,2,False,DATA,85672
5,ВНЕОБОРОТНЫЕ АКТИВЫ,T23_000000_t03Ved14.xlsx,72,3,False,DATA,-
5,ВНЕОБОРОТНЫЕ АКТИВЫ,T23_000000_t03Ved14.xlsx,72,4,False,DATA,-
5,ВНЕОБОРОТНЫЕ АКТИВЫ,T23_000000_t03Ved14.xlsx,72,5,False,DATA,9027
5,ВНЕОБОРОТНЫЕ АКТИВЫ,T23_000000_t03Ved14.xlsx,72,6,False,DATA,73261
5,ВНЕОБОРОТНЫЕ АКТИВЫ,T23_000000_t03Ved14.xlsx,73,0,False,OKVED_CODE,деятельность в области здравоохранения
5,ВНЕОБОРОТНЫЕ АКТИВЫ,T23_000000_t03Ved14.xlsx,73,1,False,OKVED_NAME,18501
5,ВНЕОБОРОТНЫЕ АКТИВЫ,T23_000000_t03Ved14.xlsx,73,2,False,DATA,85573
5,ВНЕОБОРОТНЫЕ АКТИВЫ,T23_000000_t03Ved14.xlsx,73,3,False,DATA,-
5,ВНЕОБОРОТНЫЕ АКТИВЫ,T23_000000_t03Ved14.xlsx,73,4,False,DATA,-
5,ВНЕОБОРОТНЫЕ АКТИВЫ,T23_000000_t03Ved14.xlsx,73,5,False,DATA,8928
5,ВНЕОБОРОТНЫЕ АКТИВЫ,T23_000000_t03Ved14.xlsx,73,6,False,DATA,73162
5,ВНЕОБОРОТНЫЕ АКТИВЫ,T23_000000_t03Ved14.xlsx,74,0,False,OKVED_CODE,"предоставление социальных услуг
без обеспечения проживания"
5,ВНЕОБОРОТНЫЕ АКТИВЫ,T23_000000_t03Ved14.xlsx,74,1,False,OKVED_NAME,99
5,ВНЕОБОРОТНЫЕ АКТИВЫ,T23_000000_t03Ved14.xlsx,74,2,False,DATA,99
5,ВНЕОБОРОТНЫЕ АКТИВЫ,T23_000000_t03Ved14.xlsx,74,3,False,DATA,-
5,ВНЕОБОРОТНЫЕ АКТИВЫ,T23_000000_t03Ved14.xlsx,74,4,False,DATA,-
5,ВНЕОБОРОТНЫЕ АКТИВЫ,T23_000000_t03Ved14.xlsx,74,5,False,DATA,99
5,ВНЕОБОРОТНЫЕ АКТИВЫ,T23_000000_t03Ved14.xlsx,74,6,False,DATA,99
5,ВНЕОБОРОТНЫЕ АКТИВЫ,T23_000000_t03Ved14.xlsx,75,0,False,OKVED_CODE,Предоставление прочих видов услуг
5,ВНЕОБОРОТНЫЕ АКТИВЫ,T23_000000_t03Ved14.xlsx,75,1,False,OKVED_NAME,5021
5,ВНЕОБОРОТНЫЕ АКТИВЫ,T23_000000_t03Ved14.xlsx,75,2,False,DATA,3989
5,ВНЕОБОРОТНЫЕ АКТИВЫ,T23_000000_t03Ved14.xlsx,75,3,False,DATA,2
5,ВНЕОБОРОТНЫЕ АКТИВЫ,T23_000000_t03Ved14.xlsx,75,4,False,DATA,-
5,ВНЕОБОРОТНЫЕ АКТИВЫ,T23_000000_t03Ved14.xlsx,75,5,False,DATA,5019
5,ВНЕОБОРОТНЫЕ АКТИВЫ,T23_000000_t03Ved14.xlsx,75,6,False,DATA,3989
5,ВНЕОБОРОТНЫЕ АКТИВЫ,T23_000000_t03Ved14.xlsx,76,0,False,OKVED_CODE,деятельность общественных и прочих некоммерческих организаций
5,ВНЕОБОРОТНЫЕ АКТИВЫ,T23_000000_t03Ved14.xlsx,76,1,False,OKVED_NAME,1821
5,ВНЕОБОРОТНЫЕ АКТИВЫ,T23_000000_t03Ved14.xlsx,76,2,False,DATA,1137
5,ВНЕОБОРОТНЫЕ АКТИВЫ,T23_000000_t03Ved14.xlsx,76,3,False,DATA,2
5,ВНЕОБОРОТНЫЕ АКТИВЫ,T23_000000_t03Ved14.xlsx,76,4,False,DATA,-
5,ВНЕОБОРОТНЫЕ АКТИВЫ,T23_000000_t03Ved14.xlsx,76,5,False,DATA,1819
5,ВНЕОБОРОТНЫЕ АКТИВЫ,T23_000000_t03Ved14.xlsx,76,6,False,DATA,1137
5,ВНЕОБОРОТНЫЕ АКТИВЫ,T23_000000_t03Ved14.xlsx,77,0,False,OKVED_CODE,деятельность по предоставлению прочих персональных услуг
5,ВНЕОБОРОТНЫЕ АКТИВЫ,T23_000000_t03Ved14.xlsx,77,1,False,OKVED_NAME,3200
5,ВНЕОБОРОТНЫЕ АКТИВЫ,T23_000000_t03Ved14.xlsx,77,2,False,DATA,2852
5,ВНЕОБОРОТНЫЕ АКТИВЫ,T23_000000_t03Ved14.xlsx,77,3,False,DATA,-
5,ВНЕОБОРОТНЫЕ АКТИВЫ,T23_000000_t03Ved14.xlsx,77,4,False,DATA,-
5,ВНЕОБОРОТНЫЕ АКТИВЫ,T23_000000_t03Ved14.xlsx,77,5,False,DATA,3200
5,ВНЕОБОРОТНЫЕ АКТИВЫ,T23_000000_t03Ved14.xlsx,77,6,False,DATA,2852
6,UNKNOWN,UNKNOWN,0,0,True,HEADER,
6,UNKNOWN,UNKNOWN,0,1,True,HEADER,из них
6,UNKNOWN,UNKNOWN,0,2,True,HEADER,из них
6,UNKNOWN,UNKNOWN,0,3,True,HEADER,из них
6,UNKNOWN,UNKNOWN,0,4,True,HEADER,из них
6,UNKNOWN,UNKNOWN,0,5,True,HEADER,из них
6,UNKNOWN,UNKNOWN,0,6,True,HEADER,из них
6,UNKNOWN,UNKNOWN,1,0,True,HEADER,
6,UNKNOWN,UNKNOWN,1,1,True,HEADER,долгосрочные финансовые вложения
6,UNKNOWN,UNKNOWN,1,2,True,HEADER,долгосрочные финансовые вложения
6,UNKNOWN,UNKNOWN,1,3,True,HEADER,отложенные налоговые активы
6,UNKNOWN,UNKNOWN,1,4,True,HEADER,отложенные налоговые активы
6,UNKNOWN,UNKNOWN,1,5,True,HEADER,"прочие внеоборотные 
активы"
6,UNKNOWN,UNKNOWN,1,6,True,HEADER,"прочие внеоборотные 
активы"
6,UNKNOWN,UNKNOWN,2,0,False,OKVED_CODE,
6,UNKNOWN,UNKNOWN,2,1,False,OKVED_NAME,2022
6,UNKNOWN,UNKNOWN,2,2,False,DATA,2023
6,UNKNOWN,UNKNOWN,2,3,False,DATA,2022
6,UNKNOWN,UNKNOWN,2,4,False,DATA,2023
6,UNKNOWN,UNKNOWN,2,5,False,DATA,2022
6,UNKNOWN,UNKNOWN,2,6,False,DATA,2023
6,UNKNOWN,UNKNOWN,3,0,False,OKVED_CODE,Всего по обследуемым видам экономической деятельности
6,UNKNOWN,UNKNOWN,3,1,False,OKVED_NAME,42697108
6,UNKNOWN,UNKNOWN,3,2,False,DATA,71556650
6,UNKNOWN,UNKNOWN,3,3,False,DATA,12281457
6,UNKNOWN,UNKNOWN,3,4,False,DATA,14995561
6,UNKNOWN,UNKNOWN,3,5,False,DATA,14342628
6,UNKNOWN,UNKNOWN,3,6,False,DATA,17094693
6,UNKNOWN,UNKNOWN,4,0,False,OKVED_CODE,"Сельское, лесное хозяйство, охота, рыболовство и рыбоводство"
6,UNKNOWN,UNKNOWN,4,1,False,OKVED_NAME,20774662
6,UNKNOWN,UNKNOWN,4,2,False,DATA,40247412
6,UNKNOWN,UNKNOWN,4,3,False,DATA,1447015
6,UNKNOWN,UNKNOWN,4,4,False,DATA,2808252
6,UNKNOWN,UNKNOWN,4,5,False,DATA,3418838
6,UNKNOWN,UNKNOWN,4,6,False,DATA,4385339
6,UNKNOWN,UNKNOWN,5,0,False,OKVED_CODE,"растениеводство и животноводство, охота и предоставление соответствующих услуг 
в этих областях"
6,UNKNOWN,UNKNOWN,5,1,False,OKVED_NAME,73429
6,UNKNOWN,UNKNOWN,5,2,False,DATA,57700
6,UNKNOWN,UNKNOWN,5,3,False,DATA,13950
6,UNKNOWN,UNKNOWN,5,4,False,DATA,-
6,UNKNOWN,UNKNOWN,5,5,False,DATA,12261
6,UNKNOWN,UNKNOWN,5,6,False,DATA,13119
6,UNKNOWN,UNKNOWN,6,0,False,OKVED_CODE,рыболовство и рыбоводство
6,UNKNOWN,UNKNOWN,6,1,False,OKVED_NAME,20701233
6,UNKNOWN,UNKNOWN,6,2,False,DATA,40189712
6,UNKNOWN,UNKNOWN,6,3,False,DATA,1433065
6,UNKNOWN,UNKNOWN,6,4,False,DATA,2808252
6,UNKNOWN,UNKNOWN,6,5,False,DATA,3406577
6,UNKNOWN,UNKNOWN,6,6,False,DATA,4372220
6,UNKNOWN,UNKNOWN,7,0,False,OKVED_CODE,Добыча полезных ископаемых
6,UNKNOWN,UNKNOWN,7,1,False,OKVED_NAME,12452838
6,UNKNOWN,UNKNOWN,7,2,False,DATA,19022323
6,UNKNOWN,UNKNOWN,7,3,False,DATA,4075711
6,UNKNOWN,UNKNOWN,7,4,False,DATA,7146168
6,UNKNOWN,UNKNOWN,7,5,False,DATA,2908208
6,UNKNOWN,UNKNOWN,7,6,False,DATA,3353056
6,UNKNOWN,UNKNOWN,8,0,False,OKVED_CODE,добыча металлических руд
6,UNKNOWN,UNKNOWN,8,1,False,OKVED_NAME,12452838
6,UNKNOWN,UNKNOWN,8,2,False,DATA,19022323
6,UNKNOWN,UNKNOWN,8,3,False,DATA,4075711
6,UNKNOWN,UNKNOWN,8,4,False,DATA,7146168
6,UNKNOWN,UNKNOWN,8,5,False,DATA,2908208
6,UNKNOWN,UNKNOWN,8,6,False,DATA,3353056
6,UNKNOWN,UNKNOWN,9,0,False,OKVED_CODE,Обрабатывающие производства
6,UNKNOWN,UNKNOWN,9,1,False,OKVED_NAME,1145368
6,UNKNOWN,UNKNOWN,9,2,False,DATA,2652474
6,UNKNOWN,UNKNOWN,9,3,False,DATA,242448
6,UNKNOWN,UNKNOWN,9,4,False,DATA,201941
6,UNKNOWN,UNKNOWN,9,5,False,DATA,671223
6,UNKNOWN,UNKNOWN,9,6,False,DATA,1734682
6,UNKNOWN,UNKNOWN,10,0,False,OKVED_CODE,производство пищевых продуктов
6,UNKNOWN,UNKNOWN,10,1,False,OKVED_NAME,662255
6,UNKNOWN,UNKNOWN,10,2,False,DATA,2188930
6,UNKNOWN,UNKNOWN,10,3,False,DATA,96994
6,UNKNOWN,UNKNOWN,10,4,False,DATA,77756
6,UNKNOWN,UNKNOWN,10,5,False,DATA,503984
6,UNKNOWN,UNKNOWN,10,6,False,DATA,1577301
6,UNKNOWN,UNKNOWN,11,0,False,OKVED_CODE,производство напитков
6,UNKNOWN,UNKNOWN,11,1,False,OKVED_NAME,463544
6,UNKNOWN,UNKNOWN,11,2,False,DATA,463544
6,UNKNOWN,UNKNOWN,11,3,False,DATA,928
6,UNKNOWN,UNKNOWN,11,4,False,DATA,543
6,UNKNOWN,UNKNOWN,11,5,False,DATA,134
6,UNKNOWN,UNKNOWN,11,6,False,DATA,134
6,UNKNOWN,UNKNOWN,12,0,False,OKVED_CODE,производство прочих готовых изделий
6,UNKNOWN,UNKNOWN,12,1,False,OKVED_NAME,-
6,UNKNOWN,UNKNOWN,12,2,False,DATA,-
6,UNKNOWN,UNKNOWN,12,3,False,DATA,-
6,UNKNOWN,UNKNOWN,12,4,False,DATA,-
6,UNKNOWN,UNKNOWN,12,5,False,DATA,441
6,UNKNOWN,UNKNOWN,12,6,False,DATA,130
6,UNKNOWN,UNKNOWN,13,0,False,OKVED_CODE,"ремонт и монтаж машин
и оборудования"
6,UNKNOWN,UNKNOWN,13,1,False,OKVED_NAME,19569
6,UNKNOWN,UNKNOWN,13,2,False,DATA,-
6,UNKNOWN,UNKNOWN,13,3,False,DATA,144526
6,UNKNOWN,UNKNOWN,13,4,False,DATA,123642
6,UNKNOWN,UNKNOWN,13,5,False,DATA,166664
6,UNKNOWN,UNKNOWN,13,6,False,DATA,157117
6,UNKNOWN,UNKNOWN,14,0,False,OKVED_CODE,"Обеспечение электрической энергией, газом и паром; кондиционирование воздуха"
6,UNKNOWN,UNKNOWN,14,1,False,OKVED_NAME,577859
6,UNKNOWN,UNKNOWN,14,2,False,DATA,619487
6,UNKNOWN,UNKNOWN,14,3,False,DATA,773951
6,UNKNOWN,UNKNOWN,14,4,False,DATA,1190300
6,UNKNOWN,UNKNOWN,14,5,False,DATA,1873643
6,UNKNOWN,UNKNOWN,14,6,False,DATA,1725006
6,UNKNOWN,UNKNOWN,15,0,False,OKVED_CODE,"обеспечение электрической энергией, газом и паром; кондиционирование воздуха"
6,UNKNOWN,UNKNOWN,15,1,False,OKVED_NAME,577859
6,UNKNOWN,UNKNOWN,15,2,False,DATA,619487
6,UNKNOWN,UNKNOWN,15,3,False,DATA,773951
6,UNKNOWN,UNKNOWN,15,4,False,DATA,1190300
6,UNKNOWN,UNKNOWN,15,5,False,DATA,1873643
6,UNKNOWN,UNKNOWN,15,6,False,DATA,1725006
6,UNKNOWN,UNKNOWN,16,0,False,OKVED_CODE,
6,UNKNOWN,UNKNOWN,16,1,False,OKVED_NAME,
6,UNKNOWN,UNKNOWN,16,2,False,EMPTY,
6,UNKNOWN,UNKNOWN,16,3,False,EMPTY,
6,UNKNOWN,UNKNOWN,16,4,False,EMPTY,
6,UNKNOWN,UNKNOWN,16,5,False,EMPTY,
6,UNKNOWN,UNKNOWN,16,6,False,EMPTY,
6,UNKNOWN,UNKNOWN,17,0,False,OKVED_CODE,
6,UNKNOWN,UNKNOWN,17,1,False,OKVED_NAME,
6,UNKNOWN,UNKNOWN,17,2,False,EMPTY,
6,UNKNOWN,UNKNOWN,17,3,False,EMPTY,
6,UNKNOWN,UNKNOWN,17,4,False,EMPTY,
6,UNKNOWN,UNKNOWN,17,5,False,EMPTY,
6,UNKNOWN,UNKNOWN,17,6,False,EMPTY,
6,UNKNOWN,UNKNOWN,18,0,False,OKVED_CODE,
6,UNKNOWN,UNKNOWN,18,1,False,OKVED_NAME,
6,UNKNOWN,UNKNOWN,18,2,False,EMPTY,
6,UNKNOWN,UNKNOWN,18,3,False,EMPTY,
6,UNKNOWN,UNKNOWN,18,4,False,EMPTY,
6,UNKNOWN,UNKNOWN,18,5,False,EMPTY,
6,UNKNOWN,UNKNOWN,18,6,False,EMPTY,
6,UNKNOWN,UNKNOWN,19,0,False,OKVED_CODE,
6,UNKNOWN,UNKNOWN,19,1,False,OKVED_NAME,
6,UNKNOWN,UNKNOWN,19,2,False,EMPTY,
6,UNKNOWN,UNKNOWN,19,3,False,EMPTY,
6,UNKNOWN,UNKNOWN,19,4,False,EMPTY,
6,UNKNOWN,UNKNOWN,19,5,False,DATA,Продолжение таблицы 3.
6,UNKNOWN,UNKNOWN,19,6,False,DATA,Продолжение таблицы 3.
6,UNKNOWN,UNKNOWN,20,0,False,OKVED_CODE,
6,UNKNOWN,UNKNOWN,20,1,False,OKVED_NAME,из них
6,UNKNOWN,UNKNOWN,20,2,False,DATA,из них
6,UNKNOWN,UNKNOWN,20,3,False,DATA,из них
6,UNKNOWN,UNKNOWN,20,4,False,DATA,из них
6,UNKNOWN,UNKNOWN,20,5,False,DATA,из них
6,UNKNOWN,UNKNOWN,20,6,False,DATA,из них
6,UNKNOWN,UNKNOWN,21,0,False,OKVED_CODE,
6,UNKNOWN,UNKNOWN,21,1,False,OKVED_NAME,"долгосрочные финансовые 
вложения"
6,UNKNOWN,UNKNOWN,21,2,False,DATA,"долгосрочные финансовые 
вложения"
6,UNKNOWN,UNKNOWN,21,3,False,DATA,"отложенные налоговые
активы"
6,UNKNOWN,UNKNOWN,21,4,False,DATA,"отложенные налоговые
активы"
6,UNKNOWN,UNKNOWN,21,5,False,DATA,"прочие внеоборотные
активы"
6,UNKNOWN,UNKNOWN,21,6,False,DATA,"прочие внеоборотные
активы"
6,UNKNOWN,UNKNOWN,22,0,False,OKVED_CODE,
6,UNKNOWN,UNKNOWN,22,1,False,OKVED_NAME,2022
6,UNKNOWN,UNKNOWN,22,2,False,DATA,2023
6,UNKNOWN,UNKNOWN,22,3,False,DATA,2022
6,UNKNOWN,UNKNOWN,22,4,False,DATA,2023
6,UNKNOWN,UNKNOWN,22,5,False,DATA,2022
6,UNKNOWN,UNKNOWN,22,6,False,DATA,2023
6,UNKNOWN,UNKNOWN,23,0,False,OKVED_CODE,"Водоснабжение; водоотведение, организация сбора и утилизации отходов, деятельность 
по ликвидации за"
6,UNKNOWN,UNKNOWN,23,1,False,OKVED_NAME,4
6,UNKNOWN,UNKNOWN,23,2,False,DATA,-
6,UNKNOWN,UNKNOWN,23,3,False,DATA,247017
6,UNKNOWN,UNKNOWN,23,4,False,DATA,236875
6,UNKNOWN,UNKNOWN,23,5,False,DATA,699610
6,UNKNOWN,UNKNOWN,23,6,False,DATA,855740
6,UNKNOWN,UNKNOWN,24,0,False,OKVED_CODE,"забор, очистка и распределение воды"
6,UNKNOWN,UNKNOWN,24,1,False,OKVED_NAME,4
6,UNKNOWN,UNKNOWN,24,2,False,DATA,-
6,UNKNOWN,UNKNOWN,24,3,False,DATA,247017
6,UNKNOWN,UNKNOWN,24,4,False,DATA,236875
6,UNKNOWN,UNKNOWN,24,5,False,DATA,699610
6,UNKNOWN,UNKNOWN,24,6,False,DATA,855740
6,UNKNOWN,UNKNOWN,25,0,False,OKVED_CODE,Строительство
6,UNKNOWN,UNKNOWN,25,1,False,OKVED_NAME,-
6,UNKNOWN,UNKNOWN,25,2,False,DATA,-
6,UNKNOWN,UNKNOWN,25,3,False,DATA,188859
6,UNKNOWN,UNKNOWN,25,4,False,DATA,304577
6,UNKNOWN,UNKNOWN,25,5,False,DATA,9419
6,UNKNOWN,UNKNOWN,25,6,False,DATA,5874
6,UNKNOWN,UNKNOWN,26,0,False,OKVED_CODE,строительство зданий
6,UNKNOWN,UNKNOWN,26,1,False,OKVED_NAME,-
6,UNKNOWN,UNKNOWN,26,2,False,DATA,-
6,UNKNOWN,UNKNOWN,26,3,False,DATA,124931
6,UNKNOWN,UNKNOWN,26,4,False,DATA,202017
6,UNKNOWN,UNKNOWN,26,5,False,DATA,-
6,UNKNOWN,UNKNOWN,26,6,False,DATA,-
6,UNKNOWN,UNKNOWN,27,0,False,OKVED_CODE,строительство инженерных сооружений
6,UNKNOWN,UNKNOWN,27,1,False,OKVED_NAME,-
6,UNKNOWN,UNKNOWN,27,2,False,DATA,-
6,UNKNOWN,UNKNOWN,27,3,False,DATA,62778
6,UNKNOWN,UNKNOWN,27,4,False,DATA,101197
6,UNKNOWN,UNKNOWN,27,5,False,DATA,9419
6,UNKNOWN,UNKNOWN,27,6,False,DATA,5874
6,UNKNOWN,UNKNOWN,28,0,False,OKVED_CODE,работы строительные специализированные
6,UNKNOWN,UNKNOWN,28,1,False,OKVED_NAME,-
6,UNKNOWN,UNKNOWN,28,2,False,DATA,-
6,UNKNOWN,UNKNOWN,28,3,False,DATA,1150
6,UNKNOWN,UNKNOWN,28,4,False,DATA,1363
6,UNKNOWN,UNKNOWN,28,5,False,DATA,-
6,UNKNOWN,UNKNOWN,28,6,False,DATA,-
6,UNKNOWN,UNKNOWN,29,0,False,OKVED_CODE,"Торговля оптовая и розничная; ремонт автотранспортных средств
и мотоциклов"
6,UNKNOWN,UNKNOWN,29,1,False,OKVED_NAME,321851
6,UNKNOWN,UNKNOWN,29,2,False,DATA,1064689
6,UNKNOWN,UNKNOWN,29,3,False,DATA,1453192
6,UNKNOWN,UNKNOWN,29,4,False,DATA,1475567
6,UNKNOWN,UNKNOWN,29,5,False,DATA,30079
6,UNKNOWN,UNKNOWN,29,6,False,DATA,48454
6,UNKNOWN,UNKNOWN,30,0,False,OKVED_CODE,"торговля оптовая, кроме оптовой торговли автотранспортными средствами и мотоциклами"
6,UNKNOWN,UNKNOWN,30,1,False,OKVED_NAME,273384
6,UNKNOWN,UNKNOWN,30,2,False,DATA,1022027
6,UNKNOWN,UNKNOWN,30,3,False,DATA,1381156
6,UNKNOWN,UNKNOWN,30,4,False,DATA,1407535
6,UNKNOWN,UNKNOWN,30,5,False,DATA,17754
6,UNKNOWN,UNKNOWN,30,6,False,DATA,18543
6,UNKNOWN,UNKNOWN,31,0,False,OKVED_CODE,"торговля розничная, кроме торговли автотранспортными средствами
и мотоциклами"
6,UNKNOWN,UNKNOWN,31,1,False,OKVED_NAME,48467
6,UNKNOWN,UNKNOWN,31,2,False,DATA,42662
6,UNKNOWN,UNKNOWN,31,3,False,DATA,72036
6,UNKNOWN,UNKNOWN,31,4,False,DATA,68032
6,UNKNOWN,UNKNOWN,31,5,False,DATA,12325
6,UNKNOWN,UNKNOWN,31,6,False,DATA,29911
6,UNKNOWN,UNKNOWN,32,0,False,OKVED_CODE,Транспортировка и хранение
6,UNKNOWN,UNKNOWN,32,1,False,OKVED_NAME,869680
6,UNKNOWN,UNKNOWN,32,2,False,DATA,1142330
6,UNKNOWN,UNKNOWN,32,3,False,DATA,300359
6,UNKNOWN,UNKNOWN,32,4,False,DATA,355752
6,UNKNOWN,UNKNOWN,32,5,False,DATA,3883116
6,UNKNOWN,UNKNOWN,32,6,False,DATA,4015764
6,UNKNOWN,UNKNOWN,33,0,False,OKVED_CODE,"деятельность сухопутного
и трубопроводного транспорта"
6,UNKNOWN,UNKNOWN,33,1,False,OKVED_NAME,-
6,UNKNOWN,UNKNOWN,33,2,False,DATA,-
6,UNKNOWN,UNKNOWN,33,3,False,DATA,898
6,UNKNOWN,UNKNOWN,33,4,False,DATA,921
6,UNKNOWN,UNKNOWN,33,5,False,DATA,-
6,UNKNOWN,UNKNOWN,33,6,False,DATA,7
6,UNKNOWN,UNKNOWN,34,0,False,OKVED_CODE,деятельность водного транспорта
6,UNKNOWN,UNKNOWN,34,1,False,OKVED_NAME,-
6,UNKNOWN,UNKNOWN,34,2,False,DATA,-
6,UNKNOWN,UNKNOWN,34,3,False,DATA,16992
6,UNKNOWN,UNKNOWN,34,4,False,DATA,20965
6,UNKNOWN,UNKNOWN,34,5,False,DATA,-
6,UNKNOWN,UNKNOWN,34,6,False,DATA,-
6,UNKNOWN,UNKNOWN,35,0,False,OKVED_CODE,"деятельность воздушного 
и космического транспорта"
6,UNKNOWN,UNKNOWN,35,1,False,OKVED_NAME,-
6,UNKNOWN,UNKNOWN,35,2,False,DATA,6000
6,UNKNOWN,UNKNOWN,35,3,False,DATA,54350
6,UNKNOWN,UNKNOWN,35,4,False,DATA,47715
6,UNKNOWN,UNKNOWN,35,5,False,DATA,64705
6,UNKNOWN,UNKNOWN,35,6,False,DATA,255669
7,UNKNOWN,UNKNOWN,0,0,False,OKVED_CODE,
7,UNKNOWN,UNKNOWN,0,1,False,OKVED_NAME,
7,UNKNOWN,UNKNOWN,0,2,False,EMPTY,
7,UNKNOWN,UNKNOWN,0,3,False,EMPTY,
7,UNKNOWN,UNKNOWN,0,4,False,EMPTY,
7,UNKNOWN,UNKNOWN,0,5,False,EMPTY,
7,UNKNOWN,UNKNOWN,0,6,False,DATA,Продолжение таблицы 3.
7,UNKNOWN,UNKNOWN,0,7,False,DATA,Продолжение таблицы 3.
7,UNKNOWN,UNKNOWN,1,0,False,OKVED_CODE,
7,UNKNOWN,UNKNOWN,1,1,False,OKVED_NAME,из них
7,UNKNOWN,UNKNOWN,1,2,False,DATA,из них
7,UNKNOWN,UNKNOWN,1,3,False,DATA,из них
7,UNKNOWN,UNKNOWN,1,4,False,DATA,из них
7,UNKNOWN,UNKNOWN,1,5,False,DATA,из них
7,UNKNOWN,UNKNOWN,1,6,False,DATA,из них
7,UNKNOWN,UNKNOWN,1,7,False,DATA,из них
7,UNKNOWN,UNKNOWN,2,0,False,OKVED_CODE,
7,UNKNOWN,UNKNOWN,2,1,False,OKVED_NAME,"долгосрочные финансовые 
вложения"
7,UNKNOWN,UNKNOWN,2,2,False,DATA,"долгосрочные финансовые 
вложения"
7,UNKNOWN,UNKNOWN,2,3,False,DATA,"долгосрочные финансовые 
вложения"
7,UNKNOWN,UNKNOWN,2,4,False,DATA,"отложенные налоговые
активы"
7,UNKNOWN,UNKNOWN,2,5,False,DATA,"отложенные налоговые
активы"
7,UNKNOWN,UNKNOWN,2,6,False,DATA,"прочие внеоборотные
активы"
7,UNKNOWN,UNKNOWN,2,7,False,DATA,"прочие внеоборотные
активы"
7,UNKNOWN,UNKNOWN,3,0,False,OKVED_CODE,
7,UNKNOWN,UNKNOWN,3,1,False,OKVED_NAME,2022
7,UNKNOWN,UNKNOWN,3,2,False,DATA,2023
7,UNKNOWN,UNKNOWN,3,3,False,DATA,2023
7,UNKNOWN,UNKNOWN,3,4,False,DATA,2022
7,UNKNOWN,UNKNOWN,3,5,False,DATA,2023
7,UNKNOWN,UNKNOWN,3,6,False,DATA,2022
7,UNKNOWN,UNKNOWN,3,7,False,DATA,2023
7,UNKNOWN,UNKNOWN,4,0,False,OKVED_CODE,"складское хозяйство 
и вспомогательная транспортная деятельность"
7,UNKNOWN,UNKNOWN,4,1,False,OKVED_NAME,869680
7,UNKNOWN,UNKNOWN,4,2,False,DATA,1136330
7,UNKNOWN,UNKNOWN,4,3,False,DATA,1136330
7,UNKNOWN,UNKNOWN,4,4,False,DATA,228119
7,UNKNOWN,UNKNOWN,4,5,False,DATA,286151
7,UNKNOWN,UNKNOWN,4,6,False,DATA,3818411
7,UNKNOWN,UNKNOWN,4,7,False,DATA,3760088
7,UNKNOWN,UNKNOWN,5,0,False,OKVED_CODE,"складское хозяйство 
и вспомогательная транспортная деятельность"
7,UNKNOWN,UNKNOWN,5,1,False,OKVED_NAME,869680
7,UNKNOWN,UNKNOWN,5,2,False,DATA,1136330
7,UNKNOWN,UNKNOWN,5,3,False,DATA,1136330
7,UNKNOWN,UNKNOWN,5,4,False,DATA,228119
7,UNKNOWN,UNKNOWN,5,5,False,DATA,286151
7,UNKNOWN,UNKNOWN,5,6,False,DATA,3818411
7,UNKNOWN,UNKNOWN,5,7,False,DATA,3760088
7,UNKNOWN,UNKNOWN,6,0,False,OKVED_CODE,"Деятельность гостиниц
и предприятий общественного питания"
7,UNKNOWN,UNKNOWN,6,1,False,OKVED_NAME,15018
7,UNKNOWN,UNKNOWN,6,2,False,DATA,15097
7,UNKNOWN,UNKNOWN,6,3,False,DATA,15097
7,UNKNOWN,UNKNOWN,6,4,False,DATA,71350
7,UNKNOWN,UNKNOWN,6,5,False,DATA,90803
7,UNKNOWN,UNKNOWN,6,6,False,DATA,805426
7,UNKNOWN,UNKNOWN,6,7,False,DATA,852652
7,UNKNOWN,UNKNOWN,7,0,False,OKVED_CODE,деятельность по предоставлению мест для временного проживания
7,UNKNOWN,UNKNOWN,7,1,False,OKVED_NAME,15018
7,UNKNOWN,UNKNOWN,7,2,False,DATA,15097
7,UNKNOWN,UNKNOWN,7,3,False,DATA,15097
7,UNKNOWN,UNKNOWN,7,4,False,DATA,71350
7,UNKNOWN,UNKNOWN,7,5,False,DATA,90803
7,UNKNOWN,UNKNOWN,7,6,False,DATA,805426
7,UNKNOWN,UNKNOWN,7,7,False,DATA,852652
7,UNKNOWN,UNKNOWN,8,0,False,OKVED_CODE,"Деятельность финансовая
и страховая"
7,UNKNOWN,UNKNOWN,8,1,False,OKVED_NAME,5623307
7,UNKNOWN,UNKNOWN,8,2,False,DATA,5621861
7,UNKNOWN,UNKNOWN,8,3,False,DATA,5621861
7,UNKNOWN,UNKNOWN,8,4,False,DATA,2774834
7,UNKNOWN,UNKNOWN,8,5,False,DATA,303677
7,UNKNOWN,UNKNOWN,8,6,False,DATA,-
7,UNKNOWN,UNKNOWN,8,7,False,DATA,-
7,UNKNOWN,UNKNOWN,9,0,False,OKVED_CODE,"деятельность по предоставлению финансовых услуг, кроме услуг 
по страхованию и пенсионному обеспечен"
7,UNKNOWN,UNKNOWN,9,1,False,OKVED_NAME,5623307
7,UNKNOWN,UNKNOWN,9,2,False,DATA,5621861
7,UNKNOWN,UNKNOWN,9,3,False,DATA,5621861
7,UNKNOWN,UNKNOWN,9,4,False,DATA,2774834
7,UNKNOWN,UNKNOWN,9,5,False,DATA,303677
7,UNKNOWN,UNKNOWN,9,6,False,DATA,-
7,UNKNOWN,UNKNOWN,9,7,False,DATA,-
7,UNKNOWN,UNKNOWN,10,0,False,OKVED_CODE,"Деятельность по операциям 
с недвижимым имуществом"
7,UNKNOWN,UNKNOWN,10,1,False,OKVED_NAME,19283
7,UNKNOWN,UNKNOWN,10,2,False,DATA,24289
7,UNKNOWN,UNKNOWN,10,3,False,DATA,24289
7,UNKNOWN,UNKNOWN,10,4,False,DATA,119929
7,UNKNOWN,UNKNOWN,10,5,False,DATA,120054
7,UNKNOWN,UNKNOWN,10,6,False,DATA,42294
7,UNKNOWN,UNKNOWN,10,7,False,DATA,39949
7,UNKNOWN,UNKNOWN,11,0,False,OKVED_CODE,операции с недвижимым имуществом
7,UNKNOWN,UNKNOWN,11,1,False,OKVED_NAME,19283
7,UNKNOWN,UNKNOWN,11,2,False,DATA,24289
7,UNKNOWN,UNKNOWN,11,3,False,DATA,24289
7,UNKNOWN,UNKNOWN,11,4,False,DATA,119929
7,UNKNOWN,UNKNOWN,11,5,False,DATA,120054
7,UNKNOWN,UNKNOWN,11,6,False,DATA,42294
7,UNKNOWN,UNKNOWN,11,7,False,DATA,39949
7,UNKNOWN,UNKNOWN,12,0,False,OKVED_CODE,"Деятельность профессиональная, научная и техническая"
7,UNKNOWN,UNKNOWN,12,1,False,OKVED_NAME,897238
7,UNKNOWN,UNKNOWN,12,2,False,DATA,1079088
7,UNKNOWN,UNKNOWN,12,3,False,DATA,1079088
7,UNKNOWN,UNKNOWN,12,4,False,DATA,373111
7,UNKNOWN,UNKNOWN,12,5,False,DATA,514126
7,UNKNOWN,UNKNOWN,12,6,False,DATA,771
7,UNKNOWN,UNKNOWN,12,7,False,DATA,443
7,UNKNOWN,UNKNOWN,13,0,False,OKVED_CODE,"деятельность в области права
и бухгалтерского учета"
7,UNKNOWN,UNKNOWN,13,1,False,OKVED_NAME,-
7,UNKNOWN,UNKNOWN,13,2,False,DATA,-
7,UNKNOWN,UNKNOWN,13,3,False,DATA,-
7,UNKNOWN,UNKNOWN,13,4,False,DATA,67056
7,UNKNOWN,UNKNOWN,13,5,False,DATA,67773
7,UNKNOWN,UNKNOWN,13,6,False,DATA,180
7,UNKNOWN,UNKNOWN,13,7,False,DATA,-
7,UNKNOWN,UNKNOWN,14,0,False,OKVED_CODE,деятельность головных офисов; консультирование по вопросам управления
7,UNKNOWN,UNKNOWN,14,1,False,OKVED_NAME,897228
7,UNKNOWN,UNKNOWN,14,2,False,DATA,1079078
7,UNKNOWN,UNKNOWN,14,3,False,DATA,1079078
7,UNKNOWN,UNKNOWN,14,4,False,DATA,73309
7,UNKNOWN,UNKNOWN,14,5,False,DATA,139132
7,UNKNOWN,UNKNOWN,14,6,False,DATA,312
7,UNKNOWN,UNKNOWN,14,7,False,DATA,95
7,UNKNOWN,UNKNOWN,15,0,False,OKVED_CODE,
7,UNKNOWN,UNKNOWN,15,1,False,OKVED_NAME,
7,UNKNOWN,UNKNOWN,15,2,False,EMPTY,
7,UNKNOWN,UNKNOWN,15,3,False,EMPTY,
7,UNKNOWN,UNKNOWN,15,4,False,EMPTY,
7,UNKNOWN,UNKNOWN,15,5,False,EMPTY,
7,UNKNOWN,UNKNOWN,15,6,False,EMPTY,
7,UNKNOWN,UNKNOWN,15,7,False,EMPTY,
7,UNKNOWN,UNKNOWN,16,0,False,OKVED_CODE,
7,UNKNOWN,UNKNOWN,16,1,False,OKVED_NAME,
7,UNKNOWN,UNKNOWN,16,2,False,EMPTY,
7,UNKNOWN,UNKNOWN,16,3,False,EMPTY,
7,UNKNOWN,UNKNOWN,16,4,False,EMPTY,
7,UNKNOWN,UNKNOWN,16,5,False,EMPTY,
7,UNKNOWN,UNKNOWN,16,6,False,EMPTY,
7,UNKNOWN,UNKNOWN,16,7,False,EMPTY,
7,UNKNOWN,UNKNOWN,17,0,False,OKVED_CODE,
7,UNKNOWN,UNKNOWN,17,1,False,OKVED_NAME,
7,UNKNOWN,UNKNOWN,17,2,False,EMPTY,
7,UNKNOWN,UNKNOWN,17,3,False,EMPTY,
7,UNKNOWN,UNKNOWN,17,4,False,EMPTY,
7,UNKNOWN,UNKNOWN,17,5,False,EMPTY,
7,UNKNOWN,UNKNOWN,17,6,False,DATA,Продолжение таблицы 3.
7,UNKNOWN,UNKNOWN,17,7,False,DATA,Продолжение таблицы 3.
7,UNKNOWN,UNKNOWN,18,0,False,OKVED_CODE,
7,UNKNOWN,UNKNOWN,18,1,False,OKVED_NAME,из них
7,UNKNOWN,UNKNOWN,18,2,False,DATA,из них
7,UNKNOWN,UNKNOWN,18,3,False,DATA,из них
7,UNKNOWN,UNKNOWN,18,4,False,DATA,из них
7,UNKNOWN,UNKNOWN,18,5,False,DATA,из них
7,UNKNOWN,UNKNOWN,18,6,False,DATA,из них
7,UNKNOWN,UNKNOWN,18,7,False,DATA,из них
7,UNKNOWN,UNKNOWN,19,0,False,OKVED_CODE,
7,UNKNOWN,UNKNOWN,19,1,False,OKVED_NAME,"долгосрочные финансовые 
вложения"
7,UNKNOWN,UNKNOWN,19,2,False,DATA,"долгосрочные финансовые 
вложения"
7,UNKNOWN,UNKNOWN,19,3,False,DATA,"долгосрочные финансовые 
вложения"
7,UNKNOWN,UNKNOWN,19,4,False,DATA,"отложенные налоговые
активы"
7,UNKNOWN,UNKNOWN,19,5,False,DATA,"отложенные налоговые
активы"
7,UNKNOWN,UNKNOWN,19,6,False,DATA,"прочие внеоборотные
активы"
7,UNKNOWN,UNKNOWN,19,7,False,DATA,"прочие внеоборотные
активы"
7,UNKNOWN,UNKNOWN,20,0,False,OKVED_CODE,
7,UNKNOWN,UNKNOWN,20,1,False,OKVED_NAME,2022
7,UNKNOWN,UNKNOWN,20,2,False,DATA,2022
7,UNKNOWN,UNKNOWN,20,3,False,DATA,2023
7,UNKNOWN,UNKNOWN,20,4,False,DATA,2022
7,UNKNOWN,UNKNOWN,20,5,False,DATA,2023
7,UNKNOWN,UNKNOWN,20,6,False,DATA,2022
7,UNKNOWN,UNKNOWN,20,7,False,DATA,2023
7,UNKNOWN,UNKNOWN,21,0,False,OKVED_CODE,"деятельность в области архитектуры и инженерно-технического проектирования; технических испытаний, и"
7,UNKNOWN,UNKNOWN,21,1,False,OKVED_NAME,10
7,UNKNOWN,UNKNOWN,21,2,False,DATA,10
7,UNKNOWN,UNKNOWN,21,3,False,DATA,10
7,UNKNOWN,UNKNOWN,21,4,False,DATA,232746
7,UNKNOWN,UNKNOWN,21,5,False,DATA,307221
7,UNKNOWN,UNKNOWN,21,6,False,DATA,-
7,UNKNOWN,UNKNOWN,21,7,False,DATA,149
7,UNKNOWN,UNKNOWN,22,0,False,OKVED_CODE,деятельность профессиональная научная и техническая прочая
7,UNKNOWN,UNKNOWN,22,1,False,OKVED_NAME,-
7,UNKNOWN,UNKNOWN,22,2,False,DATA,-
7,UNKNOWN,UNKNOWN,22,3,False,DATA,-
7,UNKNOWN,UNKNOWN,22,4,False,DATA,-
7,UNKNOWN,UNKNOWN,22,5,False,DATA,-
7,UNKNOWN,UNKNOWN,22,6,False,DATA,279
7,UNKNOWN,UNKNOWN,22,7,False,DATA,199
7,UNKNOWN,UNKNOWN,23,0,False,OKVED_CODE,"Деятельность административная
и сопутствующие дополнительные услуги"
7,UNKNOWN,UNKNOWN,23,1,False,OKVED_NAME,-
7,UNKNOWN,UNKNOWN,23,2,False,DATA,-
7,UNKNOWN,UNKNOWN,23,3,False,DATA,67600
7,UNKNOWN,UNKNOWN,23,4,False,DATA,204108
7,UNKNOWN,UNKNOWN,23,5,False,DATA,235058
7,UNKNOWN,UNKNOWN,23,6,False,DATA,1
7,UNKNOWN,UNKNOWN,23,7,False,DATA,23615
7,UNKNOWN,UNKNOWN,24,0,False,OKVED_CODE,аренда и лизинг
7,UNKNOWN,UNKNOWN,24,1,False,OKVED_NAME,-
7,UNKNOWN,UNKNOWN,24,2,False,DATA,-
7,UNKNOWN,UNKNOWN,24,3,False,DATA,67600
7,UNKNOWN,UNKNOWN,24,4,False,DATA,-
7,UNKNOWN,UNKNOWN,24,5,False,DATA,-
7,UNKNOWN,UNKNOWN,24,6,False,DATA,-
7,UNKNOWN,UNKNOWN,24,7,False,DATA,-
7,UNKNOWN,UNKNOWN,25,0,False,OKVED_CODE,"деятельность туристических агентств и прочих организаций, предоставляющих услуги в сфере туризма"
7,UNKNOWN,UNKNOWN,25,1,False,OKVED_NAME,-
7,UNKNOWN,UNKNOWN,25,2,False,DATA,-
7,UNKNOWN,UNKNOWN,25,3,False,DATA,-
7,UNKNOWN,UNKNOWN,25,4,False,DATA,259
7,UNKNOWN,UNKNOWN,25,5,False,DATA,1635
7,UNKNOWN,UNKNOWN,25,6,False,DATA,1
7,UNKNOWN,UNKNOWN,25,7,False,DATA,23615
7,UNKNOWN,UNKNOWN,26,0,False,OKVED_CODE,деятельность по обслуживанию зданий и территорий
7,UNKNOWN,UNKNOWN,26,1,False,OKVED_NAME,-
7,UNKNOWN,UNKNOWN,26,2,False,DATA,-
7,UNKNOWN,UNKNOWN,26,3,False,DATA,-
7,UNKNOWN,UNKNOWN,26,4,False,DATA,203849
7,UNKNOWN,UNKNOWN,26,5,False,DATA,233423
7,UNKNOWN,UNKNOWN,26,6,False,DATA,-
7,UNKNOWN,UNKNOWN,26,7,False,DATA,-
7,UNKNOWN,UNKNOWN,27,0,False,OKVED_CODE,"Государственное управление 
и обеспечение военной безопасности; социальное обеспечение"
7,UNKNOWN,UNKNOWN,27,1,False,OKVED_NAME,-
7,UNKNOWN,UNKNOWN,27,2,False,DATA,-
7,UNKNOWN,UNKNOWN,27,3,False,DATA,-
7,UNKNOWN,UNKNOWN,27,4,False,DATA,-
7,UNKNOWN,UNKNOWN,27,5,False,DATA,-
7,UNKNOWN,UNKNOWN,27,6,False,DATA,-
7,UNKNOWN,UNKNOWN,27,7,False,DATA,54119
7,UNKNOWN,UNKNOWN,28,0,False,OKVED_CODE,"деятельность органов государственного управления 
по обеспечению военной безопасности, обязательному"
7,UNKNOWN,UNKNOWN,28,1,False,OKVED_NAME,-
7,UNKNOWN,UNKNOWN,28,2,False,DATA,-
7,UNKNOWN,UNKNOWN,28,3,False,DATA,-
7,UNKNOWN,UNKNOWN,28,4,False,DATA,-
7,UNKNOWN,UNKNOWN,28,5,False,DATA,-
7,UNKNOWN,UNKNOWN,28,6,False,DATA,-
7,UNKNOWN,UNKNOWN,28,7,False,DATA,54119
7,UNKNOWN,UNKNOWN,29,0,False,OKVED_CODE,Деятельность в области здравоохранения и социальных услуг
7,UNKNOWN,UNKNOWN,29,1,False,OKVED_NAME,-
7,UNKNOWN,UNKNOWN,29,2,False,DATA,-
7,UNKNOWN,UNKNOWN,29,3,False,DATA,-
7,UNKNOWN,UNKNOWN,29,4,False,DATA,9573
7,UNKNOWN,UNKNOWN,29,5,False,DATA,12411
7,UNKNOWN,UNKNOWN,29,6,False,DATA,-
7,UNKNOWN,UNKNOWN,29,7,False,DATA,-
7,UNKNOWN,UNKNOWN,30,0,False,OKVED_CODE,деятельность в области здравоохранения
7,UNKNOWN,UNKNOWN,30,1,False,OKVED_NAME,-
7,UNKNOWN,UNKNOWN,30,2,False,DATA,-
7,UNKNOWN,UNKNOWN,30,3,False,DATA,-
7,UNKNOWN,UNKNOWN,30,4,False,DATA,9573
7,UNKNOWN,UNKNOWN,30,5,False,DATA,12411
7,UNKNOWN,UNKNOWN,30,6,False,DATA,-
7,UNKNOWN,UNKNOWN,30,7,False,DATA,-
8,ОБОРОТНЫЕ АКТИВЫ,T23_000000_t10Ved14.xlsx,0,0,True,HEADER,
8,ОБОРОТНЫЕ АКТИВЫ,T23_000000_t10Ved14.xlsx,0,1,True,HEADER,
8,ОБОРОТНЫЕ АКТИВЫ,T23_000000_t10Ved14.xlsx,0,2,True,HEADER,
8,ОБОРОТНЫЕ АКТИВЫ,T23_000000_t10Ved14.xlsx,0,3,True,HEADER,
8,ОБОРОТНЫЕ АКТИВЫ,T23_000000_t10Ved14.xlsx,0,4,True,HEADER,
8,ОБОРОТНЫЕ АКТИВЫ,T23_000000_t10Ved14.xlsx,0,5,True,HEADER,
8,ОБОРОТНЫЕ АКТИВЫ,T23_000000_t10Ved14.xlsx,0,6,True,HEADER,
8,ОБОРОТНЫЕ АКТИВЫ,T23_000000_t10Ved14.xlsx,0,7,True,HEADER,"на конец года, тысяч рублей"
8,ОБОРОТНЫЕ АКТИВЫ,T23_000000_t10Ved14.xlsx,0,8,True,HEADER,"на конец года, тысяч рублей"
8,ОБОРОТНЫЕ АКТИВЫ,T23_000000_t10Ved14.xlsx,0,9,True,HEADER,"на конец года, тысяч рублей"
8,ОБОРОТНЫЕ АКТИВЫ,T23_000000_t10Ved14.xlsx,1,0,True,HEADER,
8,ОБОРОТНЫЕ АКТИВЫ,T23_000000_t10Ved14.xlsx,1,1,True,HEADER,Оборотные активы
8,ОБОРОТНЫЕ АКТИВЫ,T23_000000_t10Ved14.xlsx,1,2,True,HEADER,Оборотные активы
8,ОБОРОТНЫЕ АКТИВЫ,T23_000000_t10Ved14.xlsx,1,3,True,HEADER,Оборотные активы
8,ОБОРОТНЫЕ АКТИВЫ,T23_000000_t10Ved14.xlsx,1,4,True,HEADER,в том числе из оборотных активов
8,ОБОРОТНЫЕ АКТИВЫ,T23_000000_t10Ved14.xlsx,1,5,True,HEADER,в том числе из оборотных активов
8,ОБОРОТНЫЕ АКТИВЫ,T23_000000_t10Ved14.xlsx,1,6,True,HEADER,в том числе из оборотных активов
8,ОБОРОТНЫЕ АКТИВЫ,T23_000000_t10Ved14.xlsx,1,7,True,HEADER,в том числе из оборотных активов
8,ОБОРОТНЫЕ АКТИВЫ,T23_000000_t10Ved14.xlsx,1,8,True,HEADER,в том числе из оборотных активов
8,ОБОРОТНЫЕ АКТИВЫ,T23_000000_t10Ved14.xlsx,1,9,True,HEADER,в том числе из оборотных активов
8,ОБОРОТНЫЕ АКТИВЫ,T23_000000_t10Ved14.xlsx,2,0,True,HEADER,
8,ОБОРОТНЫЕ АКТИВЫ,T23_000000_t10Ved14.xlsx,2,1,True,HEADER,Оборотные активы
8,ОБОРОТНЫЕ АКТИВЫ,T23_000000_t10Ved14.xlsx,2,2,True,HEADER,Оборотные активы
8,ОБОРОТНЫЕ АКТИВЫ,T23_000000_t10Ved14.xlsx,2,3,True,HEADER,Оборотные активы
8,ОБОРОТНЫЕ АКТИВЫ,T23_000000_t10Ved14.xlsx,2,4,True,HEADER,запасы
8,ОБОРОТНЫЕ АКТИВЫ,T23_000000_t10Ved14.xlsx,2,5,True,HEADER,запасы
8,ОБОРОТНЫЕ АКТИВЫ,T23_000000_t10Ved14.xlsx,2,6,True,HEADER,налог на добавленную стоимость по приобретенным ценностям
8,ОБОРОТНЫЕ АКТИВЫ,T23_000000_t10Ved14.xlsx,2,7,True,HEADER,налог на добавленную стоимость по приобретенным ценностям
8,ОБОРОТНЫЕ АКТИВЫ,T23_000000_t10Ved14.xlsx,2,8,True,HEADER,дебиторская задолженность
8,ОБОРОТНЫЕ АКТИВЫ,T23_000000_t10Ved14.xlsx,2,9,True,HEADER,дебиторская задолженность
8,ОБОРОТНЫЕ АКТИВЫ,T23_000000_t10Ved14.xlsx,3,0,True,HEADER,
8,ОБОРОТНЫЕ АКТИВЫ,T23_000000_t10Ved14.xlsx,3,1,True,HEADER,Оборотные активы
8,ОБОРОТНЫЕ АКТИВЫ,T23_000000_t10Ved14.xlsx,3,2,True,HEADER,Оборотные активы
8,ОБОРОТНЫЕ АКТИВЫ,T23_000000_t10Ved14.xlsx,3,3,True,HEADER,Оборотные активы
8,ОБОРОТНЫЕ АКТИВЫ,T23_000000_t10Ved14.xlsx,3,4,True,HEADER,запасы
8,ОБОРОТНЫЕ АКТИВЫ,T23_000000_t10Ved14.xlsx,3,5,True,HEADER,запасы
8,ОБОРОТНЫЕ АКТИВЫ,T23_000000_t10Ved14.xlsx,3,6,True,HEADER,налог на добавленную стоимость по приобретенным ценностям
8,ОБОРОТНЫЕ АКТИВЫ,T23_000000_t10Ved14.xlsx,3,7,True,HEADER,налог на добавленную стоимость по приобретенным ценностям
8,ОБОРОТНЫЕ АКТИВЫ,T23_000000_t10Ved14.xlsx,3,8,True,HEADER,дебиторская задолженность
8,ОБОРОТНЫЕ АКТИВЫ,T23_000000_t10Ved14.xlsx,3,9,True,HEADER,дебиторская задолженность
8,ОБОРОТНЫЕ АКТИВЫ,T23_000000_t10Ved14.xlsx,4,0,False,OKVED_CODE,
8,ОБОРОТНЫЕ АКТИВЫ,T23_000000_t10Ved14.xlsx,4,1,False,OKVED_NAME,2022
8,ОБОРОТНЫЕ АКТИВЫ,T23_000000_t10Ved14.xlsx,4,2,False,DATA,2023
8,ОБОРОТНЫЕ АКТИВЫ,T23_000000_t10Ved14.xlsx,4,3,False,DATA,2023
8,ОБОРОТНЫЕ АКТИВЫ,T23_000000_t10Ved14.xlsx,4,4,False,DATA,2022
8,ОБОРОТНЫЕ АКТИВЫ,T23_000000_t10Ved14.xlsx,4,5,False,DATA,2023
8,ОБОРОТНЫЕ АКТИВЫ,T23_000000_t10Ved14.xlsx,4,6,False,DATA,2022
8,ОБОРОТНЫЕ АКТИВЫ,T23_000000_t10Ved14.xlsx,4,7,False,DATA,2023
8,ОБОРОТНЫЕ АКТИВЫ,T23_000000_t10Ved14.xlsx,4,8,False,DATA,2022
8,ОБОРОТНЫЕ АКТИВЫ,T23_000000_t10Ved14.xlsx,4,9,False,DATA,2023
8,ОБОРОТНЫЕ АКТИВЫ,T23_000000_t10Ved14.xlsx,5,0,False,OKVED_CODE,Всего по обследуемым видам экономической деятельности
8,ОБОРОТНЫЕ АКТИВЫ,T23_000000_t10Ved14.xlsx,5,1,False,OKVED_NAME,250446609
8,ОБОРОТНЫЕ АКТИВЫ,T23_000000_t10Ved14.xlsx,5,2,False,DATA,318620610
8,ОБОРОТНЫЕ АКТИВЫ,T23_000000_t10Ved14.xlsx,5,3,False,DATA,318620610
8,ОБОРОТНЫЕ АКТИВЫ,T23_000000_t10Ved14.xlsx,5,4,False,DATA,66760265
8,ОБОРОТНЫЕ АКТИВЫ,T23_000000_t10Ved14.xlsx,5,5,False,DATA,77715920
8,ОБОРОТНЫЕ АКТИВЫ,T23_000000_t10Ved14.xlsx,5,6,False,DATA,879305
8,ОБОРОТНЫЕ АКТИВЫ,T23_000000_t10Ved14.xlsx,5,7,False,DATA,1623558
8,ОБОРОТНЫЕ АКТИВЫ,T23_000000_t10Ved14.xlsx,5,8,False,DATA,107038823
8,ОБОРОТНЫЕ АКТИВЫ,T23_000000_t10Ved14.xlsx,5,9,False,DATA,115644676
8,ОБОРОТНЫЕ АКТИВЫ,T23_000000_t10Ved14.xlsx,6,0,False,OKVED_CODE,"Сельское, лесное хозяйство, охота, рыболовство 
и рыбоводство"
8,ОБОРОТНЫЕ АКТИВЫ,T23_000000_t10Ved14.xlsx,6,1,False,OKVED_NAME,105936412
8,ОБОРОТНЫЕ АКТИВЫ,T23_000000_t10Ved14.xlsx,6,2,False,DATA,164347190
8,ОБОРОТНЫЕ АКТИВЫ,T23_000000_t10Ved14.xlsx,6,3,False,DATA,164347190
8,ОБОРОТНЫЕ АКТИВЫ,T23_000000_t10Ved14.xlsx,6,4,False,DATA,27102831
8,ОБОРОТНЫЕ АКТИВЫ,T23_000000_t10Ved14.xlsx,6,5,False,DATA,29271082
8,ОБОРОТНЫЕ АКТИВЫ,T23_000000_t10Ved14.xlsx,6,6,False,DATA,80687
8,ОБОРОТНЫЕ АКТИВЫ,T23_000000_t10Ved14.xlsx,6,7,False,DATA,145586
8,ОБОРОТНЫЕ АКТИВЫ,T23_000000_t10Ved14.xlsx,6,8,False,DATA,36909780
8,ОБОРОТНЫЕ АКТИВЫ,T23_000000_t10Ved14.xlsx,6,9,False,DATA,52628064
8,ОБОРОТНЫЕ АКТИВЫ,T23_000000_t10Ved14.xlsx,7,0,False,OKVED_CODE,"растениеводство 
и животноводство, 
охота и предоставление соответствующих услуг
в этих областях"
8,ОБОРОТНЫЕ АКТИВЫ,T23_000000_t10Ved14.xlsx,7,1,False,OKVED_NAME,1955545
8,ОБОРОТНЫЕ АКТИВЫ,T23_000000_t10Ved14.xlsx,7,2,False,DATA,2362925
8,ОБОРОТНЫЕ АКТИВЫ,T23_000000_t10Ved14.xlsx,7,3,False,DATA,2362925
8,ОБОРОТНЫЕ АКТИВЫ,T23_000000_t10Ved14.xlsx,7,4,False,DATA,1174719
8,ОБОРОТНЫЕ АКТИВЫ,T23_000000_t10Ved14.xlsx,7,5,False,DATA,1306492
8,ОБОРОТНЫЕ АКТИВЫ,T23_000000_t10Ved14.xlsx,7,6,False,DATA,1233
8,ОБОРОТНЫЕ АКТИВЫ,T23_000000_t10Ved14.xlsx,7,7,False,DATA,8069
8,ОБОРОТНЫЕ АКТИВЫ,T23_000000_t10Ved14.xlsx,7,8,False,DATA,632901
8,ОБОРОТНЫЕ АКТИВЫ,T23_000000_t10Ved14.xlsx,7,9,False,DATA,939886
8,ОБОРОТНЫЕ АКТИВЫ,T23_000000_t10Ved14.xlsx,8,0,False,OKVED_CODE,рыболовство и рыбоводство
8,ОБОРОТНЫЕ АКТИВЫ,T23_000000_t10Ved14.xlsx,8,1,False,OKVED_NAME,103980867
8,ОБОРОТНЫЕ АКТИВЫ,T23_000000_t10Ved14.xlsx,8,2,False,DATA,161984265
8,ОБОРОТНЫЕ АКТИВЫ,T23_000000_t10Ved14.xlsx,8,3,False,DATA,161984265
8,ОБОРОТНЫЕ АКТИВЫ,T23_000000_t10Ved14.xlsx,8,4,False,DATA,25928112
8,ОБОРОТНЫЕ АКТИВЫ,T23_000000_t10Ved14.xlsx,8,5,False,DATA,27964590
8,ОБОРОТНЫЕ АКТИВЫ,T23_000000_t10Ved14.xlsx,8,6,False,DATA,79454
8,ОБОРОТНЫЕ АКТИВЫ,T23_000000_t10Ved14.xlsx,8,7,False,DATA,137517
8,ОБОРОТНЫЕ АКТИВЫ,T23_000000_t10Ved14.xlsx,8,8,False,DATA,36276879
8,ОБОРОТНЫЕ АКТИВЫ,T23_000000_t10Ved14.xlsx,8,9,False,DATA,51688178
8,ОБОРОТНЫЕ АКТИВЫ,T23_000000_t10Ved14.xlsx,9,0,False,OKVED_CODE,Добыча полезных ископаемых
8,ОБОРОТНЫЕ АКТИВЫ,T23_000000_t10Ved14.xlsx,9,1,False,OKVED_NAME,33466860
8,ОБОРОТНЫЕ АКТИВЫ,T23_000000_t10Ved14.xlsx,9,2,False,DATA,27491671
8,ОБОРОТНЫЕ АКТИВЫ,T23_000000_t10Ved14.xlsx,9,3,False,DATA,27491671
8,ОБОРОТНЫЕ АКТИВЫ,T23_000000_t10Ved14.xlsx,9,4,False,DATA,12944689
8,ОБОРОТНЫЕ АКТИВЫ,T23_000000_t10Ved14.xlsx,9,5,False,DATA,15607540
8,ОБОРОТНЫЕ АКТИВЫ,T23_000000_t10Ved14.xlsx,9,6,False,DATA,99828
8,ОБОРОТНЫЕ АКТИВЫ,T23_000000_t10Ved14.xlsx,9,7,False,DATA,10650
8,ОБОРОТНЫЕ АКТИВЫ,T23_000000_t10Ved14.xlsx,9,8,False,DATA,16054072
8,ОБОРОТНЫЕ АКТИВЫ,T23_000000_t10Ved14.xlsx,9,9,False,DATA,8650720
8,ОБОРОТНЫЕ АКТИВЫ,T23_000000_t10Ved14.xlsx,10,0,False,OKVED_CODE,добыча металлических руд
8,ОБОРОТНЫЕ АКТИВЫ,T23_000000_t10Ved14.xlsx,10,1,False,OKVED_NAME,33466860
8,ОБОРОТНЫЕ АКТИВЫ,T23_000000_t10Ved14.xlsx,10,2,False,DATA,27491671
8,ОБОРОТНЫЕ АКТИВЫ,T23_000000_t10Ved14.xlsx,10,3,False,DATA,27491671
8,ОБОРОТНЫЕ АКТИВЫ,T23_000000_t10Ved14.xlsx,10,4,False,DATA,12944689
8,ОБОРОТНЫЕ АКТИВЫ,T23_000000_t10Ved14.xlsx,10,5,False,DATA,15607540
8,ОБОРОТНЫЕ АКТИВЫ,T23_000000_t10Ved14.xlsx,10,6,False,DATA,99828
8,ОБОРОТНЫЕ АКТИВЫ,T23_000000_t10Ved14.xlsx,10,7,False,DATA,10650
8,ОБОРОТНЫЕ АКТИВЫ,T23_000000_t10Ved14.xlsx,10,8,False,DATA,16054072
8,ОБОРОТНЫЕ АКТИВЫ,T23_000000_t10Ved14.xlsx,10,9,False,DATA,8650720
8,ОБОРОТНЫЕ АКТИВЫ,T23_000000_t10Ved14.xlsx,11,0,False,OKVED_CODE,Обрабатывающие производства
8,ОБОРОТНЫЕ АКТИВЫ,T23_000000_t10Ved14.xlsx,11,1,False,OKVED_NAME,21052953
8,ОБОРОТНЫЕ АКТИВЫ,T23_000000_t10Ved14.xlsx,11,2,False,DATA,22948469
8,ОБОРОТНЫЕ АКТИВЫ,T23_000000_t10Ved14.xlsx,11,3,False,DATA,22948469
8,ОБОРОТНЫЕ АКТИВЫ,T23_000000_t10Ved14.xlsx,11,4,False,DATA,4590465
8,ОБОРОТНЫЕ АКТИВЫ,T23_000000_t10Ved14.xlsx,11,5,False,DATA,5695784
8,ОБОРОТНЫЕ АКТИВЫ,T23_000000_t10Ved14.xlsx,11,6,False,DATA,18370
8,ОБОРОТНЫЕ АКТИВЫ,T23_000000_t10Ved14.xlsx,11,7,False,DATA,152761
8,ОБОРОТНЫЕ АКТИВЫ,T23_000000_t10Ved14.xlsx,11,8,False,DATA,6918321
8,ОБОРОТНЫЕ АКТИВЫ,T23_000000_t10Ved14.xlsx,11,9,False,DATA,8239073
8,ОБОРОТНЫЕ АКТИВЫ,T23_000000_t10Ved14.xlsx,12,0,False,OKVED_CODE,производство пищевых продуктов
8,ОБОРОТНЫЕ АКТИВЫ,T23_000000_t10Ved14.xlsx,12,1,False,OKVED_NAME,15245469
8,ОБОРОТНЫЕ АКТИВЫ,T23_000000_t10Ved14.xlsx,12,2,False,DATA,16930380
8,ОБОРОТНЫЕ АКТИВЫ,T23_000000_t10Ved14.xlsx,12,3,False,DATA,16930380
8,ОБОРОТНЫЕ АКТИВЫ,T23_000000_t10Ved14.xlsx,12,4,False,DATA,3705619
8,ОБОРОТНЫЕ АКТИВЫ,T23_000000_t10Ved14.xlsx,12,5,False,DATA,3951562
8,ОБОРОТНЫЕ АКТИВЫ,T23_000000_t10Ved14.xlsx,12,6,False,DATA,17606
8,ОБОРОТНЫЕ АКТИВЫ,T23_000000_t10Ved14.xlsx,12,7,False,DATA,24086
8,ОБОРОТНЫЕ АКТИВЫ,T23_000000_t10Ved14.xlsx,12,8,False,DATA,5861063
8,ОБОРОТНЫЕ АКТИВЫ,T23_000000_t10Ved14.xlsx,12,9,False,DATA,7419511
8,ОБОРОТНЫЕ АКТИВЫ,T23_000000_t10Ved14.xlsx,13,0,False,OKVED_CODE,производство напитков
8,ОБОРОТНЫЕ АКТИВЫ,T23_000000_t10Ved14.xlsx,13,1,False,OKVED_NAME,422422
8,ОБОРОТНЫЕ АКТИВЫ,T23_000000_t10Ved14.xlsx,13,2,False,DATA,510917
8,ОБОРОТНЫЕ АКТИВЫ,T23_000000_t10Ved14.xlsx,13,3,False,DATA,510917
8,ОБОРОТНЫЕ АКТИВЫ,T23_000000_t10Ved14.xlsx,13,4,False,DATA,154359
8,ОБОРОТНЫЕ АКТИВЫ,T23_000000_t10Ved14.xlsx,13,5,False,DATA,135323
8,ОБОРОТНЫЕ АКТИВЫ,T23_000000_t10Ved14.xlsx,13,6,False,DATA,-
8,ОБОРОТНЫЕ АКТИВЫ,T23_000000_t10Ved14.xlsx,13,7,False,DATA,-
8,ОБОРОТНЫЕ АКТИВЫ,T23_000000_t10Ved14.xlsx,13,8,False,DATA,146122
8,ОБОРОТНЫЕ АКТИВЫ,T23_000000_t10Ved14.xlsx,13,9,False,DATA,126855
8,ОБОРОТНЫЕ АКТИВЫ,T23_000000_t10Ved14.xlsx,14,0,False,OKVED_CODE,производство прочих готовых изделий
8,ОБОРОТНЫЕ АКТИВЫ,T23_000000_t10Ved14.xlsx,14,1,False,OKVED_NAME,24489
8,ОБОРОТНЫЕ АКТИВЫ,T23_000000_t10Ved14.xlsx,14,2,False,DATA,23146
8,ОБОРОТНЫЕ АКТИВЫ,T23_000000_t10Ved14.xlsx,14,3,False,DATA,23146
8,ОБОРОТНЫЕ АКТИВЫ,T23_000000_t10Ved14.xlsx,14,4,False,DATA,18988
8,ОБОРОТНЫЕ АКТИВЫ,T23_000000_t10Ved14.xlsx,14,5,False,DATA,20296
8,ОБОРОТНЫЕ АКТИВЫ,T23_000000_t10Ved14.xlsx,14,6,False,DATA,-
8,ОБОРОТНЫЕ АКТИВЫ,T23_000000_t10Ved14.xlsx,14,7,False,DATA,-
8,ОБОРОТНЫЕ АКТИВЫ,T23_000000_t10Ved14.xlsx,14,8,False,DATA,3183
8,ОБОРОТНЫЕ АКТИВЫ,T23_000000_t10Ved14.xlsx,14,9,False,DATA,2229
8,ОБОРОТНЫЕ АКТИВЫ,T23_000000_t10Ved14.xlsx,15,0,False,OKVED_CODE,
8,ОБОРОТНЫЕ АКТИВЫ,T23_000000_t10Ved14.xlsx,15,1,False,OKVED_NAME,
8,ОБОРОТНЫЕ АКТИВЫ,T23_000000_t10Ved14.xlsx,15,2,False,EMPTY,
8,ОБОРОТНЫЕ АКТИВЫ,T23_000000_t10Ved14.xlsx,15,3,False,EMPTY,
8,ОБОРОТНЫЕ АКТИВЫ,T23_000000_t10Ved14.xlsx,15,4,False,EMPTY,
8,ОБОРОТНЫЕ АКТИВЫ,T23_000000_t10Ved14.xlsx,15,5,False,EMPTY,
8,ОБОРОТНЫЕ АКТИВЫ,T23_000000_t10Ved14.xlsx,15,6,False,EMPTY,
8,ОБОРОТНЫЕ АКТИВЫ,T23_000000_t10Ved14.xlsx,15,7,False,EMPTY,
8,ОБОРОТНЫЕ АКТИВЫ,T23_000000_t10Ved14.xlsx,15,8,False,EMPTY,
8,ОБОРОТНЫЕ АКТИВЫ,T23_000000_t10Ved14.xlsx,15,9,False,EMPTY,
8,ОБОРОТНЫЕ АКТИВЫ,T23_000000_t10Ved14.xlsx,16,0,False,OKVED_CODE,
8,ОБОРОТНЫЕ АКТИВЫ,T23_000000_t10Ved14.xlsx,16,1,False,OKVED_NAME,
8,ОБОРОТНЫЕ АКТИВЫ,T23_000000_t10Ved14.xlsx,16,2,False,EMPTY,
8,ОБОРОТНЫЕ АКТИВЫ,T23_000000_t10Ved14.xlsx,16,3,False,EMPTY,
8,ОБОРОТНЫЕ АКТИВЫ,T23_000000_t10Ved14.xlsx,16,4,False,EMPTY,
8,ОБОРОТНЫЕ АКТИВЫ,T23_000000_t10Ved14.xlsx,16,5,False,EMPTY,
8,ОБОРОТНЫЕ АКТИВЫ,T23_000000_t10Ved14.xlsx,16,6,False,EMPTY,
8,ОБОРОТНЫЕ АКТИВЫ,T23_000000_t10Ved14.xlsx,16,7,False,DATA,Продолжение таблицы 4.
8,ОБОРОТНЫЕ АКТИВЫ,T23_000000_t10Ved14.xlsx,16,8,False,DATA,Продолжение таблицы 4.
8,ОБОРОТНЫЕ АКТИВЫ,T23_000000_t10Ved14.xlsx,16,9,False,DATA,Продолжение таблицы 4.
8,ОБОРОТНЫЕ АКТИВЫ,T23_000000_t10Ved14.xlsx,17,0,False,OKVED_CODE,
8,ОБОРОТНЫЕ АКТИВЫ,T23_000000_t10Ved14.xlsx,17,1,False,OKVED_NAME,Оборотные активы
8,ОБОРОТНЫЕ АКТИВЫ,T23_000000_t10Ved14.xlsx,17,2,False,DATA,Оборотные активы
8,ОБОРОТНЫЕ АКТИВЫ,T23_000000_t10Ved14.xlsx,17,3,False,DATA,Оборотные активы
8,ОБОРОТНЫЕ АКТИВЫ,T23_000000_t10Ved14.xlsx,17,4,False,DATA,в том числе из оборотных активов
8,ОБОРОТНЫЕ АКТИВЫ,T23_000000_t10Ved14.xlsx,17,5,False,DATA,в том числе из оборотных активов
8,ОБОРОТНЫЕ АКТИВЫ,T23_000000_t10Ved14.xlsx,17,6,False,DATA,в том числе из оборотных активов
8,ОБОРОТНЫЕ АКТИВЫ,T23_000000_t10Ved14.xlsx,17,7,False,DATA,в том числе из оборотных активов
8,ОБОРОТНЫЕ АКТИВЫ,T23_000000_t10Ved14.xlsx,17,8,False,DATA,в том числе из оборотных активов
8,ОБОРОТНЫЕ АКТИВЫ,T23_000000_t10Ved14.xlsx,17,9,False,DATA,в том числе из оборотных активов
8,ОБОРОТНЫЕ АКТИВЫ,T23_000000_t10Ved14.xlsx,18,0,False,OKVED_CODE,
8,ОБОРОТНЫЕ АКТИВЫ,T23_000000_t10Ved14.xlsx,18,1,False,OKVED_NAME,Оборотные активы
8,ОБОРОТНЫЕ АКТИВЫ,T23_000000_t10Ved14.xlsx,18,2,False,DATA,Оборотные активы
8,ОБОРОТНЫЕ АКТИВЫ,T23_000000_t10Ved14.xlsx,18,3,False,DATA,Оборотные активы
8,ОБОРОТНЫЕ АКТИВЫ,T23_000000_t10Ved14.xlsx,18,4,False,DATA,запасы
8,ОБОРОТНЫЕ АКТИВЫ,T23_000000_t10Ved14.xlsx,18,5,False,DATA,запасы
8,ОБОРОТНЫЕ АКТИВЫ,T23_000000_t10Ved14.xlsx,18,6,False,DATA,налог на добавленную стоимость по приобретенным ценностям
8,ОБОРОТНЫЕ АКТИВЫ,T23_000000_t10Ved14.xlsx,18,7,False,DATA,налог на добавленную стоимость по приобретенным ценностям
8,ОБОРОТНЫЕ АКТИВЫ,T23_000000_t10Ved14.xlsx,18,8,False,DATA,дебиторская задолженность
8,ОБОРОТНЫЕ АКТИВЫ,T23_000000_t10Ved14.xlsx,18,9,False,DATA,дебиторская задолженность
8,ОБОРОТНЫЕ АКТИВЫ,T23_000000_t10Ved14.xlsx,19,0,False,OKVED_CODE,
8,ОБОРОТНЫЕ АКТИВЫ,T23_000000_t10Ved14.xlsx,19,1,False,OKVED_NAME,Оборотные активы
8,ОБОРОТНЫЕ АКТИВЫ,T23_000000_t10Ved14.xlsx,19,2,False,DATA,Оборотные активы
8,ОБОРОТНЫЕ АКТИВЫ,T23_000000_t10Ved14.xlsx,19,3,False,DATA,Оборотные активы
8,ОБОРОТНЫЕ АКТИВЫ,T23_000000_t10Ved14.xlsx,19,4,False,DATA,запасы
8,ОБОРОТНЫЕ АКТИВЫ,T23_000000_t10Ved14.xlsx,19,5,False,DATA,запасы
8,ОБОРОТНЫЕ АКТИВЫ,T23_000000_t10Ved14.xlsx,19,6,False,DATA,налог на добавленную стоимость по приобретенным ценностям
8,ОБОРОТНЫЕ АКТИВЫ,T23_000000_t10Ved14.xlsx,19,7,False,DATA,налог на добавленную стоимость по приобретенным ценностям
8,ОБОРОТНЫЕ АКТИВЫ,T23_000000_t10Ved14.xlsx,19,8,False,DATA,дебиторская задолженность
8,ОБОРОТНЫЕ АКТИВЫ,T23_000000_t10Ved14.xlsx,19,9,False,DATA,дебиторская задолженность
8,ОБОРОТНЫЕ АКТИВЫ,T23_000000_t10Ved14.xlsx,20,0,False,OKVED_CODE,
8,ОБОРОТНЫЕ АКТИВЫ,T23_000000_t10Ved14.xlsx,20,1,False,OKVED_NAME,2022
8,ОБОРОТНЫЕ АКТИВЫ,T23_000000_t10Ved14.xlsx,20,2,False,DATA,2022
8,ОБОРОТНЫЕ АКТИВЫ,T23_000000_t10Ved14.xlsx,20,3,False,DATA,2023
8,ОБОРОТНЫЕ АКТИВЫ,T23_000000_t10Ved14.xlsx,20,4,False,DATA,2022
8,ОБОРОТНЫЕ АКТИВЫ,T23_000000_t10Ved14.xlsx,20,5,False,DATA,2023
8,ОБОРОТНЫЕ АКТИВЫ,T23_000000_t10Ved14.xlsx,20,6,False,DATA,2022
8,ОБОРОТНЫЕ АКТИВЫ,T23_000000_t10Ved14.xlsx,20,7,False,DATA,2023
8,ОБОРОТНЫЕ АКТИВЫ,T23_000000_t10Ved14.xlsx,20,8,False,DATA,2022
8,ОБОРОТНЫЕ АКТИВЫ,T23_000000_t10Ved14.xlsx,20,9,False,DATA,2023
8,ОБОРОТНЫЕ АКТИВЫ,T23_000000_t10Ved14.xlsx,21,0,False,OKVED_CODE,"ремонт и монтаж машин 
и оборудования"
8,ОБОРОТНЫЕ АКТИВЫ,T23_000000_t10Ved14.xlsx,21,1,False,OKVED_NAME,5360526
8,ОБОРОТНЫЕ АКТИВЫ,T23_000000_t10Ved14.xlsx,21,2,False,DATA,5360526
8,ОБОРОТНЫЕ АКТИВЫ,T23_000000_t10Ved14.xlsx,21,3,False,DATA,5483979
8,ОБОРОТНЫЕ АКТИВЫ,T23_000000_t10Ved14.xlsx,21,4,False,DATA,711499
8,ОБОРОТНЫЕ АКТИВЫ,T23_000000_t10Ved14.xlsx,21,5,False,DATA,1588603
8,ОБОРОТНЫЕ АКТИВЫ,T23_000000_t10Ved14.xlsx,21,6,False,DATA,764
8,ОБОРОТНЫЕ АКТИВЫ,T23_000000_t10Ved14.xlsx,21,7,False,DATA,128675
8,ОБОРОТНЫЕ АКТИВЫ,T23_000000_t10Ved14.xlsx,21,8,False,DATA,907953
8,ОБОРОТНЫЕ АКТИВЫ,T23_000000_t10Ved14.xlsx,21,9,False,DATA,690478
8,ОБОРОТНЫЕ АКТИВЫ,T23_000000_t10Ved14.xlsx,22,0,False,OKVED_CODE,"Обеспечение электрической энергией, газом и паром; кондиционирование воздуха"
8,ОБОРОТНЫЕ АКТИВЫ,T23_000000_t10Ved14.xlsx,22,1,False,OKVED_NAME,26961006
8,ОБОРОТНЫЕ АКТИВЫ,T23_000000_t10Ved14.xlsx,22,2,False,DATA,26961006
8,ОБОРОТНЫЕ АКТИВЫ,T23_000000_t10Ved14.xlsx,22,3,False,DATA,29542714
8,ОБОРОТНЫЕ АКТИВЫ,T23_000000_t10Ved14.xlsx,22,4,False,DATA,7659260
8,ОБОРОТНЫЕ АКТИВЫ,T23_000000_t10Ved14.xlsx,22,5,False,DATA,8078103
8,ОБОРОТНЫЕ АКТИВЫ,T23_000000_t10Ved14.xlsx,22,6,False,DATA,20277
8,ОБОРОТНЫЕ АКТИВЫ,T23_000000_t10Ved14.xlsx,22,7,False,DATA,19447
8,ОБОРОТНЫЕ АКТИВЫ,T23_000000_t10Ved14.xlsx,22,8,False,DATA,11727886
8,ОБОРОТНЫЕ АКТИВЫ,T23_000000_t10Ved14.xlsx,22,9,False,DATA,14374616
8,ОБОРОТНЫЕ АКТИВЫ,T23_000000_t10Ved14.xlsx,23,0,False,OKVED_CODE,"обеспечение электрической энергией, газом и паром; кондиционирование воздуха"
8,ОБОРОТНЫЕ АКТИВЫ,T23_000000_t10Ved14.xlsx,23,1,False,OKVED_NAME,26961006
8,ОБОРОТНЫЕ АКТИВЫ,T23_000000_t10Ved14.xlsx,23,2,False,DATA,26961006
8,ОБОРОТНЫЕ АКТИВЫ,T23_000000_t10Ved14.xlsx,23,3,False,DATA,29542714
8,ОБОРОТНЫЕ АКТИВЫ,T23_000000_t10Ved14.xlsx,23,4,False,DATA,7659260
8,ОБОРОТНЫЕ АКТИВЫ,T23_000000_t10Ved14.xlsx,23,5,False,DATA,8078103
8,ОБОРОТНЫЕ АКТИВЫ,T23_000000_t10Ved14.xlsx,23,6,False,DATA,20277
8,ОБОРОТНЫЕ АКТИВЫ,T23_000000_t10Ved14.xlsx,23,7,False,DATA,19447
8,ОБОРОТНЫЕ АКТИВЫ,T23_000000_t10Ved14.xlsx,23,8,False,DATA,11727886
8,ОБОРОТНЫЕ АКТИВЫ,T23_000000_t10Ved14.xlsx,23,9,False,DATA,14374616
8,ОБОРОТНЫЕ АКТИВЫ,T23_000000_t10Ved14.xlsx,24,0,False,OKVED_CODE,"Водоснабжение; водоотведение, организация сбора
и утилизации отходов, деятельность 
по ликвидации за"
8,ОБОРОТНЫЕ АКТИВЫ,T23_000000_t10Ved14.xlsx,24,1,False,OKVED_NAME,1950038
8,ОБОРОТНЫЕ АКТИВЫ,T23_000000_t10Ved14.xlsx,24,2,False,DATA,1950038
8,ОБОРОТНЫЕ АКТИВЫ,T23_000000_t10Ved14.xlsx,24,3,False,DATA,2340572
8,ОБОРОТНЫЕ АКТИВЫ,T23_000000_t10Ved14.xlsx,24,4,False,DATA,572496
8,ОБОРОТНЫЕ АКТИВЫ,T23_000000_t10Ved14.xlsx,24,5,False,DATA,655483
8,ОБОРОТНЫЕ АКТИВЫ,T23_000000_t10Ved14.xlsx,24,6,False,DATA,7865
8,ОБОРОТНЫЕ АКТИВЫ,T23_000000_t10Ved14.xlsx,24,7,False,DATA,3583
8,ОБОРОТНЫЕ АКТИВЫ,T23_000000_t10Ved14.xlsx,24,8,False,DATA,1147141
8,ОБОРОТНЫЕ АКТИВЫ,T23_000000_t10Ved14.xlsx,24,9,False,DATA,1415534
8,ОБОРОТНЫЕ АКТИВЫ,T23_000000_t10Ved14.xlsx,25,0,False,OKVED_CODE,"забор, очистка 
и распределение воды"
8,ОБОРОТНЫЕ АКТИВЫ,T23_000000_t10Ved14.xlsx,25,1,False,OKVED_NAME,1656817
8,ОБОРОТНЫЕ АКТИВЫ,T23_000000_t10Ved14.xlsx,25,2,False,DATA,1656817
8,ОБОРОТНЫЕ АКТИВЫ,T23_000000_t10Ved14.xlsx,25,3,False,DATA,2019306
8,ОБОРОТНЫЕ АКТИВЫ,T23_000000_t10Ved14.xlsx,25,4,False,DATA,547959
8,ОБОРОТНЫЕ АКТИВЫ,T23_000000_t10Ved14.xlsx,25,5,False,DATA,620466
8,ОБОРОТНЫЕ АКТИВЫ,T23_000000_t10Ved14.xlsx,25,6,False,DATA,7865
8,ОБОРОТНЫЕ АКТИВЫ,T23_000000_t10Ved14.xlsx,25,7,False,DATA,3583
8,ОБОРОТНЫЕ АКТИВЫ,T23_000000_t10Ved14.xlsx,25,8,False,DATA,883823
8,ОБОРОТНЫЕ АКТИВЫ,T23_000000_t10Ved14.xlsx,25,9,False,DATA,1158090
8,ОБОРОТНЫЕ АКТИВЫ,T23_000000_t10Ved14.xlsx,26,0,False,OKVED_CODE,"сбор, обработка
и утилизация отходов; обработка вторичного сырья"
8,ОБОРОТНЫЕ АКТИВЫ,T23_000000_t10Ved14.xlsx,26,1,False,OKVED_NAME,293221
8,ОБОРОТНЫЕ АКТИВЫ,T23_000000_t10Ved14.xlsx,26,2,False,DATA,293221
8,ОБОРОТНЫЕ АКТИВЫ,T23_000000_t10Ved14.xlsx,26,3,False,DATA,321266
8,ОБОРОТНЫЕ АКТИВЫ,T23_000000_t10Ved14.xlsx,26,4,False,DATA,24537
8,ОБОРОТНЫЕ АКТИВЫ,T23_000000_t10Ved14.xlsx,26,5,False,DATA,35017
8,ОБОРОТНЫЕ АКТИВЫ,T23_000000_t10Ved14.xlsx,26,6,False,DATA,-
8,ОБОРОТНЫЕ АКТИВЫ,T23_000000_t10Ved14.xlsx,26,7,False,DATA,-
8,ОБОРОТНЫЕ АКТИВЫ,T23_000000_t10Ved14.xlsx,26,8,False,DATA,263318
8,ОБОРОТНЫЕ АКТИВЫ,T23_000000_t10Ved14.xlsx,26,9,False,DATA,257444
8,ОБОРОТНЫЕ АКТИВЫ,T23_000000_t10Ved14.xlsx,27,0,False,OKVED_CODE,Строительство
8,ОБОРОТНЫЕ АКТИВЫ,T23_000000_t10Ved14.xlsx,27,1,False,OKVED_NAME,16433156
8,ОБОРОТНЫЕ АКТИВЫ,T23_000000_t10Ved14.xlsx,27,2,False,DATA,16433156
8,ОБОРОТНЫЕ АКТИВЫ,T23_000000_t10Ved14.xlsx,27,3,False,DATA,21998473
8,ОБОРОТНЫЕ АКТИВЫ,T23_000000_t10Ved14.xlsx,27,4,False,DATA,7224119
8,ОБОРОТНЫЕ АКТИВЫ,T23_000000_t10Ved14.xlsx,27,5,False,DATA,10483856
8,ОБОРОТНЫЕ АКТИВЫ,T23_000000_t10Ved14.xlsx,27,6,False,DATA,176934
8,ОБОРОТНЫЕ АКТИВЫ,T23_000000_t10Ved14.xlsx,27,7,False,DATA,598511
8,ОБОРОТНЫЕ АКТИВЫ,T23_000000_t10Ved14.xlsx,27,8,False,DATA,5948981
8,ОБОРОТНЫЕ АКТИВЫ,T23_000000_t10Ved14.xlsx,27,9,False,DATA,5136040
8,ОБОРОТНЫЕ АКТИВЫ,T23_000000_t10Ved14.xlsx,28,0,False,OKVED_CODE,строительство зданий
8,ОБОРОТНЫЕ АКТИВЫ,T23_000000_t10Ved14.xlsx,28,1,False,OKVED_NAME,12127276
8,ОБОРОТНЫЕ АКТИВЫ,T23_000000_t10Ved14.xlsx,28,2,False,DATA,12127276
8,ОБОРОТНЫЕ АКТИВЫ,T23_000000_t10Ved14.xlsx,28,3,False,DATA,16741462
8,ОБОРОТНЫЕ АКТИВЫ,T23_000000_t10Ved14.xlsx,28,4,False,DATA,6413630
8,ОБОРОТНЫЕ АКТИВЫ,T23_000000_t10Ved14.xlsx,28,5,False,DATA,8751673
8,ОБОРОТНЫЕ АКТИВЫ,T23_000000_t10Ved14.xlsx,28,6,False,DATA,176934
8,ОБОРОТНЫЕ АКТИВЫ,T23_000000_t10Ved14.xlsx,28,7,False,DATA,598511
8,ОБОРОТНЫЕ АКТИВЫ,T23_000000_t10Ved14.xlsx,28,8,False,DATA,4686869
8,ОБОРОТНЫЕ АКТИВЫ,T23_000000_t10Ved14.xlsx,28,9,False,DATA,4121104
8,ОБОРОТНЫЕ АКТИВЫ,T23_000000_t10Ved14.xlsx,29,0,False,OKVED_CODE,
8,ОБОРОТНЫЕ АКТИВЫ,T23_000000_t10Ved14.xlsx,29,1,False,OKVED_NAME,
8,ОБОРОТНЫЕ АКТИВЫ,T23_000000_t10Ved14.xlsx,29,2,False,EMPTY,
8,ОБОРОТНЫЕ АКТИВЫ,T23_000000_t10Ved14.xlsx,29,3,False,EMPTY,
8,ОБОРОТНЫЕ АКТИВЫ,T23_000000_t10Ved14.xlsx,29,4,False,EMPTY,
8,ОБОРОТНЫЕ АКТИВЫ,T23_000000_t10Ved14.xlsx,29,5,False,EMPTY,
8,ОБОРОТНЫЕ АКТИВЫ,T23_000000_t10Ved14.xlsx,29,6,False,EMPTY,
8,ОБОРОТНЫЕ АКТИВЫ,T23_000000_t10Ved14.xlsx,29,7,False,EMPTY,
8,ОБОРОТНЫЕ АКТИВЫ,T23_000000_t10Ved14.xlsx,29,8,False,EMPTY,
8,ОБОРОТНЫЕ АКТИВЫ,T23_000000_t10Ved14.xlsx,29,9,False,EMPTY,
8,ОБОРОТНЫЕ АКТИВЫ,T23_000000_t10Ved14.xlsx,30,0,False,OKVED_CODE,
8,ОБОРОТНЫЕ АКТИВЫ,T23_000000_t10Ved14.xlsx,30,1,False,OKVED_NAME,
8,ОБОРОТНЫЕ АКТИВЫ,T23_000000_t10Ved14.xlsx,30,2,False,EMPTY,
8,ОБОРОТНЫЕ АКТИВЫ,T23_000000_t10Ved14.xlsx,30,3,False,EMPTY,
8,ОБОРОТНЫЕ АКТИВЫ,T23_000000_t10Ved14.xlsx,30,4,False,EMPTY,
8,ОБОРОТНЫЕ АКТИВЫ,T23_000000_t10Ved14.xlsx,30,5,False,EMPTY,
8,ОБОРОТНЫЕ АКТИВЫ,T23_000000_t10Ved14.xlsx,30,6,False,EMPTY,
8,ОБОРОТНЫЕ АКТИВЫ,T23_000000_t10Ved14.xlsx,30,7,False,DATA,Продолжение таблицы 4.
8,ОБОРОТНЫЕ АКТИВЫ,T23_000000_t10Ved14.xlsx,30,8,False,DATA,Продолжение таблицы 4.
8,ОБОРОТНЫЕ АКТИВЫ,T23_000000_t10Ved14.xlsx,30,9,False,DATA,Продолжение таблицы 4.
8,ОБОРОТНЫЕ АКТИВЫ,T23_000000_t10Ved14.xlsx,31,0,False,OKVED_CODE,
8,ОБОРОТНЫЕ АКТИВЫ,T23_000000_t10Ved14.xlsx,31,1,False,OKVED_NAME,Оборотные активы
8,ОБОРОТНЫЕ АКТИВЫ,T23_000000_t10Ved14.xlsx,31,2,False,DATA,Оборотные активы
8,ОБОРОТНЫЕ АКТИВЫ,T23_000000_t10Ved14.xlsx,31,3,False,DATA,Оборотные активы
8,ОБОРОТНЫЕ АКТИВЫ,T23_000000_t10Ved14.xlsx,31,4,False,DATA,в том числе из оборотных активов
8,ОБОРОТНЫЕ АКТИВЫ,T23_000000_t10Ved14.xlsx,31,5,False,DATA,в том числе из оборотных активов
8,ОБОРОТНЫЕ АКТИВЫ,T23_000000_t10Ved14.xlsx,31,6,False,DATA,в том числе из оборотных активов
8,ОБОРОТНЫЕ АКТИВЫ,T23_000000_t10Ved14.xlsx,31,7,False,DATA,в том числе из оборотных активов
8,ОБОРОТНЫЕ АКТИВЫ,T23_000000_t10Ved14.xlsx,31,8,False,DATA,в том числе из оборотных активов
8,ОБОРОТНЫЕ АКТИВЫ,T23_000000_t10Ved14.xlsx,31,9,False,DATA,в том числе из оборотных активов
8,ОБОРОТНЫЕ АКТИВЫ,T23_000000_t10Ved14.xlsx,32,0,False,OKVED_CODE,
8,ОБОРОТНЫЕ АКТИВЫ,T23_000000_t10Ved14.xlsx,32,1,False,OKVED_NAME,Оборотные активы
8,ОБОРОТНЫЕ АКТИВЫ,T23_000000_t10Ved14.xlsx,32,2,False,DATA,Оборотные активы
8,ОБОРОТНЫЕ АКТИВЫ,T23_000000_t10Ved14.xlsx,32,3,False,DATA,Оборотные активы
8,ОБОРОТНЫЕ АКТИВЫ,T23_000000_t10Ved14.xlsx,32,4,False,DATA,запасы
8,ОБОРОТНЫЕ АКТИВЫ,T23_000000_t10Ved14.xlsx,32,5,False,DATA,запасы
8,ОБОРОТНЫЕ АКТИВЫ,T23_000000_t10Ved14.xlsx,32,6,False,DATA,налог на добавленную стоимость по приобретенным ценностям
8,ОБОРОТНЫЕ АКТИВЫ,T23_000000_t10Ved14.xlsx,32,7,False,DATA,налог на добавленную стоимость по приобретенным ценностям
8,ОБОРОТНЫЕ АКТИВЫ,T23_000000_t10Ved14.xlsx,32,8,False,DATA,дебиторская задолженность
8,ОБОРОТНЫЕ АКТИВЫ,T23_000000_t10Ved14.xlsx,32,9,False,DATA,дебиторская задолженность
8,ОБОРОТНЫЕ АКТИВЫ,T23_000000_t10Ved14.xlsx,33,0,False,OKVED_CODE,
8,ОБОРОТНЫЕ АКТИВЫ,T23_000000_t10Ved14.xlsx,33,1,False,OKVED_NAME,Оборотные активы
8,ОБОРОТНЫЕ АКТИВЫ,T23_000000_t10Ved14.xlsx,33,2,False,DATA,Оборотные активы
8,ОБОРОТНЫЕ АКТИВЫ,T23_000000_t10Ved14.xlsx,33,3,False,DATA,Оборотные активы
8,ОБОРОТНЫЕ АКТИВЫ,T23_000000_t10Ved14.xlsx,33,4,False,DATA,запасы
8,ОБОРОТНЫЕ АКТИВЫ,T23_000000_t10Ved14.xlsx,33,5,False,DATA,запасы
8,ОБОРОТНЫЕ АКТИВЫ,T23_000000_t10Ved14.xlsx,33,6,False,DATA,налог на добавленную стоимость по приобретенным ценностям
8,ОБОРОТНЫЕ АКТИВЫ,T23_000000_t10Ved14.xlsx,33,7,False,DATA,налог на добавленную стоимость по приобретенным ценностям
8,ОБОРОТНЫЕ АКТИВЫ,T23_000000_t10Ved14.xlsx,33,8,False,DATA,дебиторская задолженность
8,ОБОРОТНЫЕ АКТИВЫ,T23_000000_t10Ved14.xlsx,33,9,False,DATA,дебиторская задолженность
8,ОБОРОТНЫЕ АКТИВЫ,T23_000000_t10Ved14.xlsx,34,0,False,OKVED_CODE,
8,ОБОРОТНЫЕ АКТИВЫ,T23_000000_t10Ved14.xlsx,34,1,False,OKVED_NAME,2022
8,ОБОРОТНЫЕ АКТИВЫ,T23_000000_t10Ved14.xlsx,34,2,False,DATA,2022
8,ОБОРОТНЫЕ АКТИВЫ,T23_000000_t10Ved14.xlsx,34,3,False,DATA,2023
8,ОБОРОТНЫЕ АКТИВЫ,T23_000000_t10Ved14.xlsx,34,4,False,DATA,2022
8,ОБОРОТНЫЕ АКТИВЫ,T23_000000_t10Ved14.xlsx,34,5,False,DATA,2023
8,ОБОРОТНЫЕ АКТИВЫ,T23_000000_t10Ved14.xlsx,34,6,False,DATA,2022
8,ОБОРОТНЫЕ АКТИВЫ,T23_000000_t10Ved14.xlsx,34,7,False,DATA,2023
8,ОБОРОТНЫЕ АКТИВЫ,T23_000000_t10Ved14.xlsx,34,8,False,DATA,2022
8,ОБОРОТНЫЕ АКТИВЫ,T23_000000_t10Ved14.xlsx,34,9,False,DATA,2023
8,ОБОРОТНЫЕ АКТИВЫ,T23_000000_t10Ved14.xlsx,35,0,False,OKVED_CODE,строительство инженерных сооружений
8,ОБОРОТНЫЕ АКТИВЫ,T23_000000_t10Ved14.xlsx,35,1,False,OKVED_NAME,4250141
8,ОБОРОТНЫЕ АКТИВЫ,T23_000000_t10Ved14.xlsx,35,2,False,DATA,4250141
8,ОБОРОТНЫЕ АКТИВЫ,T23_000000_t10Ved14.xlsx,35,3,False,DATA,5210976
8,ОБОРОТНЫЕ АКТИВЫ,T23_000000_t10Ved14.xlsx,35,4,False,DATA,809992
8,ОБОРОТНЫЕ АКТИВЫ,T23_000000_t10Ved14.xlsx,35,5,False,DATA,1693287
8,ОБОРОТНЫЕ АКТИВЫ,T23_000000_t10Ved14.xlsx,35,6,False,DATA,-
8,ОБОРОТНЫЕ АКТИВЫ,T23_000000_t10Ved14.xlsx,35,7,False,DATA,-
8,ОБОРОТНЫЕ АКТИВЫ,T23_000000_t10Ved14.xlsx,35,8,False,DATA,1254608
8,ОБОРОТНЫЕ АКТИВЫ,T23_000000_t10Ved14.xlsx,35,9,False,DATA,1013772
8,ОБОРОТНЫЕ АКТИВЫ,T23_000000_t10Ved14.xlsx,36,0,False,OKVED_CODE,Работы строительные специализированные
8,ОБОРОТНЫЕ АКТИВЫ,T23_000000_t10Ved14.xlsx,36,1,False,OKVED_NAME,55739
8,ОБОРОТНЫЕ АКТИВЫ,T23_000000_t10Ved14.xlsx,36,2,False,DATA,55739
8,ОБОРОТНЫЕ АКТИВЫ,T23_000000_t10Ved14.xlsx,36,3,False,DATA,46035
8,ОБОРОТНЫЕ АКТИВЫ,T23_000000_t10Ved14.xlsx,36,4,False,DATA,497
8,ОБОРОТНЫЕ АКТИВЫ,T23_000000_t10Ved14.xlsx,36,5,False,DATA,38896
8,ОБОРОТНЫЕ АКТИВЫ,T23_000000_t10Ved14.xlsx,36,6,False,DATA,-
8,ОБОРОТНЫЕ АКТИВЫ,T23_000000_t10Ved14.xlsx,36,7,False,DATA,-
8,ОБОРОТНЫЕ АКТИВЫ,T23_000000_t10Ved14.xlsx,36,8,False,DATA,7504
8,ОБОРОТНЫЕ АКТИВЫ,T23_000000_t10Ved14.xlsx,36,9,False,DATA,1164
8,ОБОРОТНЫЕ АКТИВЫ,T23_000000_t10Ved14.xlsx,37,0,False,OKVED_CODE,"Торговля оптовая 
и розничная; ремонт автотранспортных средств и мотоциклов"
8,ОБОРОТНЫЕ АКТИВЫ,T23_000000_t10Ved14.xlsx,37,1,False,OKVED_NAME,25181421
8,ОБОРОТНЫЕ АКТИВЫ,T23_000000_t10Ved14.xlsx,37,2,False,DATA,25181421
8,ОБОРОТНЫЕ АКТИВЫ,T23_000000_t10Ved14.xlsx,37,3,False,DATA,27074181
8,ОБОРОТНЫЕ АКТИВЫ,T23_000000_t10Ved14.xlsx,37,4,False,DATA,5119856
8,ОБОРОТНЫЕ АКТИВЫ,T23_000000_t10Ved14.xlsx,37,5,False,DATA,5668838
8,ОБОРОТНЫЕ АКТИВЫ,T23_000000_t10Ved14.xlsx,37,6,False,DATA,321624
8,ОБОРОТНЫЕ АКТИВЫ,T23_000000_t10Ved14.xlsx,37,7,False,DATA,527147
8,ОБОРОТНЫЕ АКТИВЫ,T23_000000_t10Ved14.xlsx,37,8,False,DATA,18206518
8,ОБОРОТНЫЕ АКТИВЫ,T23_000000_t10Ved14.xlsx,37,9,False,DATA,17331381
8,ОБОРОТНЫЕ АКТИВЫ,T23_000000_t10Ved14.xlsx,38,0,False,OKVED_CODE,"торговля оптовая,
кроме оптовой торговли автотранспортными средствами и мотоциклами"
8,ОБОРОТНЫЕ АКТИВЫ,T23_000000_t10Ved14.xlsx,38,1,False,OKVED_NAME,23187290
8,ОБОРОТНЫЕ АКТИВЫ,T23_000000_t10Ved14.xlsx,38,2,False,DATA,23187290
8,ОБОРОТНЫЕ АКТИВЫ,T23_000000_t10Ved14.xlsx,38,3,False,DATA,25228399
8,ОБОРОТНЫЕ АКТИВЫ,T23_000000_t10Ved14.xlsx,38,4,False,DATA,3962722
8,ОБОРОТНЫЕ АКТИВЫ,T23_000000_t10Ved14.xlsx,38,5,False,DATA,4529671
8,ОБОРОТНЫЕ АКТИВЫ,T23_000000_t10Ved14.xlsx,38,6,False,DATA,299146
8,ОБОРОТНЫЕ АКТИВЫ,T23_000000_t10Ved14.xlsx,38,7,False,DATA,508202
8,ОБОРОТНЫЕ АКТИВЫ,T23_000000_t10Ved14.xlsx,38,8,False,DATA,17674624
8,ОБОРОТНЫЕ АКТИВЫ,T23_000000_t10Ved14.xlsx,38,9,False,DATA,17007539
8,ОБОРОТНЫЕ АКТИВЫ,T23_000000_t10Ved14.xlsx,39,0,False,OKVED_CODE,"торговля розничная,
кроме торговли автотранспортными средствами и мотоциклами"
8,ОБОРОТНЫЕ АКТИВЫ,T23_000000_t10Ved14.xlsx,39,1,False,OKVED_NAME,1994131
8,ОБОРОТНЫЕ АКТИВЫ,T23_000000_t10Ved14.xlsx,39,2,False,DATA,1994131
8,ОБОРОТНЫЕ АКТИВЫ,T23_000000_t10Ved14.xlsx,39,3,False,DATA,1845782
8,ОБОРОТНЫЕ АКТИВЫ,T23_000000_t10Ved14.xlsx,39,4,False,DATA,1157134
8,ОБОРОТНЫЕ АКТИВЫ,T23_000000_t10Ved14.xlsx,39,5,False,DATA,1139167
8,ОБОРОТНЫЕ АКТИВЫ,T23_000000_t10Ved14.xlsx,39,6,False,DATA,22478
8,ОБОРОТНЫЕ АКТИВЫ,T23_000000_t10Ved14.xlsx,39,7,False,DATA,18945
8,ОБОРОТНЫЕ АКТИВЫ,T23_000000_t10Ved14.xlsx,39,8,False,DATA,531894
8,ОБОРОТНЫЕ АКТИВЫ,T23_000000_t10Ved14.xlsx,39,9,False,DATA,323842
8,ОБОРОТНЫЕ АКТИВЫ,T23_000000_t10Ved14.xlsx,40,0,False,OKVED_CODE,"Транспортировка
и хранение"
8,ОБОРОТНЫЕ АКТИВЫ,T23_000000_t10Ved14.xlsx,40,1,False,OKVED_NAME,7718983
8,ОБОРОТНЫЕ АКТИВЫ,T23_000000_t10Ved14.xlsx,40,2,False,DATA,7718983
8,ОБОРОТНЫЕ АКТИВЫ,T23_000000_t10Ved14.xlsx,40,3,False,DATA,9648367
8,ОБОРОТНЫЕ АКТИВЫ,T23_000000_t10Ved14.xlsx,40,4,False,DATA,1107840
8,ОБОРОТНЫЕ АКТИВЫ,T23_000000_t10Ved14.xlsx,40,5,False,DATA,1600527
8,ОБОРОТНЫЕ АКТИВЫ,T23_000000_t10Ved14.xlsx,40,6,False,DATA,101235
8,ОБОРОТНЫЕ АКТИВЫ,T23_000000_t10Ved14.xlsx,40,7,False,DATA,97486
8,ОБОРОТНЫЕ АКТИВЫ,T23_000000_t10Ved14.xlsx,40,8,False,DATA,4927180
8,ОБОРОТНЫЕ АКТИВЫ,T23_000000_t10Ved14.xlsx,40,9,False,DATA,2997002
8,ОБОРОТНЫЕ АКТИВЫ,T23_000000_t10Ved14.xlsx,41,0,False,OKVED_CODE,"деятельность сухопутного 
и трубопроводного транспорта"
8,ОБОРОТНЫЕ АКТИВЫ,T23_000000_t10Ved14.xlsx,41,1,False,OKVED_NAME,54256
8,ОБОРОТНЫЕ АКТИВЫ,T23_000000_t10Ved14.xlsx,41,2,False,DATA,54256
8,ОБОРОТНЫЕ АКТИВЫ,T23_000000_t10Ved14.xlsx,41,3,False,DATA,435372
8,ОБОРОТНЫЕ АКТИВЫ,T23_000000_t10Ved14.xlsx,41,4,False,DATA,16755
8,ОБОРОТНЫЕ АКТИВЫ,T23_000000_t10Ved14.xlsx,41,5,False,DATA,10835
8,ОБОРОТНЫЕ АКТИВЫ,T23_000000_t10Ved14.xlsx,41,6,False,DATA,2
8,ОБОРОТНЫЕ АКТИВЫ,T23_000000_t10Ved14.xlsx,41,7,False,DATA,6
8,ОБОРОТНЫЕ АКТИВЫ,T23_000000_t10Ved14.xlsx,41,8,False,DATA,35421
8,ОБОРОТНЫЕ АКТИВЫ,T23_000000_t10Ved14.xlsx,41,9,False,DATA,47816
8,ОБОРОТНЫЕ АКТИВЫ,T23_000000_t10Ved14.xlsx,42,0,False,OKVED_CODE,деятельность водного транспорта
8,ОБОРОТНЫЕ АКТИВЫ,T23_000000_t10Ved14.xlsx,42,1,False,OKVED_NAME,997493
8,ОБОРОТНЫЕ АКТИВЫ,T23_000000_t10Ved14.xlsx,42,2,False,DATA,997493
8,ОБОРОТНЫЕ АКТИВЫ,T23_000000_t10Ved14.xlsx,42,3,False,DATA,650977
8,ОБОРОТНЫЕ АКТИВЫ,T23_000000_t10Ved14.xlsx,42,4,False,DATA,166543
8,ОБОРОТНЫЕ АКТИВЫ,T23_000000_t10Ved14.xlsx,42,5,False,DATA,191049
8,ОБОРОТНЫЕ АКТИВЫ,T23_000000_t10Ved14.xlsx,42,6,False,DATA,28
8,ОБОРОТНЫЕ АКТИВЫ,T23_000000_t10Ved14.xlsx,42,7,False,DATA,24
8,ОБОРОТНЫЕ АКТИВЫ,T23_000000_t10Ved14.xlsx,42,8,False,DATA,805042
8,ОБОРОТНЫЕ АКТИВЫ,T23_000000_t10Ved14.xlsx,42,9,False,DATA,440138
8,ОБОРОТНЫЕ АКТИВЫ,T23_000000_t10Ved14.xlsx,43,0,False,OKVED_CODE,"деятельность воздушного 
и космического транспорта"
8,ОБОРОТНЫЕ АКТИВЫ,T23_000000_t10Ved14.xlsx,43,1,False,OKVED_NAME,1227508
8,ОБОРОТНЫЕ АКТИВЫ,T23_000000_t10Ved14.xlsx,43,2,False,DATA,1227508
8,ОБОРОТНЫЕ АКТИВЫ,T23_000000_t10Ved14.xlsx,43,3,False,DATA,1207827
8,ОБОРОТНЫЕ АКТИВЫ,T23_000000_t10Ved14.xlsx,43,4,False,DATA,312735
8,ОБОРОТНЫЕ АКТИВЫ,T23_000000_t10Ved14.xlsx,43,5,False,DATA,287478
8,ОБОРОТНЫЕ АКТИВЫ,T23_000000_t10Ved14.xlsx,43,6,False,DATA,66543
8,ОБОРОТНЫЕ АКТИВЫ,T23_000000_t10Ved14.xlsx,43,7,False,DATA,73806
8,ОБОРОТНЫЕ АКТИВЫ,T23_000000_t10Ved14.xlsx,43,8,False,DATA,591343
8,ОБОРОТНЫЕ АКТИВЫ,T23_000000_t10Ved14.xlsx,43,9,False,DATA,544799
8,ОБОРОТНЫЕ АКТИВЫ,T23_000000_t10Ved14.xlsx,44,0,False,OKVED_CODE,"складское хозяйство 
и вспомогательная транспортная деятельность"
8,ОБОРОТНЫЕ АКТИВЫ,T23_000000_t10Ved14.xlsx,44,1,False,OKVED_NAME,5439726
8,ОБОРОТНЫЕ АКТИВЫ,T23_000000_t10Ved14.xlsx,44,2,False,DATA,5439726
8,ОБОРОТНЫЕ АКТИВЫ,T23_000000_t10Ved14.xlsx,44,3,False,DATA,7354191
8,ОБОРОТНЫЕ АКТИВЫ,T23_000000_t10Ved14.xlsx,44,4,False,DATA,611807
8,ОБОРОТНЫЕ АКТИВЫ,T23_000000_t10Ved14.xlsx,44,5,False,DATA,1111165
8,ОБОРОТНЫЕ АКТИВЫ,T23_000000_t10Ved14.xlsx,44,6,False,DATA,34662
8,ОБОРОТНЫЕ АКТИВЫ,T23_000000_t10Ved14.xlsx,44,7,False,DATA,23650
8,ОБОРОТНЫЕ АКТИВЫ,T23_000000_t10Ved14.xlsx,44,8,False,DATA,3495374
8,ОБОРОТНЫЕ АКТИВЫ,T23_000000_t10Ved14.xlsx,44,9,False,DATA,1964249
8,ОБОРОТНЫЕ АКТИВЫ,T23_000000_t10Ved14.xlsx,45,0,False,OKVED_CODE,
8,ОБОРОТНЫЕ АКТИВЫ,T23_000000_t10Ved14.xlsx,45,1,False,OKVED_NAME,
8,ОБОРОТНЫЕ АКТИВЫ,T23_000000_t10Ved14.xlsx,45,2,False,EMPTY,
8,ОБОРОТНЫЕ АКТИВЫ,T23_000000_t10Ved14.xlsx,45,3,False,EMPTY,
8,ОБОРОТНЫЕ АКТИВЫ,T23_000000_t10Ved14.xlsx,45,4,False,EMPTY,
8,ОБОРОТНЫЕ АКТИВЫ,T23_000000_t10Ved14.xlsx,45,5,False,EMPTY,
8,ОБОРОТНЫЕ АКТИВЫ,T23_000000_t10Ved14.xlsx,45,6,False,EMPTY,
8,ОБОРОТНЫЕ АКТИВЫ,T23_000000_t10Ved14.xlsx,45,7,False,DATA,Продолжение таблицы 4.
8,ОБОРОТНЫЕ АКТИВЫ,T23_000000_t10Ved14.xlsx,45,8,False,DATA,Продолжение таблицы 4.
8,ОБОРОТНЫЕ АКТИВЫ,T23_000000_t10Ved14.xlsx,45,9,False,DATA,Продолжение таблицы 4.
8,ОБОРОТНЫЕ АКТИВЫ,T23_000000_t10Ved14.xlsx,46,0,False,OKVED_CODE,
8,ОБОРОТНЫЕ АКТИВЫ,T23_000000_t10Ved14.xlsx,46,1,False,OKVED_NAME,Оборотные активы
8,ОБОРОТНЫЕ АКТИВЫ,T23_000000_t10Ved14.xlsx,46,2,False,DATA,Оборотные активы
8,ОБОРОТНЫЕ АКТИВЫ,T23_000000_t10Ved14.xlsx,46,3,False,DATA,Оборотные активы
8,ОБОРОТНЫЕ АКТИВЫ,T23_000000_t10Ved14.xlsx,46,4,False,DATA,в том числе из оборотных активов
8,ОБОРОТНЫЕ АКТИВЫ,T23_000000_t10Ved14.xlsx,46,5,False,DATA,в том числе из оборотных активов
8,ОБОРОТНЫЕ АКТИВЫ,T23_000000_t10Ved14.xlsx,46,6,False,DATA,в том числе из оборотных активов
8,ОБОРОТНЫЕ АКТИВЫ,T23_000000_t10Ved14.xlsx,46,7,False,DATA,в том числе из оборотных активов
8,ОБОРОТНЫЕ АКТИВЫ,T23_000000_t10Ved14.xlsx,46,8,False,DATA,в том числе из оборотных активов
8,ОБОРОТНЫЕ АКТИВЫ,T23_000000_t10Ved14.xlsx,46,9,False,DATA,в том числе из оборотных активов
8,ОБОРОТНЫЕ АКТИВЫ,T23_000000_t10Ved14.xlsx,47,0,False,OKVED_CODE,
8,ОБОРОТНЫЕ АКТИВЫ,T23_000000_t10Ved14.xlsx,47,1,False,OKVED_NAME,Оборотные активы
8,ОБОРОТНЫЕ АКТИВЫ,T23_000000_t10Ved14.xlsx,47,2,False,DATA,Оборотные активы
8,ОБОРОТНЫЕ АКТИВЫ,T23_000000_t10Ved14.xlsx,47,3,False,DATA,Оборотные активы
8,ОБОРОТНЫЕ АКТИВЫ,T23_000000_t10Ved14.xlsx,47,4,False,DATA,запасы
8,ОБОРОТНЫЕ АКТИВЫ,T23_000000_t10Ved14.xlsx,47,5,False,DATA,запасы
8,ОБОРОТНЫЕ АКТИВЫ,T23_000000_t10Ved14.xlsx,47,6,False,DATA,налог на добавленную стоимость по приобретенным ценностям
8,ОБОРОТНЫЕ АКТИВЫ,T23_000000_t10Ved14.xlsx,47,7,False,DATA,налог на добавленную стоимость по приобретенным ценностям
8,ОБОРОТНЫЕ АКТИВЫ,T23_000000_t10Ved14.xlsx,47,8,False,DATA,дебиторская задолженность
8,ОБОРОТНЫЕ АКТИВЫ,T23_000000_t10Ved14.xlsx,47,9,False,DATA,дебиторская задолженность
8,ОБОРОТНЫЕ АКТИВЫ,T23_000000_t10Ved14.xlsx,48,0,False,OKVED_CODE,
8,ОБОРОТНЫЕ АКТИВЫ,T23_000000_t10Ved14.xlsx,48,1,False,OKVED_NAME,Оборотные активы
8,ОБОРОТНЫЕ АКТИВЫ,T23_000000_t10Ved14.xlsx,48,2,False,DATA,Оборотные активы
8,ОБОРОТНЫЕ АКТИВЫ,T23_000000_t10Ved14.xlsx,48,3,False,DATA,Оборотные активы
8,ОБОРОТНЫЕ АКТИВЫ,T23_000000_t10Ved14.xlsx,48,4,False,DATA,запасы
8,ОБОРОТНЫЕ АКТИВЫ,T23_000000_t10Ved14.xlsx,48,5,False,DATA,запасы
8,ОБОРОТНЫЕ АКТИВЫ,T23_000000_t10Ved14.xlsx,48,6,False,DATA,налог на добавленную стоимость по приобретенным ценностям
8,ОБОРОТНЫЕ АКТИВЫ,T23_000000_t10Ved14.xlsx,48,7,False,DATA,налог на добавленную стоимость по приобретенным ценностям
8,ОБОРОТНЫЕ АКТИВЫ,T23_000000_t10Ved14.xlsx,48,8,False,DATA,дебиторская задолженность
8,ОБОРОТНЫЕ АКТИВЫ,T23_000000_t10Ved14.xlsx,48,9,False,DATA,дебиторская задолженность
8,ОБОРОТНЫЕ АКТИВЫ,T23_000000_t10Ved14.xlsx,49,0,False,OKVED_CODE,
8,ОБОРОТНЫЕ АКТИВЫ,T23_000000_t10Ved14.xlsx,49,1,False,OKVED_NAME,2022
8,ОБОРОТНЫЕ АКТИВЫ,T23_000000_t10Ved14.xlsx,49,2,False,DATA,2022
8,ОБОРОТНЫЕ АКТИВЫ,T23_000000_t10Ved14.xlsx,49,3,False,DATA,2023
8,ОБОРОТНЫЕ АКТИВЫ,T23_000000_t10Ved14.xlsx,49,4,False,DATA,2022
8,ОБОРОТНЫЕ АКТИВЫ,T23_000000_t10Ved14.xlsx,49,5,False,DATA,2023
8,ОБОРОТНЫЕ АКТИВЫ,T23_000000_t10Ved14.xlsx,49,6,False,DATA,2022
8,ОБОРОТНЫЕ АКТИВЫ,T23_000000_t10Ved14.xlsx,49,7,False,DATA,2023
8,ОБОРОТНЫЕ АКТИВЫ,T23_000000_t10Ved14.xlsx,49,8,False,DATA,2022
8,ОБОРОТНЫЕ АКТИВЫ,T23_000000_t10Ved14.xlsx,49,9,False,DATA,2023
8,ОБОРОТНЫЕ АКТИВЫ,T23_000000_t10Ved14.xlsx,50,0,False,OKVED_CODE,"Деятельность гостиниц 
и предприятий общественного питания"
8,ОБОРОТНЫЕ АКТИВЫ,T23_000000_t10Ved14.xlsx,50,1,False,OKVED_NAME,1605924
8,ОБОРОТНЫЕ АКТИВЫ,T23_000000_t10Ved14.xlsx,50,2,False,DATA,1605924
8,ОБОРОТНЫЕ АКТИВЫ,T23_000000_t10Ved14.xlsx,50,3,False,DATA,1613296
8,ОБОРОТНЫЕ АКТИВЫ,T23_000000_t10Ved14.xlsx,50,4,False,DATA,165460
8,ОБОРОТНЫЕ АКТИВЫ,T23_000000_t10Ved14.xlsx,50,5,False,DATA,197743
8,ОБОРОТНЫЕ АКТИВЫ,T23_000000_t10Ved14.xlsx,50,6,False,DATA,49075
8,ОБОРОТНЫЕ АКТИВЫ,T23_000000_t10Ved14.xlsx,50,7,False,DATA,64769
8,ОБОРОТНЫЕ АКТИВЫ,T23_000000_t10Ved14.xlsx,50,8,False,DATA,646127
8,ОБОРОТНЫЕ АКТИВЫ,T23_000000_t10Ved14.xlsx,50,9,False,DATA,554507
8,ОБОРОТНЫЕ АКТИВЫ,T23_000000_t10Ved14.xlsx,51,0,False,OKVED_CODE,деятельность по предоставлению мест для временного проживания
8,ОБОРОТНЫЕ АКТИВЫ,T23_000000_t10Ved14.xlsx,51,1,False,OKVED_NAME,1605924
8,ОБОРОТНЫЕ АКТИВЫ,T23_000000_t10Ved14.xlsx,51,2,False,DATA,1605924
8,ОБОРОТНЫЕ АКТИВЫ,T23_000000_t10Ved14.xlsx,51,3,False,DATA,1613296
8,ОБОРОТНЫЕ АКТИВЫ,T23_000000_t10Ved14.xlsx,51,4,False,DATA,165460
8,ОБОРОТНЫЕ АКТИВЫ,T23_000000_t10Ved14.xlsx,51,5,False,DATA,197743
8,ОБОРОТНЫЕ АКТИВЫ,T23_000000_t10Ved14.xlsx,51,6,False,DATA,49075
8,ОБОРОТНЫЕ АКТИВЫ,T23_000000_t10Ved14.xlsx,51,7,False,DATA,64769
8,ОБОРОТНЫЕ АКТИВЫ,T23_000000_t10Ved14.xlsx,51,8,False,DATA,646127
8,ОБОРОТНЫЕ АКТИВЫ,T23_000000_t10Ved14.xlsx,51,9,False,DATA,554507
8,ОБОРОТНЫЕ АКТИВЫ,T23_000000_t10Ved14.xlsx,52,0,False,OKVED_CODE,Деятельность в области информации и связи
8,ОБОРОТНЫЕ АКТИВЫ,T23_000000_t10Ved14.xlsx,52,1,False,OKVED_NAME,3526
8,ОБОРОТНЫЕ АКТИВЫ,T23_000000_t10Ved14.xlsx,52,2,False,DATA,3526
8,ОБОРОТНЫЕ АКТИВЫ,T23_000000_t10Ved14.xlsx,52,3,False,DATA,781
8,ОБОРОТНЫЕ АКТИВЫ,T23_000000_t10Ved14.xlsx,52,4,False,DATA,-
8,ОБОРОТНЫЕ АКТИВЫ,T23_000000_t10Ved14.xlsx,52,5,False,DATA,-
8,ОБОРОТНЫЕ АКТИВЫ,T23_000000_t10Ved14.xlsx,52,6,False,DATA,-
8,ОБОРОТНЫЕ АКТИВЫ,T23_000000_t10Ved14.xlsx,52,7,False,DATA,-
8,ОБОРОТНЫЕ АКТИВЫ,T23_000000_t10Ved14.xlsx,52,8,False,DATA,1367
8,ОБОРОТНЫЕ АКТИВЫ,T23_000000_t10Ved14.xlsx,52,9,False,DATA,764
8,ОБОРОТНЫЕ АКТИВЫ,T23_000000_t10Ved14.xlsx,53,0,False,OKVED_CODE,деятельность в области информационных технологий
8,ОБОРОТНЫЕ АКТИВЫ,T23_000000_t10Ved14.xlsx,53,1,False,OKVED_NAME,3526
8,ОБОРОТНЫЕ АКТИВЫ,T23_000000_t10Ved14.xlsx,53,2,False,DATA,3526
8,ОБОРОТНЫЕ АКТИВЫ,T23_000000_t10Ved14.xlsx,53,3,False,DATA,781
8,ОБОРОТНЫЕ АКТИВЫ,T23_000000_t10Ved14.xlsx,53,4,False,DATA,-
8,ОБОРОТНЫЕ АКТИВЫ,T23_000000_t10Ved14.xlsx,53,5,False,DATA,-
8,ОБОРОТНЫЕ АКТИВЫ,T23_000000_t10Ved14.xlsx,53,6,False,DATA,-
8,ОБОРОТНЫЕ АКТИВЫ,T23_000000_t10Ved14.xlsx,53,7,False,DATA,-
8,ОБОРОТНЫЕ АКТИВЫ,T23_000000_t10Ved14.xlsx,53,8,False,DATA,1367
8,ОБОРОТНЫЕ АКТИВЫ,T23_000000_t10Ved14.xlsx,53,9,False,DATA,764
8,ОБОРОТНЫЕ АКТИВЫ,T23_000000_t10Ved14.xlsx,54,0,False,OKVED_CODE,Деятельность финансовая и страховая
8,ОБОРОТНЫЕ АКТИВЫ,T23_000000_t10Ved14.xlsx,54,1,False,OKVED_NAME,4366514
8,ОБОРОТНЫЕ АКТИВЫ,T23_000000_t10Ved14.xlsx,54,2,False,DATA,4366514
8,ОБОРОТНЫЕ АКТИВЫ,T23_000000_t10Ved14.xlsx,54,3,False,DATA,3948315
8,ОБОРОТНЫЕ АКТИВЫ,T23_000000_t10Ved14.xlsx,54,4,False,DATA,244
8,ОБОРОТНЫЕ АКТИВЫ,T23_000000_t10Ved14.xlsx,54,5,False,DATA,6780
8,ОБОРОТНЫЕ АКТИВЫ,T23_000000_t10Ved14.xlsx,54,6,False,DATA,73
8,ОБОРОТНЫЕ АКТИВЫ,T23_000000_t10Ved14.xlsx,54,7,False,DATA,76
8,ОБОРОТНЫЕ АКТИВЫ,T23_000000_t10Ved14.xlsx,54,8,False,DATA,1698664
8,ОБОРОТНЫЕ АКТИВЫ,T23_000000_t10Ved14.xlsx,54,9,False,DATA,449918
8,ОБОРОТНЫЕ АКТИВЫ,T23_000000_t10Ved14.xlsx,55,0,False,OKVED_CODE,"деятельность 
по предоставлению финансовых услуг, 
кроме услуг 
по страхованию 
и пенсионному обеспе"
8,ОБОРОТНЫЕ АКТИВЫ,T23_000000_t10Ved14.xlsx,55,1,False,OKVED_NAME,4366514
8,ОБОРОТНЫЕ АКТИВЫ,T23_000000_t10Ved14.xlsx,55,2,False,DATA,4366514
8,ОБОРОТНЫЕ АКТИВЫ,T23_000000_t10Ved14.xlsx,55,3,False,DATA,3948315
8,ОБОРОТНЫЕ АКТИВЫ,T23_000000_t10Ved14.xlsx,55,4,False,DATA,244
8,ОБОРОТНЫЕ АКТИВЫ,T23_000000_t10Ved14.xlsx,55,5,False,DATA,6780
8,ОБОРОТНЫЕ АКТИВЫ,T23_000000_t10Ved14.xlsx,55,6,False,DATA,73
8,ОБОРОТНЫЕ АКТИВЫ,T23_000000_t10Ved14.xlsx,55,7,False,DATA,76
8,ОБОРОТНЫЕ АКТИВЫ,T23_000000_t10Ved14.xlsx,55,8,False,DATA,1698664
8,ОБОРОТНЫЕ АКТИВЫ,T23_000000_t10Ved14.xlsx,55,9,False,DATA,449918
8,ОБОРОТНЫЕ АКТИВЫ,T23_000000_t10Ved14.xlsx,56,0,False,OKVED_CODE,"Деятельность
по операциям 
с недвижимым имуществом"
8,ОБОРОТНЫЕ АКТИВЫ,T23_000000_t10Ved14.xlsx,56,1,False,OKVED_NAME,969471
8,ОБОРОТНЫЕ АКТИВЫ,T23_000000_t10Ved14.xlsx,56,2,False,DATA,969471
8,ОБОРОТНЫЕ АКТИВЫ,T23_000000_t10Ved14.xlsx,56,3,False,DATA,1176865
8,ОБОРОТНЫЕ АКТИВЫ,T23_000000_t10Ved14.xlsx,56,4,False,DATA,30067
8,ОБОРОТНЫЕ АКТИВЫ,T23_000000_t10Ved14.xlsx,56,5,False,DATA,31194
8,ОБОРОТНЫЕ АКТИВЫ,T23_000000_t10Ved14.xlsx,56,6,False,DATA,1746
8,ОБОРОТНЫЕ АКТИВЫ,T23_000000_t10Ved14.xlsx,56,7,False,DATA,994
8,ОБОРОТНЫЕ АКТИВЫ,T23_000000_t10Ved14.xlsx,56,8,False,DATA,510140
8,ОБОРОТНЫЕ АКТИВЫ,T23_000000_t10Ved14.xlsx,56,9,False,DATA,542953
8,ОБОРОТНЫЕ АКТИВЫ,T23_000000_t10Ved14.xlsx,57,0,False,OKVED_CODE,
8,ОБОРОТНЫЕ АКТИВЫ,T23_000000_t10Ved14.xlsx,57,1,False,OKVED_NAME,
8,ОБОРОТНЫЕ АКТИВЫ,T23_000000_t10Ved14.xlsx,57,2,False,EMPTY,
8,ОБОРОТНЫЕ АКТИВЫ,T23_000000_t10Ved14.xlsx,57,3,False,EMPTY,
8,ОБОРОТНЫЕ АКТИВЫ,T23_000000_t10Ved14.xlsx,57,4,False,EMPTY,
8,ОБОРОТНЫЕ АКТИВЫ,T23_000000_t10Ved14.xlsx,57,5,False,EMPTY,
8,ОБОРОТНЫЕ АКТИВЫ,T23_000000_t10Ved14.xlsx,57,6,False,EMPTY,
8,ОБОРОТНЫЕ АКТИВЫ,T23_000000_t10Ved14.xlsx,57,7,False,EMPTY,
8,ОБОРОТНЫЕ АКТИВЫ,T23_000000_t10Ved14.xlsx,57,8,False,EMPTY,
8,ОБОРОТНЫЕ АКТИВЫ,T23_000000_t10Ved14.xlsx,57,9,False,EMPTY,
8,ОБОРОТНЫЕ АКТИВЫ,T23_000000_t10Ved14.xlsx,58,0,False,OKVED_CODE,
8,ОБОРОТНЫЕ АКТИВЫ,T23_000000_t10Ved14.xlsx,58,1,False,OKVED_NAME,
8,ОБОРОТНЫЕ АКТИВЫ,T23_000000_t10Ved14.xlsx,58,2,False,EMPTY,
8,ОБОРОТНЫЕ АКТИВЫ,T23_000000_t10Ved14.xlsx,58,3,False,EMPTY,
8,ОБОРОТНЫЕ АКТИВЫ,T23_000000_t10Ved14.xlsx,58,4,False,EMPTY,
8,ОБОРОТНЫЕ АКТИВЫ,T23_000000_t10Ved14.xlsx,58,5,False,EMPTY,
8,ОБОРОТНЫЕ АКТИВЫ,T23_000000_t10Ved14.xlsx,58,6,False,EMPTY,
8,ОБОРОТНЫЕ АКТИВЫ,T23_000000_t10Ved14.xlsx,58,7,False,DATA,Продолжение таблицы 4.
8,ОБОРОТНЫЕ АКТИВЫ,T23_000000_t10Ved14.xlsx,58,8,False,DATA,Продолжение таблицы 4.
8,ОБОРОТНЫЕ АКТИВЫ,T23_000000_t10Ved14.xlsx,58,9,False,DATA,Продолжение таблицы 4.
8,ОБОРОТНЫЕ АКТИВЫ,T23_000000_t10Ved14.xlsx,59,0,False,OKVED_CODE,
8,ОБОРОТНЫЕ АКТИВЫ,T23_000000_t10Ved14.xlsx,59,1,False,OKVED_NAME,Оборотные активы
8,ОБОРОТНЫЕ АКТИВЫ,T23_000000_t10Ved14.xlsx,59,2,False,DATA,Оборотные активы
8,ОБОРОТНЫЕ АКТИВЫ,T23_000000_t10Ved14.xlsx,59,3,False,DATA,Оборотные активы
8,ОБОРОТНЫЕ АКТИВЫ,T23_000000_t10Ved14.xlsx,59,4,False,DATA,в том числе из оборотных активов
8,ОБОРОТНЫЕ АКТИВЫ,T23_000000_t10Ved14.xlsx,59,5,False,DATA,в том числе из оборотных активов
8,ОБОРОТНЫЕ АКТИВЫ,T23_000000_t10Ved14.xlsx,59,6,False,DATA,в том числе из оборотных активов
8,ОБОРОТНЫЕ АКТИВЫ,T23_000000_t10Ved14.xlsx,59,7,False,DATA,в том числе из оборотных активов
8,ОБОРОТНЫЕ АКТИВЫ,T23_000000_t10Ved14.xlsx,59,8,False,DATA,в том числе из оборотных активов
8,ОБОРОТНЫЕ АКТИВЫ,T23_000000_t10Ved14.xlsx,59,9,False,DATA,в том числе из оборотных активов
8,ОБОРОТНЫЕ АКТИВЫ,T23_000000_t10Ved14.xlsx,60,0,False,OKVED_CODE,
8,ОБОРОТНЫЕ АКТИВЫ,T23_000000_t10Ved14.xlsx,60,1,False,OKVED_NAME,Оборотные активы
8,ОБОРОТНЫЕ АКТИВЫ,T23_000000_t10Ved14.xlsx,60,2,False,DATA,Оборотные активы
8,ОБОРОТНЫЕ АКТИВЫ,T23_000000_t10Ved14.xlsx,60,3,False,DATA,Оборотные активы
8,ОБОРОТНЫЕ АКТИВЫ,T23_000000_t10Ved14.xlsx,60,4,False,DATA,запасы
8,ОБОРОТНЫЕ АКТИВЫ,T23_000000_t10Ved14.xlsx,60,5,False,DATA,запасы
8,ОБОРОТНЫЕ АКТИВЫ,T23_000000_t10Ved14.xlsx,60,6,False,DATA,налог на добавленную стоимость по приобретенным ценностям
8,ОБОРОТНЫЕ АКТИВЫ,T23_000000_t10Ved14.xlsx,60,7,False,DATA,налог на добавленную стоимость по приобретенным ценностям
8,ОБОРОТНЫЕ АКТИВЫ,T23_000000_t10Ved14.xlsx,60,8,False,DATA,дебиторская задолженность
8,ОБОРОТНЫЕ АКТИВЫ,T23_000000_t10Ved14.xlsx,60,9,False,DATA,дебиторская задолженность
8,ОБОРОТНЫЕ АКТИВЫ,T23_000000_t10Ved14.xlsx,61,0,False,OKVED_CODE,
8,ОБОРОТНЫЕ АКТИВЫ,T23_000000_t10Ved14.xlsx,61,1,False,OKVED_NAME,Оборотные активы
8,ОБОРОТНЫЕ АКТИВЫ,T23_000000_t10Ved14.xlsx,61,2,False,DATA,Оборотные активы
8,ОБОРОТНЫЕ АКТИВЫ,T23_000000_t10Ved14.xlsx,61,3,False,DATA,Оборотные активы
8,ОБОРОТНЫЕ АКТИВЫ,T23_000000_t10Ved14.xlsx,61,4,False,DATA,запасы
8,ОБОРОТНЫЕ АКТИВЫ,T23_000000_t10Ved14.xlsx,61,5,False,DATA,запасы
8,ОБОРОТНЫЕ АКТИВЫ,T23_000000_t10Ved14.xlsx,61,6,False,DATA,налог на добавленную стоимость по приобретенным ценностям
8,ОБОРОТНЫЕ АКТИВЫ,T23_000000_t10Ved14.xlsx,61,7,False,DATA,налог на добавленную стоимость по приобретенным ценностям
8,ОБОРОТНЫЕ АКТИВЫ,T23_000000_t10Ved14.xlsx,61,8,False,DATA,дебиторская задолженность
8,ОБОРОТНЫЕ АКТИВЫ,T23_000000_t10Ved14.xlsx,61,9,False,DATA,дебиторская задолженность
8,ОБОРОТНЫЕ АКТИВЫ,T23_000000_t10Ved14.xlsx,62,0,False,OKVED_CODE,
8,ОБОРОТНЫЕ АКТИВЫ,T23_000000_t10Ved14.xlsx,62,1,False,OKVED_NAME,2022
8,ОБОРОТНЫЕ АКТИВЫ,T23_000000_t10Ved14.xlsx,62,2,False,DATA,2022
8,ОБОРОТНЫЕ АКТИВЫ,T23_000000_t10Ved14.xlsx,62,3,False,DATA,2023
8,ОБОРОТНЫЕ АКТИВЫ,T23_000000_t10Ved14.xlsx,62,4,False,DATA,2022
8,ОБОРОТНЫЕ АКТИВЫ,T23_000000_t10Ved14.xlsx,62,5,False,DATA,2023
8,ОБОРОТНЫЕ АКТИВЫ,T23_000000_t10Ved14.xlsx,62,6,False,DATA,2022
8,ОБОРОТНЫЕ АКТИВЫ,T23_000000_t10Ved14.xlsx,62,7,False,DATA,2023
8,ОБОРОТНЫЕ АКТИВЫ,T23_000000_t10Ved14.xlsx,62,8,False,DATA,2022
8,ОБОРОТНЫЕ АКТИВЫ,T23_000000_t10Ved14.xlsx,62,9,False,DATA,2023
8,ОБОРОТНЫЕ АКТИВЫ,T23_000000_t10Ved14.xlsx,63,0,False,OKVED_CODE,операции с недвижимым имуществом
8,ОБОРОТНЫЕ АКТИВЫ,T23_000000_t10Ved14.xlsx,63,1,False,OKVED_NAME,969471
8,ОБОРОТНЫЕ АКТИВЫ,T23_000000_t10Ved14.xlsx,63,2,False,DATA,969471
8,ОБОРОТНЫЕ АКТИВЫ,T23_000000_t10Ved14.xlsx,63,3,False,DATA,1176865
8,ОБОРОТНЫЕ АКТИВЫ,T23_000000_t10Ved14.xlsx,63,4,False,DATA,30067
8,ОБОРОТНЫЕ АКТИВЫ,T23_000000_t10Ved14.xlsx,63,5,False,DATA,31194
8,ОБОРОТНЫЕ АКТИВЫ,T23_000000_t10Ved14.xlsx,63,6,False,DATA,1746
8,ОБОРОТНЫЕ АКТИВЫ,T23_000000_t10Ved14.xlsx,63,7,False,DATA,994
8,ОБОРОТНЫЕ АКТИВЫ,T23_000000_t10Ved14.xlsx,63,8,False,DATA,510140
8,ОБОРОТНЫЕ АКТИВЫ,T23_000000_t10Ved14.xlsx,63,9,False,DATA,542953
8,ОБОРОТНЫЕ АКТИВЫ,T23_000000_t10Ved14.xlsx,64,0,False,OKVED_CODE,"Деятельность профессиональная, научная и техническая"
8,ОБОРОТНЫЕ АКТИВЫ,T23_000000_t10Ved14.xlsx,64,1,False,OKVED_NAME,3965481
8,ОБОРОТНЫЕ АКТИВЫ,T23_000000_t10Ved14.xlsx,64,2,False,DATA,3965481
8,ОБОРОТНЫЕ АКТИВЫ,T23_000000_t10Ved14.xlsx,64,3,False,DATA,5536767
8,ОБОРОТНЫЕ АКТИВЫ,T23_000000_t10Ved14.xlsx,64,4,False,DATA,156739
8,ОБОРОТНЫЕ АКТИВЫ,T23_000000_t10Ved14.xlsx,64,5,False,DATA,270756
8,ОБОРОТНЫЕ АКТИВЫ,T23_000000_t10Ved14.xlsx,64,6,False,DATA,1490
8,ОБОРОТНЫЕ АКТИВЫ,T23_000000_t10Ved14.xlsx,64,7,False,DATA,2469
8,ОБОРОТНЫЕ АКТИВЫ,T23_000000_t10Ved14.xlsx,64,8,False,DATA,2223161
8,ОБОРОТНЫЕ АКТИВЫ,T23_000000_t10Ved14.xlsx,64,9,False,DATA,3141624
8,ОБОРОТНЫЕ АКТИВЫ,T23_000000_t10Ved14.xlsx,65,0,False,OKVED_CODE,деятельность в области права и бухгалтерского учета
8,ОБОРОТНЫЕ АКТИВЫ,T23_000000_t10Ved14.xlsx,65,1,False,OKVED_NAME,57022
8,ОБОРОТНЫЕ АКТИВЫ,T23_000000_t10Ved14.xlsx,65,2,False,DATA,57022
8,ОБОРОТНЫЕ АКТИВЫ,T23_000000_t10Ved14.xlsx,65,3,False,DATA,6750
8,ОБОРОТНЫЕ АКТИВЫ,T23_000000_t10Ved14.xlsx,65,4,False,DATA,71
8,ОБОРОТНЫЕ АКТИВЫ,T23_000000_t10Ved14.xlsx,65,5,False,DATA,-
8,ОБОРОТНЫЕ АКТИВЫ,T23_000000_t10Ved14.xlsx,65,6,False,DATA,59
8,ОБОРОТНЫЕ АКТИВЫ,T23_000000_t10Ved14.xlsx,65,7,False,DATA,-
8,ОБОРОТНЫЕ АКТИВЫ,T23_000000_t10Ved14.xlsx,65,8,False,DATA,54696
8,ОБОРОТНЫЕ АКТИВЫ,T23_000000_t10Ved14.xlsx,65,9,False,DATA,-
8,ОБОРОТНЫЕ АКТИВЫ,T23_000000_t10Ved14.xlsx,66,0,False,OKVED_CODE,деятельность головных офисов; консультирование по вопросам управления
8,ОБОРОТНЫЕ АКТИВЫ,T23_000000_t10Ved14.xlsx,66,1,False,OKVED_NAME,3551423
8,ОБОРОТНЫЕ АКТИВЫ,T23_000000_t10Ved14.xlsx,66,2,False,DATA,3551423
8,ОБОРОТНЫЕ АКТИВЫ,T23_000000_t10Ved14.xlsx,66,3,False,DATA,4913293
8,ОБОРОТНЫЕ АКТИВЫ,T23_000000_t10Ved14.xlsx,66,4,False,DATA,76254
8,ОБОРОТНЫЕ АКТИВЫ,T23_000000_t10Ved14.xlsx,66,5,False,DATA,99915
8,ОБОРОТНЫЕ АКТИВЫ,T23_000000_t10Ved14.xlsx,66,6,False,DATA,486
8,ОБОРОТНЫЕ АКТИВЫ,T23_000000_t10Ved14.xlsx,66,7,False,DATA,-
8,ОБОРОТНЫЕ АКТИВЫ,T23_000000_t10Ved14.xlsx,66,8,False,DATA,2084793
8,ОБОРОТНЫЕ АКТИВЫ,T23_000000_t10Ved14.xlsx,66,9,False,DATA,2992843
8,ОБОРОТНЫЕ АКТИВЫ,T23_000000_t10Ved14.xlsx,67,0,False,OKVED_CODE,"деятельность в области архитектуры и инженерно-технического проектирования; технических испытаний, и"
8,ОБОРОТНЫЕ АКТИВЫ,T23_000000_t10Ved14.xlsx,67,1,False,OKVED_NAME,355675
8,ОБОРОТНЫЕ АКТИВЫ,T23_000000_t10Ved14.xlsx,67,2,False,DATA,355675
8,ОБОРОТНЫЕ АКТИВЫ,T23_000000_t10Ved14.xlsx,67,3,False,DATA,615870
8,ОБОРОТНЫЕ АКТИВЫ,T23_000000_t10Ved14.xlsx,67,4,False,DATA,80154
8,ОБОРОТНЫЕ АКТИВЫ,T23_000000_t10Ved14.xlsx,67,5,False,DATA,170654
8,ОБОРОТНЫЕ АКТИВЫ,T23_000000_t10Ved14.xlsx,67,6,False,DATA,945
8,ОБОРОТНЫЕ АКТИВЫ,T23_000000_t10Ved14.xlsx,67,7,False,DATA,2469
8,ОБОРОТНЫЕ АКТИВЫ,T23_000000_t10Ved14.xlsx,67,8,False,DATA,82687
8,ОБОРОТНЫЕ АКТИВЫ,T23_000000_t10Ved14.xlsx,67,9,False,DATA,148182
8,ОБОРОТНЫЕ АКТИВЫ,T23_000000_t10Ved14.xlsx,68,0,False,OKVED_CODE,деятельность профессиональная научная и техническая прочая
8,ОБОРОТНЫЕ АКТИВЫ,T23_000000_t10Ved14.xlsx,68,1,False,OKVED_NAME,1361
8,ОБОРОТНЫЕ АКТИВЫ,T23_000000_t10Ved14.xlsx,68,2,False,DATA,1361
8,ОБОРОТНЫЕ АКТИВЫ,T23_000000_t10Ved14.xlsx,68,3,False,DATA,854
8,ОБОРОТНЫЕ АКТИВЫ,T23_000000_t10Ved14.xlsx,68,4,False,DATA,260
8,ОБОРОТНЫЕ АКТИВЫ,T23_000000_t10Ved14.xlsx,68,5,False,DATA,187
8,ОБОРОТНЫЕ АКТИВЫ,T23_000000_t10Ved14.xlsx,68,6,False,DATA,-
8,ОБОРОТНЫЕ АКТИВЫ,T23_000000_t10Ved14.xlsx,68,7,False,DATA,-
8,ОБОРОТНЫЕ АКТИВЫ,T23_000000_t10Ved14.xlsx,68,8,False,DATA,985
8,ОБОРОТНЫЕ АКТИВЫ,T23_000000_t10Ved14.xlsx,68,9,False,DATA,599
8,ОБОРОТНЫЕ АКТИВЫ,T23_000000_t10Ved14.xlsx,69,0,False,OKVED_CODE,"Деятельность административная 
и сопутствующие дополнительные услуги"
8,ОБОРОТНЫЕ АКТИВЫ,T23_000000_t10Ved14.xlsx,69,1,False,OKVED_NAME,297296
8,ОБОРОТНЫЕ АКТИВЫ,T23_000000_t10Ved14.xlsx,69,2,False,DATA,297296
8,ОБОРОТНЫЕ АКТИВЫ,T23_000000_t10Ved14.xlsx,69,3,False,DATA,261466
8,ОБОРОТНЫЕ АКТИВЫ,T23_000000_t10Ved14.xlsx,69,4,False,DATA,80812
8,ОБОРОТНЫЕ АКТИВЫ,T23_000000_t10Ved14.xlsx,69,5,False,DATA,141187
8,ОБОРОТНЫЕ АКТИВЫ,T23_000000_t10Ved14.xlsx,69,6,False,DATA,89
8,ОБОРОТНЫЕ АКТИВЫ,T23_000000_t10Ved14.xlsx,69,7,False,DATA,79
8,ОБОРОТНЫЕ АКТИВЫ,T23_000000_t10Ved14.xlsx,69,8,False,DATA,84345
8,ОБОРОТНЫЕ АКТИВЫ,T23_000000_t10Ved14.xlsx,69,9,False,DATA,73474
8,ОБОРОТНЫЕ АКТИВЫ,T23_000000_t10Ved14.xlsx,70,0,False,OKVED_CODE,аренда и лизинг
8,ОБОРОТНЫЕ АКТИВЫ,T23_000000_t10Ved14.xlsx,70,1,False,OKVED_NAME,89230
8,ОБОРОТНЫЕ АКТИВЫ,T23_000000_t10Ved14.xlsx,70,2,False,DATA,89230
8,ОБОРОТНЫЕ АКТИВЫ,T23_000000_t10Ved14.xlsx,70,3,False,DATA,27332
8,ОБОРОТНЫЕ АКТИВЫ,T23_000000_t10Ved14.xlsx,70,4,False,DATA,-
8,ОБОРОТНЫЕ АКТИВЫ,T23_000000_t10Ved14.xlsx,70,5,False,DATA,-
8,ОБОРОТНЫЕ АКТИВЫ,T23_000000_t10Ved14.xlsx,70,6,False,DATA,-
8,ОБОРОТНЫЕ АКТИВЫ,T23_000000_t10Ved14.xlsx,70,7,False,DATA,-
8,ОБОРОТНЫЕ АКТИВЫ,T23_000000_t10Ved14.xlsx,70,8,False,DATA,7214
8,ОБОРОТНЫЕ АКТИВЫ,T23_000000_t10Ved14.xlsx,70,9,False,DATA,13629
8,ОБОРОТНЫЕ АКТИВЫ,T23_000000_t10Ved14.xlsx,71,0,False,OKVED_CODE,
8,ОБОРОТНЫЕ АКТИВЫ,T23_000000_t10Ved14.xlsx,71,1,False,OKVED_NAME,
8,ОБОРОТНЫЕ АКТИВЫ,T23_000000_t10Ved14.xlsx,71,2,False,EMPTY,
8,ОБОРОТНЫЕ АКТИВЫ,T23_000000_t10Ved14.xlsx,71,3,False,EMPTY,
8,ОБОРОТНЫЕ АКТИВЫ,T23_000000_t10Ved14.xlsx,71,4,False,EMPTY,
8,ОБОРОТНЫЕ АКТИВЫ,T23_000000_t10Ved14.xlsx,71,5,False,EMPTY,
8,ОБОРОТНЫЕ АКТИВЫ,T23_000000_t10Ved14.xlsx,71,6,False,EMPTY,
8,ОБОРОТНЫЕ АКТИВЫ,T23_000000_t10Ved14.xlsx,71,7,False,EMPTY,
8,ОБОРОТНЫЕ АКТИВЫ,T23_000000_t10Ved14.xlsx,71,8,False,EMPTY,
8,ОБОРОТНЫЕ АКТИВЫ,T23_000000_t10Ved14.xlsx,71,9,False,EMPTY,
8,ОБОРОТНЫЕ АКТИВЫ,T23_000000_t10Ved14.xlsx,72,0,False,OKVED_CODE,
8,ОБОРОТНЫЕ АКТИВЫ,T23_000000_t10Ved14.xlsx,72,1,False,OKVED_NAME,
8,ОБОРОТНЫЕ АКТИВЫ,T23_000000_t10Ved14.xlsx,72,2,False,EMPTY,
8,ОБОРОТНЫЕ АКТИВЫ,T23_000000_t10Ved14.xlsx,72,3,False,EMPTY,
8,ОБОРОТНЫЕ АКТИВЫ,T23_000000_t10Ved14.xlsx,72,4,False,EMPTY,
8,ОБОРОТНЫЕ АКТИВЫ,T23_000000_t10Ved14.xlsx,72,5,False,EMPTY,
8,ОБОРОТНЫЕ АКТИВЫ,T23_000000_t10Ved14.xlsx,72,6,False,EMPTY,
8,ОБОРОТНЫЕ АКТИВЫ,T23_000000_t10Ved14.xlsx,72,7,False,EMPTY,
8,ОБОРОТНЫЕ АКТИВЫ,T23_000000_t10Ved14.xlsx,72,8,False,EMPTY,
8,ОБОРОТНЫЕ АКТИВЫ,T23_000000_t10Ved14.xlsx,72,9,False,EMPTY,
8,ОБОРОТНЫЕ АКТИВЫ,T23_000000_t10Ved14.xlsx,73,0,False,OKVED_CODE,
8,ОБОРОТНЫЕ АКТИВЫ,T23_000000_t10Ved14.xlsx,73,1,False,OKVED_NAME,
8,ОБОРОТНЫЕ АКТИВЫ,T23_000000_t10Ved14.xlsx,73,2,False,EMPTY,
8,ОБОРОТНЫЕ АКТИВЫ,T23_000000_t10Ved14.xlsx,73,3,False,EMPTY,
8,ОБОРОТНЫЕ АКТИВЫ,T23_000000_t10Ved14.xlsx,73,4,False,EMPTY,
8,ОБОРОТНЫЕ АКТИВЫ,T23_000000_t10Ved14.xlsx,73,5,False,EMPTY,
8,ОБОРОТНЫЕ АКТИВЫ,T23_000000_t10Ved14.xlsx,73,6,False,EMPTY,
8,ОБОРОТНЫЕ АКТИВЫ,T23_000000_t10Ved14.xlsx,73,7,False,DATA,Продолжение таблицы 4.
8,ОБОРОТНЫЕ АКТИВЫ,T23_000000_t10Ved14.xlsx,73,8,False,DATA,Продолжение таблицы 4.
8,ОБОРОТНЫЕ АКТИВЫ,T23_000000_t10Ved14.xlsx,73,9,False,DATA,Продолжение таблицы 4.
8,ОБОРОТНЫЕ АКТИВЫ,T23_000000_t10Ved14.xlsx,74,0,False,OKVED_CODE,
8,ОБОРОТНЫЕ АКТИВЫ,T23_000000_t10Ved14.xlsx,74,1,False,OKVED_NAME,Оборотные активы
8,ОБОРОТНЫЕ АКТИВЫ,T23_000000_t10Ved14.xlsx,74,2,False,DATA,Оборотные активы
8,ОБОРОТНЫЕ АКТИВЫ,T23_000000_t10Ved14.xlsx,74,3,False,DATA,Оборотные активы
8,ОБОРОТНЫЕ АКТИВЫ,T23_000000_t10Ved14.xlsx,74,4,False,DATA,в том числе из оборотных активов
8,ОБОРОТНЫЕ АКТИВЫ,T23_000000_t10Ved14.xlsx,74,5,False,DATA,в том числе из оборотных активов
8,ОБОРОТНЫЕ АКТИВЫ,T23_000000_t10Ved14.xlsx,74,6,False,DATA,в том числе из оборотных активов
8,ОБОРОТНЫЕ АКТИВЫ,T23_000000_t10Ved14.xlsx,74,7,False,DATA,в том числе из оборотных активов
8,ОБОРОТНЫЕ АКТИВЫ,T23_000000_t10Ved14.xlsx,74,8,False,DATA,в том числе из оборотных активов
8,ОБОРОТНЫЕ АКТИВЫ,T23_000000_t10Ved14.xlsx,74,9,False,DATA,в том числе из оборотных активов
8,ОБОРОТНЫЕ АКТИВЫ,T23_000000_t10Ved14.xlsx,75,0,False,OKVED_CODE,
8,ОБОРОТНЫЕ АКТИВЫ,T23_000000_t10Ved14.xlsx,75,1,False,OKVED_NAME,Оборотные активы
8,ОБОРОТНЫЕ АКТИВЫ,T23_000000_t10Ved14.xlsx,75,2,False,DATA,Оборотные активы
8,ОБОРОТНЫЕ АКТИВЫ,T23_000000_t10Ved14.xlsx,75,3,False,DATA,Оборотные активы
8,ОБОРОТНЫЕ АКТИВЫ,T23_000000_t10Ved14.xlsx,75,4,False,DATA,запасы
8,ОБОРОТНЫЕ АКТИВЫ,T23_000000_t10Ved14.xlsx,75,5,False,DATA,запасы
8,ОБОРОТНЫЕ АКТИВЫ,T23_000000_t10Ved14.xlsx,75,6,False,DATA,налог на добавленную стоимость по приобретенным ценностям
8,ОБОРОТНЫЕ АКТИВЫ,T23_000000_t10Ved14.xlsx,75,7,False,DATA,налог на добавленную стоимость по приобретенным ценностям
8,ОБОРОТНЫЕ АКТИВЫ,T23_000000_t10Ved14.xlsx,75,8,False,DATA,дебиторская задолженность
8,ОБОРОТНЫЕ АКТИВЫ,T23_000000_t10Ved14.xlsx,75,9,False,DATA,дебиторская задолженность
8,ОБОРОТНЫЕ АКТИВЫ,T23_000000_t10Ved14.xlsx,76,0,False,OKVED_CODE,
8,ОБОРОТНЫЕ АКТИВЫ,T23_000000_t10Ved14.xlsx,76,1,False,OKVED_NAME,Оборотные активы
8,ОБОРОТНЫЕ АКТИВЫ,T23_000000_t10Ved14.xlsx,76,2,False,DATA,Оборотные активы
8,ОБОРОТНЫЕ АКТИВЫ,T23_000000_t10Ved14.xlsx,76,3,False,DATA,Оборотные активы
8,ОБОРОТНЫЕ АКТИВЫ,T23_000000_t10Ved14.xlsx,76,4,False,DATA,запасы
8,ОБОРОТНЫЕ АКТИВЫ,T23_000000_t10Ved14.xlsx,76,5,False,DATA,запасы
8,ОБОРОТНЫЕ АКТИВЫ,T23_000000_t10Ved14.xlsx,76,6,False,DATA,налог на добавленную стоимость по приобретенным ценностям
8,ОБОРОТНЫЕ АКТИВЫ,T23_000000_t10Ved14.xlsx,76,7,False,DATA,налог на добавленную стоимость по приобретенным ценностям
8,ОБОРОТНЫЕ АКТИВЫ,T23_000000_t10Ved14.xlsx,76,8,False,DATA,дебиторская задолженность
8,ОБОРОТНЫЕ АКТИВЫ,T23_000000_t10Ved14.xlsx,76,9,False,DATA,дебиторская задолженность
8,ОБОРОТНЫЕ АКТИВЫ,T23_000000_t10Ved14.xlsx,77,0,False,OKVED_CODE,
8,ОБОРОТНЫЕ АКТИВЫ,T23_000000_t10Ved14.xlsx,77,1,False,OKVED_NAME,2022
8,ОБОРОТНЫЕ АКТИВЫ,T23_000000_t10Ved14.xlsx,77,2,False,DATA,2022
8,ОБОРОТНЫЕ АКТИВЫ,T23_000000_t10Ved14.xlsx,77,3,False,DATA,2023
8,ОБОРОТНЫЕ АКТИВЫ,T23_000000_t10Ved14.xlsx,77,4,False,DATA,2022
8,ОБОРОТНЫЕ АКТИВЫ,T23_000000_t10Ved14.xlsx,77,5,False,DATA,2023
8,ОБОРОТНЫЕ АКТИВЫ,T23_000000_t10Ved14.xlsx,77,6,False,DATA,2022
8,ОБОРОТНЫЕ АКТИВЫ,T23_000000_t10Ved14.xlsx,77,7,False,DATA,2023
8,ОБОРОТНЫЕ АКТИВЫ,T23_000000_t10Ved14.xlsx,77,8,False,DATA,2022
8,ОБОРОТНЫЕ АКТИВЫ,T23_000000_t10Ved14.xlsx,77,9,False,DATA,2023
8,ОБОРОТНЫЕ АКТИВЫ,T23_000000_t10Ved14.xlsx,78,0,False,OKVED_CODE,"деятельность туристических агентств
и прочих организаций, предоставляющих услуги 
в сфере туризма"
8,ОБОРОТНЫЕ АКТИВЫ,T23_000000_t10Ved14.xlsx,78,1,False,OKVED_NAME,6612
8,ОБОРОТНЫЕ АКТИВЫ,T23_000000_t10Ved14.xlsx,78,2,False,DATA,6612
8,ОБОРОТНЫЕ АКТИВЫ,T23_000000_t10Ved14.xlsx,78,3,False,DATA,16157
8,ОБОРОТНЫЕ АКТИВЫ,T23_000000_t10Ved14.xlsx,78,4,False,DATA,1542
8,ОБОРОТНЫЕ АКТИВЫ,T23_000000_t10Ved14.xlsx,78,5,False,DATA,141
8,ОБОРОТНЫЕ АКТИВЫ,T23_000000_t10Ved14.xlsx,78,6,False,DATA,15
8,ОБОРОТНЫЕ АКТИВЫ,T23_000000_t10Ved14.xlsx,78,7,False,DATA,73
8,ОБОРОТНЫЕ АКТИВЫ,T23_000000_t10Ved14.xlsx,78,8,False,DATA,4703
8,ОБОРОТНЫЕ АКТИВЫ,T23_000000_t10Ved14.xlsx,78,9,False,DATA,15940
8,ОБОРОТНЫЕ АКТИВЫ,T23_000000_t10Ved14.xlsx,79,0,False,OKVED_CODE,"деятельность 
по обслуживанию зданий
и территорий"
8,ОБОРОТНЫЕ АКТИВЫ,T23_000000_t10Ved14.xlsx,79,1,False,OKVED_NAME,200601
8,ОБОРОТНЫЕ АКТИВЫ,T23_000000_t10Ved14.xlsx,79,2,False,DATA,200601
8,ОБОРОТНЫЕ АКТИВЫ,T23_000000_t10Ved14.xlsx,79,3,False,DATA,216749
8,ОБОРОТНЫЕ АКТИВЫ,T23_000000_t10Ved14.xlsx,79,4,False,DATA,79024
8,ОБОРОТНЫЕ АКТИВЫ,T23_000000_t10Ved14.xlsx,79,5,False,DATA,140800
8,ОБОРОТНЫЕ АКТИВЫ,T23_000000_t10Ved14.xlsx,79,6,False,DATA,74
8,ОБОРОТНЫЕ АКТИВЫ,T23_000000_t10Ved14.xlsx,79,7,False,DATA,6
8,ОБОРОТНЫЕ АКТИВЫ,T23_000000_t10Ved14.xlsx,79,8,False,DATA,72277
8,ОБОРОТНЫЕ АКТИВЫ,T23_000000_t10Ved14.xlsx,79,9,False,DATA,43456
8,ОБОРОТНЫЕ АКТИВЫ,T23_000000_t10Ved14.xlsx,80,0,False,OKVED_CODE,"деятельность административно-хозяйственная, вспомогательная деятельность 
по обеспечению функциониро"
8,ОБОРОТНЫЕ АКТИВЫ,T23_000000_t10Ved14.xlsx,80,1,False,OKVED_NAME,853
8,ОБОРОТНЫЕ АКТИВЫ,T23_000000_t10Ved14.xlsx,80,2,False,DATA,853
8,ОБОРОТНЫЕ АКТИВЫ,T23_000000_t10Ved14.xlsx,80,3,False,DATA,1228
8,ОБОРОТНЫЕ АКТИВЫ,T23_000000_t10Ved14.xlsx,80,4,False,DATA,246
8,ОБОРОТНЫЕ АКТИВЫ,T23_000000_t10Ved14.xlsx,80,5,False,DATA,246
8,ОБОРОТНЫЕ АКТИВЫ,T23_000000_t10Ved14.xlsx,80,6,False,DATA,-
8,ОБОРОТНЫЕ АКТИВЫ,T23_000000_t10Ved14.xlsx,80,7,False,DATA,-
8,ОБОРОТНЫЕ АКТИВЫ,T23_000000_t10Ved14.xlsx,80,8,False,DATA,151
8,ОБОРОТНЫЕ АКТИВЫ,T23_000000_t10Ved14.xlsx,80,9,False,DATA,449
8,ОБОРОТНЫЕ АКТИВЫ,T23_000000_t10Ved14.xlsx,81,0,False,OKVED_CODE,Государственное управление и обеспечение военной безопасности; социальное обеспечение
8,ОБОРОТНЫЕ АКТИВЫ,T23_000000_t10Ved14.xlsx,81,1,False,OKVED_NAME,3296
8,ОБОРОТНЫЕ АКТИВЫ,T23_000000_t10Ved14.xlsx,81,2,False,DATA,3296
8,ОБОРОТНЫЕ АКТИВЫ,T23_000000_t10Ved14.xlsx,81,3,False,DATA,17898
8,ОБОРОТНЫЕ АКТИВЫ,T23_000000_t10Ved14.xlsx,81,4,False,DATA,2284
8,ОБОРОТНЫЕ АКТИВЫ,T23_000000_t10Ved14.xlsx,81,5,False,DATA,5072
8,ОБОРОТНЫЕ АКТИВЫ,T23_000000_t10Ved14.xlsx,81,6,False,DATA,-
8,ОБОРОТНЫЕ АКТИВЫ,T23_000000_t10Ved14.xlsx,81,7,False,DATA,-
8,ОБОРОТНЫЕ АКТИВЫ,T23_000000_t10Ved14.xlsx,81,8,False,DATA,203
8,ОБОРОТНЫЕ АКТИВЫ,T23_000000_t10Ved14.xlsx,81,9,False,DATA,578
8,ОБОРОТНЫЕ АКТИВЫ,T23_000000_t10Ved14.xlsx,82,0,False,OKVED_CODE,
8,ОБОРОТНЫЕ АКТИВЫ,T23_000000_t10Ved14.xlsx,82,1,False,OKVED_NAME,
8,ОБОРОТНЫЕ АКТИВЫ,T23_000000_t10Ved14.xlsx,82,2,False,EMPTY,
8,ОБОРОТНЫЕ АКТИВЫ,T23_000000_t10Ved14.xlsx,82,3,False,EMPTY,
8,ОБОРОТНЫЕ АКТИВЫ,T23_000000_t10Ved14.xlsx,82,4,False,EMPTY,
8,ОБОРОТНЫЕ АКТИВЫ,T23_000000_t10Ved14.xlsx,82,5,False,EMPTY,
8,ОБОРОТНЫЕ АКТИВЫ,T23_000000_t10Ved14.xlsx,82,6,False,EMPTY,
8,ОБОРОТНЫЕ АКТИВЫ,T23_000000_t10Ved14.xlsx,82,7,False,EMPTY,
8,ОБОРОТНЫЕ АКТИВЫ,T23_000000_t10Ved14.xlsx,82,8,False,EMPTY,
8,ОБОРОТНЫЕ АКТИВЫ,T23_000000_t10Ved14.xlsx,82,9,False,EMPTY,
8,ОБОРОТНЫЕ АКТИВЫ,T23_000000_t10Ved14.xlsx,83,0,False,OKVED_CODE,
8,ОБОРОТНЫЕ АКТИВЫ,T23_000000_t10Ved14.xlsx,83,1,False,OKVED_NAME,
8,ОБОРОТНЫЕ АКТИВЫ,T23_000000_t10Ved14.xlsx,83,2,False,EMPTY,
8,ОБОРОТНЫЕ АКТИВЫ,T23_000000_t10Ved14.xlsx,83,3,False,EMPTY,
8,ОБОРОТНЫЕ АКТИВЫ,T23_000000_t10Ved14.xlsx,83,4,False,EMPTY,
8,ОБОРОТНЫЕ АКТИВЫ,T23_000000_t10Ved14.xlsx,83,5,False,EMPTY,
8,ОБОРОТНЫЕ АКТИВЫ,T23_000000_t10Ved14.xlsx,83,6,False,EMPTY,
8,ОБОРОТНЫЕ АКТИВЫ,T23_000000_t10Ved14.xlsx,83,7,False,EMPTY,
8,ОБОРОТНЫЕ АКТИВЫ,T23_000000_t10Ved14.xlsx,83,8,False,EMPTY,
8,ОБОРОТНЫЕ АКТИВЫ,T23_000000_t10Ved14.xlsx,83,9,False,EMPTY,
9,ОБОРОТНЫЕ АКТИВЫ,T23_000000_t10Ved14.xlsx,0,0,False,OKVED_CODE,
9,ОБОРОТНЫЕ АКТИВЫ,T23_000000_t10Ved14.xlsx,0,1,False,OKVED_NAME,
9,ОБОРОТНЫЕ АКТИВЫ,T23_000000_t10Ved14.xlsx,0,2,False,EMPTY,
9,ОБОРОТНЫЕ АКТИВЫ,T23_000000_t10Ved14.xlsx,0,3,False,EMPTY,
9,ОБОРОТНЫЕ АКТИВЫ,T23_000000_t10Ved14.xlsx,0,4,False,EMPTY,
9,ОБОРОТНЫЕ АКТИВЫ,T23_000000_t10Ved14.xlsx,0,5,False,EMPTY,
9,ОБОРОТНЫЕ АКТИВЫ,T23_000000_t10Ved14.xlsx,0,6,False,DATA,Продолжение таблицы 4.
9,ОБОРОТНЫЕ АКТИВЫ,T23_000000_t10Ved14.xlsx,0,7,False,DATA,Продолжение таблицы 4.
9,ОБОРОТНЫЕ АКТИВЫ,T23_000000_t10Ved14.xlsx,0,8,False,DATA,Продолжение таблицы 4.
9,ОБОРОТНЫЕ АКТИВЫ,T23_000000_t10Ved14.xlsx,1,0,False,OKVED_CODE,
9,ОБОРОТНЫЕ АКТИВЫ,T23_000000_t10Ved14.xlsx,1,1,False,OKVED_NAME,Оборотные активы
9,ОБОРОТНЫЕ АКТИВЫ,T23_000000_t10Ved14.xlsx,1,2,False,DATA,Оборотные активы
9,ОБОРОТНЫЕ АКТИВЫ,T23_000000_t10Ved14.xlsx,1,3,False,DATA,в том числе из оборотных активов
9,ОБОРОТНЫЕ АКТИВЫ,T23_000000_t10Ved14.xlsx,1,4,False,DATA,в том числе из оборотных активов
9,ОБОРОТНЫЕ АКТИВЫ,T23_000000_t10Ved14.xlsx,1,5,False,DATA,в том числе из оборотных активов
9,ОБОРОТНЫЕ АКТИВЫ,T23_000000_t10Ved14.xlsx,1,6,False,DATA,в том числе из оборотных активов
9,ОБОРОТНЫЕ АКТИВЫ,T23_000000_t10Ved14.xlsx,1,7,False,DATA,в том числе из оборотных активов
9,ОБОРОТНЫЕ АКТИВЫ,T23_000000_t10Ved14.xlsx,1,8,False,DATA,в том числе из оборотных активов
9,ОБОРОТНЫЕ АКТИВЫ,T23_000000_t10Ved14.xlsx,2,0,False,OKVED_CODE,
9,ОБОРОТНЫЕ АКТИВЫ,T23_000000_t10Ved14.xlsx,2,1,False,OKVED_NAME,Оборотные активы
9,ОБОРОТНЫЕ АКТИВЫ,T23_000000_t10Ved14.xlsx,2,2,False,DATA,Оборотные активы
9,ОБОРОТНЫЕ АКТИВЫ,T23_000000_t10Ved14.xlsx,2,3,False,DATA,запасы
9,ОБОРОТНЫЕ АКТИВЫ,T23_000000_t10Ved14.xlsx,2,4,False,DATA,запасы
9,ОБОРОТНЫЕ АКТИВЫ,T23_000000_t10Ved14.xlsx,2,5,False,DATA,налог на добавленную стоимость по приобретенным ценностям
9,ОБОРОТНЫЕ АКТИВЫ,T23_000000_t10Ved14.xlsx,2,6,False,DATA,налог на добавленную стоимость по приобретенным ценностям
9,ОБОРОТНЫЕ АКТИВЫ,T23_000000_t10Ved14.xlsx,2,7,False,DATA,дебиторская задолженность
9,ОБОРОТНЫЕ АКТИВЫ,T23_000000_t10Ved14.xlsx,2,8,False,DATA,дебиторская задолженность
9,ОБОРОТНЫЕ АКТИВЫ,T23_000000_t10Ved14.xlsx,3,0,False,OKVED_CODE,
9,ОБОРОТНЫЕ АКТИВЫ,T23_000000_t10Ved14.xlsx,3,1,False,OKVED_NAME,Оборотные активы
9,ОБОРОТНЫЕ АКТИВЫ,T23_000000_t10Ved14.xlsx,3,2,False,DATA,Оборотные активы
9,ОБОРОТНЫЕ АКТИВЫ,T23_000000_t10Ved14.xlsx,3,3,False,DATA,запасы
9,ОБОРОТНЫЕ АКТИВЫ,T23_000000_t10Ved14.xlsx,3,4,False,DATA,запасы
9,ОБОРОТНЫЕ АКТИВЫ,T23_000000_t10Ved14.xlsx,3,5,False,DATA,налог на добавленную стоимость по приобретенным ценностям
9,ОБОРОТНЫЕ АКТИВЫ,T23_000000_t10Ved14.xlsx,3,6,False,DATA,налог на добавленную стоимость по приобретенным ценностям
9,ОБОРОТНЫЕ АКТИВЫ,T23_000000_t10Ved14.xlsx,3,7,False,DATA,дебиторская задолженность
9,ОБОРОТНЫЕ АКТИВЫ,T23_000000_t10Ved14.xlsx,3,8,False,DATA,дебиторская задолженность
9,ОБОРОТНЫЕ АКТИВЫ,T23_000000_t10Ved14.xlsx,4,0,False,OKVED_CODE,
9,ОБОРОТНЫЕ АКТИВЫ,T23_000000_t10Ved14.xlsx,4,1,False,OKVED_NAME,2022
9,ОБОРОТНЫЕ АКТИВЫ,T23_000000_t10Ved14.xlsx,4,2,False,DATA,2023
9,ОБОРОТНЫЕ АКТИВЫ,T23_000000_t10Ved14.xlsx,4,3,False,DATA,2022
9,ОБОРОТНЫЕ АКТИВЫ,T23_000000_t10Ved14.xlsx,4,4,False,DATA,2023
9,ОБОРОТНЫЕ АКТИВЫ,T23_000000_t10Ved14.xlsx,4,5,False,DATA,2022
9,ОБОРОТНЫЕ АКТИВЫ,T23_000000_t10Ved14.xlsx,4,6,False,DATA,2023
9,ОБОРОТНЫЕ АКТИВЫ,T23_000000_t10Ved14.xlsx,4,7,False,DATA,2022
9,ОБОРОТНЫЕ АКТИВЫ,T23_000000_t10Ved14.xlsx,4,8,False,DATA,2023
9,ОБОРОТНЫЕ АКТИВЫ,T23_000000_t10Ved14.xlsx,5,0,False,OKVED_CODE,"деятельность органов государственного управления по обеспечению военной безопасности, обязательному "
9,ОБОРОТНЫЕ АКТИВЫ,T23_000000_t10Ved14.xlsx,5,1,False,OKVED_NAME,3296
9,ОБОРОТНЫЕ АКТИВЫ,T23_000000_t10Ved14.xlsx,5,2,False,DATA,17898
9,ОБОРОТНЫЕ АКТИВЫ,T23_000000_t10Ved14.xlsx,5,3,False,DATA,2284
9,ОБОРОТНЫЕ АКТИВЫ,T23_000000_t10Ved14.xlsx,5,4,False,DATA,5072
9,ОБОРОТНЫЕ АКТИВЫ,T23_000000_t10Ved14.xlsx,5,5,False,DATA,-
9,ОБОРОТНЫЕ АКТИВЫ,T23_000000_t10Ved14.xlsx,5,6,False,DATA,-
9,ОБОРОТНЫЕ АКТИВЫ,T23_000000_t10Ved14.xlsx,5,7,False,DATA,203
9,ОБОРОТНЫЕ АКТИВЫ,T23_000000_t10Ved14.xlsx,5,8,False,DATA,578
9,ОБОРОТНЫЕ АКТИВЫ,T23_000000_t10Ved14.xlsx,6,0,False,OKVED_CODE,Образование
9,ОБОРОТНЫЕ АКТИВЫ,T23_000000_t10Ved14.xlsx,6,1,False,OKVED_NAME,929
9,ОБОРОТНЫЕ АКТИВЫ,T23_000000_t10Ved14.xlsx,6,2,False,DATA,1157
9,ОБОРОТНЫЕ АКТИВЫ,T23_000000_t10Ved14.xlsx,6,3,False,DATA,757
9,ОБОРОТНЫЕ АКТИВЫ,T23_000000_t10Ved14.xlsx,6,4,False,DATA,787
9,ОБОРОТНЫЕ АКТИВЫ,T23_000000_t10Ved14.xlsx,6,5,False,DATA,-
9,ОБОРОТНЫЕ АКТИВЫ,T23_000000_t10Ved14.xlsx,6,6,False,DATA,-
9,ОБОРОТНЫЕ АКТИВЫ,T23_000000_t10Ved14.xlsx,6,7,False,DATA,171
9,ОБОРОТНЫЕ АКТИВЫ,T23_000000_t10Ved14.xlsx,6,8,False,DATA,209
9,ОБОРОТНЫЕ АКТИВЫ,T23_000000_t10Ved14.xlsx,7,0,False,OKVED_CODE,образование
9,ОБОРОТНЫЕ АКТИВЫ,T23_000000_t10Ved14.xlsx,7,1,False,OKVED_NAME,929
9,ОБОРОТНЫЕ АКТИВЫ,T23_000000_t10Ved14.xlsx,7,2,False,DATA,1157
9,ОБОРОТНЫЕ АКТИВЫ,T23_000000_t10Ved14.xlsx,7,3,False,DATA,757
9,ОБОРОТНЫЕ АКТИВЫ,T23_000000_t10Ved14.xlsx,7,4,False,DATA,787
9,ОБОРОТНЫЕ АКТИВЫ,T23_000000_t10Ved14.xlsx,7,5,False,DATA,-
9,ОБОРОТНЫЕ АКТИВЫ,T23_000000_t10Ved14.xlsx,7,6,False,DATA,-
9,ОБОРОТНЫЕ АКТИВЫ,T23_000000_t10Ved14.xlsx,7,7,False,DATA,171
9,ОБОРОТНЫЕ АКТИВЫ,T23_000000_t10Ved14.xlsx,7,8,False,DATA,209
9,ОБОРОТНЫЕ АКТИВЫ,T23_000000_t10Ved14.xlsx,8,0,False,OKVED_CODE,"Деятельность в области здравоохранения 
и социальных услуг"
9,ОБОРОТНЫЕ АКТИВЫ,T23_000000_t10Ved14.xlsx,8,1,False,OKVED_NAME,32644
9,ОБОРОТНЫЕ АКТИВЫ,T23_000000_t10Ved14.xlsx,8,2,False,DATA,122443
9,ОБОРОТНЫЕ АКТИВЫ,T23_000000_t10Ved14.xlsx,8,3,False,DATA,1774
9,ОБОРОТНЫЕ АКТИВЫ,T23_000000_t10Ved14.xlsx,8,4,False,DATA,908
9,ОБОРОТНЫЕ АКТИВЫ,T23_000000_t10Ved14.xlsx,8,5,False,DATA,12
9,ОБОРОТНЫЕ АКТИВЫ,T23_000000_t10Ved14.xlsx,8,6,False,DATA,-
9,ОБОРОТНЫЕ АКТИВЫ,T23_000000_t10Ved14.xlsx,8,7,False,DATA,10565
9,ОБОРОТНЫЕ АКТИВЫ,T23_000000_t10Ved14.xlsx,8,8,False,DATA,90581
9,ОБОРОТНЫЕ АКТИВЫ,T23_000000_t10Ved14.xlsx,9,0,False,OKVED_CODE,деятельность в области здравоохранения
9,ОБОРОТНЫЕ АКТИВЫ,T23_000000_t10Ved14.xlsx,9,1,False,OKVED_NAME,31970
9,ОБОРОТНЫЕ АКТИВЫ,T23_000000_t10Ved14.xlsx,9,2,False,DATA,121400
9,ОБОРОТНЫЕ АКТИВЫ,T23_000000_t10Ved14.xlsx,9,3,False,DATA,1763
9,ОБОРОТНЫЕ АКТИВЫ,T23_000000_t10Ved14.xlsx,9,4,False,DATA,897
9,ОБОРОТНЫЕ АКТИВЫ,T23_000000_t10Ved14.xlsx,9,5,False,DATA,12
9,ОБОРОТНЫЕ АКТИВЫ,T23_000000_t10Ved14.xlsx,9,6,False,DATA,-
9,ОБОРОТНЫЕ АКТИВЫ,T23_000000_t10Ved14.xlsx,9,7,False,DATA,10414
9,ОБОРОТНЫЕ АКТИВЫ,T23_000000_t10Ved14.xlsx,9,8,False,DATA,90430
9,ОБОРОТНЫЕ АКТИВЫ,T23_000000_t10Ved14.xlsx,10,0,False,OKVED_CODE,"предоставление социальных услуг
без обеспечения проживания"
9,ОБОРОТНЫЕ АКТИВЫ,T23_000000_t10Ved14.xlsx,10,1,False,OKVED_NAME,674
9,ОБОРОТНЫЕ АКТИВЫ,T23_000000_t10Ved14.xlsx,10,2,False,DATA,1043
9,ОБОРОТНЫЕ АКТИВЫ,T23_000000_t10Ved14.xlsx,10,3,False,DATA,11
9,ОБОРОТНЫЕ АКТИВЫ,T23_000000_t10Ved14.xlsx,10,4,False,DATA,11
9,ОБОРОТНЫЕ АКТИВЫ,T23_000000_t10Ved14.xlsx,10,5,False,DATA,-
9,ОБОРОТНЫЕ АКТИВЫ,T23_000000_t10Ved14.xlsx,10,6,False,DATA,-
9,ОБОРОТНЫЕ АКТИВЫ,T23_000000_t10Ved14.xlsx,10,7,False,DATA,151
9,ОБОРОТНЫЕ АКТИВЫ,T23_000000_t10Ved14.xlsx,10,8,False,DATA,151
9,ОБОРОТНЫЕ АКТИВЫ,T23_000000_t10Ved14.xlsx,11,0,False,OKVED_CODE,"Деятельность в области культуры, спорта, организации досуга
и развлечений"
9,ОБОРОТНЫЕ АКТИВЫ,T23_000000_t10Ved14.xlsx,11,1,False,OKVED_NAME,354
9,ОБОРОТНЫЕ АКТИВЫ,T23_000000_t10Ved14.xlsx,11,2,False,DATA,117
9,ОБОРОТНЫЕ АКТИВЫ,T23_000000_t10Ved14.xlsx,11,3,False,DATA,-
9,ОБОРОТНЫЕ АКТИВЫ,T23_000000_t10Ved14.xlsx,11,4,False,DATA,-
9,ОБОРОТНЫЕ АКТИВЫ,T23_000000_t10Ved14.xlsx,11,5,False,DATA,-
9,ОБОРОТНЫЕ АКТИВЫ,T23_000000_t10Ved14.xlsx,11,6,False,DATA,-
9,ОБОРОТНЫЕ АКТИВЫ,T23_000000_t10Ved14.xlsx,11,7,False,DATA,85
9,ОБОРОТНЫЕ АКТИВЫ,T23_000000_t10Ved14.xlsx,11,8,False,DATA,85
9,ОБОРОТНЫЕ АКТИВЫ,T23_000000_t10Ved14.xlsx,12,0,False,OKVED_CODE,"деятельность в области спорта, отдыха 
и развлечений"
9,ОБОРОТНЫЕ АКТИВЫ,T23_000000_t10Ved14.xlsx,12,1,False,OKVED_NAME,354
9,ОБОРОТНЫЕ АКТИВЫ,T23_000000_t10Ved14.xlsx,12,2,False,DATA,117
9,ОБОРОТНЫЕ АКТИВЫ,T23_000000_t10Ved14.xlsx,12,3,False,DATA,-
9,ОБОРОТНЫЕ АКТИВЫ,T23_000000_t10Ved14.xlsx,12,4,False,DATA,-
9,ОБОРОТНЫЕ АКТИВЫ,T23_000000_t10Ved14.xlsx,12,5,False,DATA,-
9,ОБОРОТНЫЕ АКТИВЫ,T23_000000_t10Ved14.xlsx,12,6,False,DATA,-
9,ОБОРОТНЫЕ АКТИВЫ,T23_000000_t10Ved14.xlsx,12,7,False,DATA,85
9,ОБОРОТНЫЕ АКТИВЫ,T23_000000_t10Ved14.xlsx,12,8,False,DATA,85
9,ОБОРОТНЫЕ АКТИВЫ,T23_000000_t10Ved14.xlsx,13,0,False,OKVED_CODE,
9,ОБОРОТНЫЕ АКТИВЫ,T23_000000_t10Ved14.xlsx,13,1,False,OKVED_NAME,
9,ОБОРОТНЫЕ АКТИВЫ,T23_000000_t10Ved14.xlsx,13,2,False,EMPTY,
9,ОБОРОТНЫЕ АКТИВЫ,T23_000000_t10Ved14.xlsx,13,3,False,EMPTY,
9,ОБОРОТНЫЕ АКТИВЫ,T23_000000_t10Ved14.xlsx,13,4,False,EMPTY,
9,ОБОРОТНЫЕ АКТИВЫ,T23_000000_t10Ved14.xlsx,13,5,False,EMPTY,
9,ОБОРОТНЫЕ АКТИВЫ,T23_000000_t10Ved14.xlsx,13,6,False,EMPTY,
9,ОБОРОТНЫЕ АКТИВЫ,T23_000000_t10Ved14.xlsx,13,7,False,EMPTY,
9,ОБОРОТНЫЕ АКТИВЫ,T23_000000_t10Ved14.xlsx,13,8,False,EMPTY,
9,ОБОРОТНЫЕ АКТИВЫ,T23_000000_t10Ved14.xlsx,14,0,False,OKVED_CODE,
9,ОБОРОТНЫЕ АКТИВЫ,T23_000000_t10Ved14.xlsx,14,1,False,OKVED_NAME,
9,ОБОРОТНЫЕ АКТИВЫ,T23_000000_t10Ved14.xlsx,14,2,False,EMPTY,
9,ОБОРОТНЫЕ АКТИВЫ,T23_000000_t10Ved14.xlsx,14,3,False,EMPTY,
9,ОБОРОТНЫЕ АКТИВЫ,T23_000000_t10Ved14.xlsx,14,4,False,EMPTY,
9,ОБОРОТНЫЕ АКТИВЫ,T23_000000_t10Ved14.xlsx,14,5,False,EMPTY,
9,ОБОРОТНЫЕ АКТИВЫ,T23_000000_t10Ved14.xlsx,14,6,False,EMPTY,
9,ОБОРОТНЫЕ АКТИВЫ,T23_000000_t10Ved14.xlsx,14,7,False,EMPTY,
9,ОБОРОТНЫЕ АКТИВЫ,T23_000000_t10Ved14.xlsx,14,8,False,EMPTY,
9,ОБОРОТНЫЕ АКТИВЫ,T23_000000_t10Ved14.xlsx,15,0,False,OKVED_CODE,
9,ОБОРОТНЫЕ АКТИВЫ,T23_000000_t10Ved14.xlsx,15,1,False,OKVED_NAME,
9,ОБОРОТНЫЕ АКТИВЫ,T23_000000_t10Ved14.xlsx,15,2,False,EMPTY,
9,ОБОРОТНЫЕ АКТИВЫ,T23_000000_t10Ved14.xlsx,15,3,False,EMPTY,
9,ОБОРОТНЫЕ АКТИВЫ,T23_000000_t10Ved14.xlsx,15,4,False,EMPTY,
9,ОБОРОТНЫЕ АКТИВЫ,T23_000000_t10Ved14.xlsx,15,5,False,EMPTY,
9,ОБОРОТНЫЕ АКТИВЫ,T23_000000_t10Ved14.xlsx,15,6,False,EMPTY,
9,ОБОРОТНЫЕ АКТИВЫ,T23_000000_t10Ved14.xlsx,15,7,False,EMPTY,
9,ОБОРОТНЫЕ АКТИВЫ,T23_000000_t10Ved14.xlsx,15,8,False,EMPTY,
9,ОБОРОТНЫЕ АКТИВЫ,T23_000000_t10Ved14.xlsx,16,0,False,OKVED_CODE,
9,ОБОРОТНЫЕ АКТИВЫ,T23_000000_t10Ved14.xlsx,16,1,False,OKVED_NAME,
9,ОБОРОТНЫЕ АКТИВЫ,T23_000000_t10Ved14.xlsx,16,2,False,EMPTY,
9,ОБОРОТНЫЕ АКТИВЫ,T23_000000_t10Ved14.xlsx,16,3,False,EMPTY,
9,ОБОРОТНЫЕ АКТИВЫ,T23_000000_t10Ved14.xlsx,16,4,False,EMPTY,
9,ОБОРОТНЫЕ АКТИВЫ,T23_000000_t10Ved14.xlsx,16,5,False,EMPTY,
9,ОБОРОТНЫЕ АКТИВЫ,T23_000000_t10Ved14.xlsx,16,6,False,DATA,Продолжение таблицы 4.
9,ОБОРОТНЫЕ АКТИВЫ,T23_000000_t10Ved14.xlsx,16,7,False,DATA,Продолжение таблицы 4.
9,ОБОРОТНЫЕ АКТИВЫ,T23_000000_t10Ved14.xlsx,16,8,False,DATA,Продолжение таблицы 4.
9,ОБОРОТНЫЕ АКТИВЫ,T23_000000_t10Ved14.xlsx,17,0,False,OKVED_CODE,
9,ОБОРОТНЫЕ АКТИВЫ,T23_000000_t10Ved14.xlsx,17,1,False,OKVED_NAME,Оборотные активы
9,ОБОРОТНЫЕ АКТИВЫ,T23_000000_t10Ved14.xlsx,17,2,False,DATA,Оборотные активы
9,ОБОРОТНЫЕ АКТИВЫ,T23_000000_t10Ved14.xlsx,17,3,False,DATA,в том числе из оборотных активов
9,ОБОРОТНЫЕ АКТИВЫ,T23_000000_t10Ved14.xlsx,17,4,False,DATA,в том числе из оборотных активов
9,ОБОРОТНЫЕ АКТИВЫ,T23_000000_t10Ved14.xlsx,17,5,False,DATA,в том числе из оборотных активов
9,ОБОРОТНЫЕ АКТИВЫ,T23_000000_t10Ved14.xlsx,17,6,False,DATA,в том числе из оборотных активов
9,ОБОРОТНЫЕ АКТИВЫ,T23_000000_t10Ved14.xlsx,17,7,False,DATA,в том числе из оборотных активов
9,ОБОРОТНЫЕ АКТИВЫ,T23_000000_t10Ved14.xlsx,17,8,False,DATA,в том числе из оборотных активов
9,ОБОРОТНЫЕ АКТИВЫ,T23_000000_t10Ved14.xlsx,18,0,False,OKVED_CODE,
9,ОБОРОТНЫЕ АКТИВЫ,T23_000000_t10Ved14.xlsx,18,1,False,OKVED_NAME,Оборотные активы
9,ОБОРОТНЫЕ АКТИВЫ,T23_000000_t10Ved14.xlsx,18,2,False,DATA,Оборотные активы
9,ОБОРОТНЫЕ АКТИВЫ,T23_000000_t10Ved14.xlsx,18,3,False,DATA,запасы
9,ОБОРОТНЫЕ АКТИВЫ,T23_000000_t10Ved14.xlsx,18,4,False,DATA,запасы
9,ОБОРОТНЫЕ АКТИВЫ,T23_000000_t10Ved14.xlsx,18,5,False,DATA,налог на добавленную стоимость по приобретенным ценностям
9,ОБОРОТНЫЕ АКТИВЫ,T23_000000_t10Ved14.xlsx,18,6,False,DATA,налог на добавленную стоимость по приобретенным ценностям
9,ОБОРОТНЫЕ АКТИВЫ,T23_000000_t10Ved14.xlsx,18,7,False,DATA,дебиторская задолженность
9,ОБОРОТНЫЕ АКТИВЫ,T23_000000_t10Ved14.xlsx,18,8,False,DATA,дебиторская задолженность
9,ОБОРОТНЫЕ АКТИВЫ,T23_000000_t10Ved14.xlsx,19,0,False,OKVED_CODE,
9,ОБОРОТНЫЕ АКТИВЫ,T23_000000_t10Ved14.xlsx,19,1,False,OKVED_NAME,Оборотные активы
9,ОБОРОТНЫЕ АКТИВЫ,T23_000000_t10Ved14.xlsx,19,2,False,DATA,Оборотные активы
9,ОБОРОТНЫЕ АКТИВЫ,T23_000000_t10Ved14.xlsx,19,3,False,DATA,запасы
9,ОБОРОТНЫЕ АКТИВЫ,T23_000000_t10Ved14.xlsx,19,4,False,DATA,запасы
9,ОБОРОТНЫЕ АКТИВЫ,T23_000000_t10Ved14.xlsx,19,5,False,DATA,налог на добавленную стоимость по приобретенным ценностям
9,ОБОРОТНЫЕ АКТИВЫ,T23_000000_t10Ved14.xlsx,19,6,False,DATA,налог на добавленную стоимость по приобретенным ценностям
9,ОБОРОТНЫЕ АКТИВЫ,T23_000000_t10Ved14.xlsx,19,7,False,DATA,дебиторская задолженность
9,ОБОРОТНЫЕ АКТИВЫ,T23_000000_t10Ved14.xlsx,19,8,False,DATA,дебиторская задолженность
9,ОБОРОТНЫЕ АКТИВЫ,T23_000000_t10Ved14.xlsx,20,0,False,OKVED_CODE,
9,ОБОРОТНЫЕ АКТИВЫ,T23_000000_t10Ved14.xlsx,20,1,False,OKVED_NAME,2022
9,ОБОРОТНЫЕ АКТИВЫ,T23_000000_t10Ved14.xlsx,20,2,False,DATA,2023
9,ОБОРОТНЫЕ АКТИВЫ,T23_000000_t10Ved14.xlsx,20,3,False,DATA,2022
9,ОБОРОТНЫЕ АКТИВЫ,T23_000000_t10Ved14.xlsx,20,4,False,DATA,2023
9,ОБОРОТНЫЕ АКТИВЫ,T23_000000_t10Ved14.xlsx,20,5,False,DATA,2022
9,ОБОРОТНЫЕ АКТИВЫ,T23_000000_t10Ved14.xlsx,20,6,False,DATA,2023
9,ОБОРОТНЫЕ АКТИВЫ,T23_000000_t10Ved14.xlsx,20,7,False,DATA,2022
9,ОБОРОТНЫЕ АКТИВЫ,T23_000000_t10Ved14.xlsx,20,8,False,DATA,2023
9,ОБОРОТНЫЕ АКТИВЫ,T23_000000_t10Ved14.xlsx,21,0,False,OKVED_CODE,Предоставление прочих видов услуг
9,ОБОРОТНЫЕ АКТИВЫ,T23_000000_t10Ved14.xlsx,21,1,False,OKVED_NAME,500345
9,ОБОРОТНЫЕ АКТИВЫ,T23_000000_t10Ved14.xlsx,21,2,False,DATA,549868
9,ОБОРОТНЫЕ АКТИВЫ,T23_000000_t10Ved14.xlsx,21,3,False,DATA,572
9,ОБОРОТНЫЕ АКТИВЫ,T23_000000_t10Ved14.xlsx,21,4,False,DATA,280
9,ОБОРОТНЫЕ АКТИВЫ,T23_000000_t10Ved14.xlsx,21,5,False,DATA,-
9,ОБОРОТНЫЕ АКТИВЫ,T23_000000_t10Ved14.xlsx,21,6,False,DATA,-
9,ОБОРОТНЫЕ АКТИВЫ,T23_000000_t10Ved14.xlsx,21,7,False,DATA,24116
9,ОБОРОТНЫЕ АКТИВЫ,T23_000000_t10Ved14.xlsx,21,8,False,DATA,17553
9,ОБОРОТНЫЕ АКТИВЫ,T23_000000_t10Ved14.xlsx,22,0,False,OKVED_CODE,деятельность общественных и прочих некоммерческих организаций
9,ОБОРОТНЫЕ АКТИВЫ,T23_000000_t10Ved14.xlsx,22,1,False,OKVED_NAME,480901
9,ОБОРОТНЫЕ АКТИВЫ,T23_000000_t10Ved14.xlsx,22,2,False,DATA,535479
9,ОБОРОТНЫЕ АКТИВЫ,T23_000000_t10Ved14.xlsx,22,3,False,DATA,233
9,ОБОРОТНЫЕ АКТИВЫ,T23_000000_t10Ved14.xlsx,22,4,False,DATA,233
9,ОБОРОТНЫЕ АКТИВЫ,T23_000000_t10Ved14.xlsx,22,5,False,DATA,-
9,ОБОРОТНЫЕ АКТИВЫ,T23_000000_t10Ved14.xlsx,22,6,False,DATA,-
9,ОБОРОТНЫЕ АКТИВЫ,T23_000000_t10Ved14.xlsx,22,7,False,DATA,5200
9,ОБОРОТНЫЕ АКТИВЫ,T23_000000_t10Ved14.xlsx,22,8,False,DATA,3391
9,ОБОРОТНЫЕ АКТИВЫ,T23_000000_t10Ved14.xlsx,23,0,False,OKVED_CODE,"деятельность 
по предоставлению прочих персональных услуг"
9,ОБОРОТНЫЕ АКТИВЫ,T23_000000_t10Ved14.xlsx,23,1,False,OKVED_NAME,19444
9,ОБОРОТНЫЕ АКТИВЫ,T23_000000_t10Ved14.xlsx,23,2,False,DATA,14389
9,ОБОРОТНЫЕ АКТИВЫ,T23_000000_t10Ved14.xlsx,23,3,False,DATA,339
9,ОБОРОТНЫЕ АКТИВЫ,T23_000000_t10Ved14.xlsx,23,4,False,DATA,47
9,ОБОРОТНЫЕ АКТИВЫ,T23_000000_t10Ved14.xlsx,23,5,False,DATA,-
9,ОБОРОТНЫЕ АКТИВЫ,T23_000000_t10Ved14.xlsx,23,6,False,DATA,-
9,ОБОРОТНЫЕ АКТИВЫ,T23_000000_t10Ved14.xlsx,23,7,False,DATA,18916
9,ОБОРОТНЫЕ АКТИВЫ,T23_000000_t10Ved14.xlsx,23,8,False,DATA,14162
10,ОБОРОТНЫЕ АКТИВЫ,T23_000000_t10Ved14.xlsx,0,0,False,OKVED_CODE,
10,ОБОРОТНЫЕ АКТИВЫ,T23_000000_t10Ved14.xlsx,0,1,False,OKVED_NAME,
10,ОБОРОТНЫЕ АКТИВЫ,T23_000000_t10Ved14.xlsx,0,2,False,EMPTY,
10,ОБОРОТНЫЕ АКТИВЫ,T23_000000_t10Ved14.xlsx,0,3,False,EMPTY,
10,ОБОРОТНЫЕ АКТИВЫ,T23_000000_t10Ved14.xlsx,0,4,False,EMPTY,
10,ОБОРОТНЫЕ АКТИВЫ,T23_000000_t10Ved14.xlsx,0,5,False,EMPTY,
10,ОБОРОТНЫЕ АКТИВЫ,T23_000000_t10Ved14.xlsx,0,6,False,EMPTY,
10,ОБОРОТНЫЕ АКТИВЫ,T23_000000_t10Ved14.xlsx,0,7,False,EMPTY,
10,ОБОРОТНЫЕ АКТИВЫ,T23_000000_t10Ved14.xlsx,0,8,False,EMPTY,
10,ОБОРОТНЫЕ АКТИВЫ,T23_000000_t10Ved14.xlsx,0,9,False,EMPTY,
10,ОБОРОТНЫЕ АКТИВЫ,T23_000000_t10Ved14.xlsx,0,10,False,EMPTY,
10,ОБОРОТНЫЕ АКТИВЫ,T23_000000_t10Ved14.xlsx,0,11,False,EMPTY,
10,ОБОРОТНЫЕ АКТИВЫ,T23_000000_t10Ved14.xlsx,0,12,False,EMPTY,
10,ОБОРОТНЫЕ АКТИВЫ,T23_000000_t10Ved14.xlsx,0,13,False,EMPTY,
10,ОБОРОТНЫЕ АКТИВЫ,T23_000000_t10Ved14.xlsx,0,14,False,EMPTY,
10,ОБОРОТНЫЕ АКТИВЫ,T23_000000_t10Ved14.xlsx,0,15,False,DATA,Продолжение таблицы 4.
10,ОБОРОТНЫЕ АКТИВЫ,T23_000000_t10Ved14.xlsx,0,16,False,DATA,Продолжение таблицы 4.
10,ОБОРОТНЫЕ АКТИВЫ,T23_000000_t10Ved14.xlsx,0,17,False,DATA,Продолжение таблицы 4.
10,ОБОРОТНЫЕ АКТИВЫ,T23_000000_t10Ved14.xlsx,0,18,False,DATA,Продолжение таблицы 4.
10,ОБОРОТНЫЕ АКТИВЫ,T23_000000_t10Ved14.xlsx,0,19,False,DATA,Продолжение таблицы 4.
10,ОБОРОТНЫЕ АКТИВЫ,T23_000000_t10Ved14.xlsx,0,20,False,DATA,Продолжение таблицы 4.
10,ОБОРОТНЫЕ АКТИВЫ,T23_000000_t10Ved14.xlsx,0,21,False,DATA,Продолжение таблицы 4.
10,ОБОРОТНЫЕ АКТИВЫ,T23_000000_t10Ved14.xlsx,1,0,False,OKVED_CODE,
10,ОБОРОТНЫЕ АКТИВЫ,T23_000000_t10Ved14.xlsx,1,1,False,OKVED_NAME,в том числе из оборотных активов
10,ОБОРОТНЫЕ АКТИВЫ,T23_000000_t10Ved14.xlsx,1,2,False,DATA,в том числе из оборотных активов
10,ОБОРОТНЫЕ АКТИВЫ,T23_000000_t10Ved14.xlsx,1,3,False,DATA,в том числе из оборотных активов
10,ОБОРОТНЫЕ АКТИВЫ,T23_000000_t10Ved14.xlsx,1,4,False,DATA,в том числе из оборотных активов
10,ОБОРОТНЫЕ АКТИВЫ,T23_000000_t10Ved14.xlsx,1,5,False,DATA,в том числе из оборотных активов
10,ОБОРОТНЫЕ АКТИВЫ,T23_000000_t10Ved14.xlsx,1,6,False,DATA,в том числе из оборотных активов
10,ОБОРОТНЫЕ АКТИВЫ,T23_000000_t10Ved14.xlsx,1,7,False,DATA,в том числе из оборотных активов
10,ОБОРОТНЫЕ АКТИВЫ,T23_000000_t10Ved14.xlsx,1,8,False,DATA,в том числе из оборотных активов
10,ОБОРОТНЫЕ АКТИВЫ,T23_000000_t10Ved14.xlsx,1,9,False,DATA,в том числе из оборотных активов
10,ОБОРОТНЫЕ АКТИВЫ,T23_000000_t10Ved14.xlsx,1,10,False,DATA,в том числе из оборотных активов
10,ОБОРОТНЫЕ АКТИВЫ,T23_000000_t10Ved14.xlsx,1,11,False,DATA,в том числе из оборотных активов
10,ОБОРОТНЫЕ АКТИВЫ,T23_000000_t10Ved14.xlsx,1,12,False,DATA,в том числе из оборотных активов
10,ОБОРОТНЫЕ АКТИВЫ,T23_000000_t10Ved14.xlsx,1,13,False,DATA,в том числе из оборотных активов
10,ОБОРОТНЫЕ АКТИВЫ,T23_000000_t10Ved14.xlsx,1,14,False,DATA,в том числе из оборотных активов
10,ОБОРОТНЫЕ АКТИВЫ,T23_000000_t10Ved14.xlsx,1,15,False,DATA,в том числе из оборотных активов
10,ОБОРОТНЫЕ АКТИВЫ,T23_000000_t10Ved14.xlsx,1,16,False,DATA,в том числе из оборотных активов
10,ОБОРОТНЫЕ АКТИВЫ,T23_000000_t10Ved14.xlsx,1,17,False,DATA,в том числе из оборотных активов
10,ОБОРОТНЫЕ АКТИВЫ,T23_000000_t10Ved14.xlsx,1,18,False,DATA,в том числе из оборотных активов
10,ОБОРОТНЫЕ АКТИВЫ,T23_000000_t10Ved14.xlsx,1,19,False,DATA,в том числе из оборотных активов
10,ОБОРОТНЫЕ АКТИВЫ,T23_000000_t10Ved14.xlsx,1,20,False,DATA,в том числе из оборотных активов
10,ОБОРОТНЫЕ АКТИВЫ,T23_000000_t10Ved14.xlsx,1,21,False,DATA,в том числе из оборотных активов
10,ОБОРОТНЫЕ АКТИВЫ,T23_000000_t10Ved14.xlsx,2,0,False,OKVED_CODE,
10,ОБОРОТНЫЕ АКТИВЫ,T23_000000_t10Ved14.xlsx,2,1,False,OKVED_NAME,краткосрочные финансовые вложения (за исключением денежных эквивалентов)
10,ОБОРОТНЫЕ АКТИВЫ,T23_000000_t10Ved14.xlsx,2,2,False,DATA,краткосрочные финансовые вложения (за исключением денежных эквивалентов)
10,ОБОРОТНЫЕ АКТИВЫ,T23_000000_t10Ved14.xlsx,2,3,False,DATA,краткосрочные финансовые вложения (за исключением денежных эквивалентов)
10,ОБОРОТНЫЕ АКТИВЫ,T23_000000_t10Ved14.xlsx,2,4,False,DATA,краткосрочные финансовые вложения (за исключением денежных эквивалентов)
10,ОБОРОТНЫЕ АКТИВЫ,T23_000000_t10Ved14.xlsx,2,5,False,DATA,краткосрочные финансовые вложения (за исключением денежных эквивалентов)
10,ОБОРОТНЫЕ АКТИВЫ,T23_000000_t10Ved14.xlsx,2,6,False,DATA,краткосрочные финансовые вложения (за исключением денежных эквивалентов)
10,ОБОРОТНЫЕ АКТИВЫ,T23_000000_t10Ved14.xlsx,2,7,False,DATA,краткосрочные финансовые вложения (за исключением денежных эквивалентов)
10,ОБОРОТНЫЕ АКТИВЫ,T23_000000_t10Ved14.xlsx,2,8,False,DATA,краткосрочные финансовые вложения (за исключением денежных эквивалентов)
10,ОБОРОТНЫЕ АКТИВЫ,T23_000000_t10Ved14.xlsx,2,9,False,DATA,денежные средства и денежные эквиваленты
10,ОБОРОТНЫЕ АКТИВЫ,T23_000000_t10Ved14.xlsx,2,10,False,DATA,денежные средства и денежные эквиваленты
10,ОБОРОТНЫЕ АКТИВЫ,T23_000000_t10Ved14.xlsx,2,11,False,DATA,денежные средства и денежные эквиваленты
10,ОБОРОТНЫЕ АКТИВЫ,T23_000000_t10Ved14.xlsx,2,12,False,DATA,денежные средства и денежные эквиваленты
10,ОБОРОТНЫЕ АКТИВЫ,T23_000000_t10Ved14.xlsx,2,13,False,DATA,денежные средства и денежные эквиваленты
10,ОБОРОТНЫЕ АКТИВЫ,T23_000000_t10Ved14.xlsx,2,14,False,DATA,денежные средства и денежные эквиваленты
10,ОБОРОТНЫЕ АКТИВЫ,T23_000000_t10Ved14.xlsx,2,15,False,DATA,денежные средства и денежные эквиваленты
10,ОБОРОТНЫЕ АКТИВЫ,T23_000000_t10Ved14.xlsx,2,16,False,DATA,денежные средства и денежные эквиваленты
10,ОБОРОТНЫЕ АКТИВЫ,T23_000000_t10Ved14.xlsx,2,17,False,DATA,прочие оборотные активы
10,ОБОРОТНЫЕ АКТИВЫ,T23_000000_t10Ved14.xlsx,2,18,False,DATA,прочие оборотные активы
10,ОБОРОТНЫЕ АКТИВЫ,T23_000000_t10Ved14.xlsx,2,19,False,DATA,прочие оборотные активы
10,ОБОРОТНЫЕ АКТИВЫ,T23_000000_t10Ved14.xlsx,2,20,False,DATA,прочие оборотные активы
10,ОБОРОТНЫЕ АКТИВЫ,T23_000000_t10Ved14.xlsx,2,21,False,DATA,прочие оборотные активы
10,ОБОРОТНЫЕ АКТИВЫ,T23_000000_t10Ved14.xlsx,3,0,False,OKVED_CODE,
10,ОБОРОТНЫЕ АКТИВЫ,T23_000000_t10Ved14.xlsx,3,1,False,OKVED_NAME,краткосрочные финансовые вложения (за исключением денежных эквивалентов)
10,ОБОРОТНЫЕ АКТИВЫ,T23_000000_t10Ved14.xlsx,3,2,False,DATA,краткосрочные финансовые вложения (за исключением денежных эквивалентов)
10,ОБОРОТНЫЕ АКТИВЫ,T23_000000_t10Ved14.xlsx,3,3,False,DATA,краткосрочные финансовые вложения (за исключением денежных эквивалентов)
10,ОБОРОТНЫЕ АКТИВЫ,T23_000000_t10Ved14.xlsx,3,4,False,DATA,краткосрочные финансовые вложения (за исключением денежных эквивалентов)
10,ОБОРОТНЫЕ АКТИВЫ,T23_000000_t10Ved14.xlsx,3,5,False,DATA,краткосрочные финансовые вложения (за исключением денежных эквивалентов)
10,ОБОРОТНЫЕ АКТИВЫ,T23_000000_t10Ved14.xlsx,3,6,False,DATA,краткосрочные финансовые вложения (за исключением денежных эквивалентов)
10,ОБОРОТНЫЕ АКТИВЫ,T23_000000_t10Ved14.xlsx,3,7,False,DATA,краткосрочные финансовые вложения (за исключением денежных эквивалентов)
10,ОБОРОТНЫЕ АКТИВЫ,T23_000000_t10Ved14.xlsx,3,8,False,DATA,краткосрочные финансовые вложения (за исключением денежных эквивалентов)
10,ОБОРОТНЫЕ АКТИВЫ,T23_000000_t10Ved14.xlsx,3,9,False,DATA,денежные средства и денежные эквиваленты
10,ОБОРОТНЫЕ АКТИВЫ,T23_000000_t10Ved14.xlsx,3,10,False,DATA,денежные средства и денежные эквиваленты
10,ОБОРОТНЫЕ АКТИВЫ,T23_000000_t10Ved14.xlsx,3,11,False,DATA,денежные средства и денежные эквиваленты
10,ОБОРОТНЫЕ АКТИВЫ,T23_000000_t10Ved14.xlsx,3,12,False,DATA,денежные средства и денежные эквиваленты
10,ОБОРОТНЫЕ АКТИВЫ,T23_000000_t10Ved14.xlsx,3,13,False,DATA,денежные средства и денежные эквиваленты
10,ОБОРОТНЫЕ АКТИВЫ,T23_000000_t10Ved14.xlsx,3,14,False,DATA,денежные средства и денежные эквиваленты
10,ОБОРОТНЫЕ АКТИВЫ,T23_000000_t10Ved14.xlsx,3,15,False,DATA,денежные средства и денежные эквиваленты
10,ОБОРОТНЫЕ АКТИВЫ,T23_000000_t10Ved14.xlsx,3,16,False,DATA,денежные средства и денежные эквиваленты
10,ОБОРОТНЫЕ АКТИВЫ,T23_000000_t10Ved14.xlsx,3,17,False,DATA,прочие оборотные активы
10,ОБОРОТНЫЕ АКТИВЫ,T23_000000_t10Ved14.xlsx,3,18,False,DATA,прочие оборотные активы
10,ОБОРОТНЫЕ АКТИВЫ,T23_000000_t10Ved14.xlsx,3,19,False,DATA,прочие оборотные активы
10,ОБОРОТНЫЕ АКТИВЫ,T23_000000_t10Ved14.xlsx,3,20,False,DATA,прочие оборотные активы
10,ОБОРОТНЫЕ АКТИВЫ,T23_000000_t10Ved14.xlsx,3,21,False,DATA,прочие оборотные активы
10,ОБОРОТНЫЕ АКТИВЫ,T23_000000_t10Ved14.xlsx,4,0,False,OKVED_CODE,
10,ОБОРОТНЫЕ АКТИВЫ,T23_000000_t10Ved14.xlsx,4,1,False,OKVED_NAME,2022
10,ОБОРОТНЫЕ АКТИВЫ,T23_000000_t10Ved14.xlsx,4,2,False,DATA,2022
10,ОБОРОТНЫЕ АКТИВЫ,T23_000000_t10Ved14.xlsx,4,3,False,DATA,2022
10,ОБОРОТНЫЕ АКТИВЫ,T23_000000_t10Ved14.xlsx,4,4,False,DATA,2022
10,ОБОРОТНЫЕ АКТИВЫ,T23_000000_t10Ved14.xlsx,4,5,False,DATA,2023
10,ОБОРОТНЫЕ АКТИВЫ,T23_000000_t10Ved14.xlsx,4,6,False,DATA,2023
10,ОБОРОТНЫЕ АКТИВЫ,T23_000000_t10Ved14.xlsx,4,7,False,DATA,2023
10,ОБОРОТНЫЕ АКТИВЫ,T23_000000_t10Ved14.xlsx,4,8,False,DATA,2023
10,ОБОРОТНЫЕ АКТИВЫ,T23_000000_t10Ved14.xlsx,4,9,False,DATA,2022
10,ОБОРОТНЫЕ АКТИВЫ,T23_000000_t10Ved14.xlsx,4,10,False,DATA,2022
10,ОБОРОТНЫЕ АКТИВЫ,T23_000000_t10Ved14.xlsx,4,11,False,DATA,2022
10,ОБОРОТНЫЕ АКТИВЫ,T23_000000_t10Ved14.xlsx,4,12,False,DATA,2022
10,ОБОРОТНЫЕ АКТИВЫ,T23_000000_t10Ved14.xlsx,4,13,False,DATA,2023
10,ОБОРОТНЫЕ АКТИВЫ,T23_000000_t10Ved14.xlsx,4,14,False,DATA,2023
10,ОБОРОТНЫЕ АКТИВЫ,T23_000000_t10Ved14.xlsx,4,15,False,DATA,2023
10,ОБОРОТНЫЕ АКТИВЫ,T23_000000_t10Ved14.xlsx,4,16,False,DATA,2023
10,ОБОРОТНЫЕ АКТИВЫ,T23_000000_t10Ved14.xlsx,4,17,False,DATA,2022
10,ОБОРОТНЫЕ АКТИВЫ,T23_000000_t10Ved14.xlsx,4,18,False,DATA,2022
10,ОБОРОТНЫЕ АКТИВЫ,T23_000000_t10Ved14.xlsx,4,19,False,DATA,2023
10,ОБОРОТНЫЕ АКТИВЫ,T23_000000_t10Ved14.xlsx,4,20,False,DATA,2023
10,ОБОРОТНЫЕ АКТИВЫ,T23_000000_t10Ved14.xlsx,4,21,False,DATA,2023
10,ОБОРОТНЫЕ АКТИВЫ,T23_000000_t10Ved14.xlsx,5,0,False,OKVED_CODE,Всего по обследуемым видам экономической деятельности
10,ОБОРОТНЫЕ АКТИВЫ,T23_000000_t10Ved14.xlsx,5,1,False,OKVED_NAME,16020827
10,ОБОРОТНЫЕ АКТИВЫ,T23_000000_t10Ved14.xlsx,5,2,False,DATA,16020827
10,ОБОРОТНЫЕ АКТИВЫ,T23_000000_t10Ved14.xlsx,5,3,False,DATA,16020827
10,ОБОРОТНЫЕ АКТИВЫ,T23_000000_t10Ved14.xlsx,5,4,False,DATA,16020827
10,ОБОРОТНЫЕ АКТИВЫ,T23_000000_t10Ved14.xlsx,5,5,False,DATA,18562758
10,ОБОРОТНЫЕ АКТИВЫ,T23_000000_t10Ved14.xlsx,5,6,False,DATA,18562758
10,ОБОРОТНЫЕ АКТИВЫ,T23_000000_t10Ved14.xlsx,5,7,False,DATA,18562758
10,ОБОРОТНЫЕ АКТИВЫ,T23_000000_t10Ved14.xlsx,5,8,False,DATA,18562758
10,ОБОРОТНЫЕ АКТИВЫ,T23_000000_t10Ved14.xlsx,5,9,False,DATA,51711258
10,ОБОРОТНЫЕ АКТИВЫ,T23_000000_t10Ved14.xlsx,5,10,False,DATA,51711258
10,ОБОРОТНЫЕ АКТИВЫ,T23_000000_t10Ved14.xlsx,5,11,False,DATA,51711258
10,ОБОРОТНЫЕ АКТИВЫ,T23_000000_t10Ved14.xlsx,5,12,False,DATA,51711258
10,ОБОРОТНЫЕ АКТИВЫ,T23_000000_t10Ved14.xlsx,5,13,False,DATA,79714976
10,ОБОРОТНЫЕ АКТИВЫ,T23_000000_t10Ved14.xlsx,5,14,False,DATA,79714976
10,ОБОРОТНЫЕ АКТИВЫ,T23_000000_t10Ved14.xlsx,5,15,False,DATA,79714976
10,ОБОРОТНЫЕ АКТИВЫ,T23_000000_t10Ved14.xlsx,5,16,False,DATA,79714976
10,ОБОРОТНЫЕ АКТИВЫ,T23_000000_t10Ved14.xlsx,5,17,False,DATA,8036131
10,ОБОРОТНЫЕ АКТИВЫ,T23_000000_t10Ved14.xlsx,5,18,False,DATA,8036131
10,ОБОРОТНЫЕ АКТИВЫ,T23_000000_t10Ved14.xlsx,5,19,False,DATA,25358722
10,ОБОРОТНЫЕ АКТИВЫ,T23_000000_t10Ved14.xlsx,5,20,False,DATA,25358722
10,ОБОРОТНЫЕ АКТИВЫ,T23_000000_t10Ved14.xlsx,5,21,False,DATA,25358722
10,ОБОРОТНЫЕ АКТИВЫ,T23_000000_t10Ved14.xlsx,6,0,False,OKVED_CODE,"Сельское, лесное хозяйство, охота, рыболовство и рыбоводство"
10,ОБОРОТНЫЕ АКТИВЫ,T23_000000_t10Ved14.xlsx,6,1,False,OKVED_NAME,10905203
10,ОБОРОТНЫЕ АКТИВЫ,T23_000000_t10Ved14.xlsx,6,2,False,DATA,10905203
10,ОБОРОТНЫЕ АКТИВЫ,T23_000000_t10Ved14.xlsx,6,3,False,DATA,10905203
10,ОБОРОТНЫЕ АКТИВЫ,T23_000000_t10Ved14.xlsx,6,4,False,DATA,10905203
10,ОБОРОТНЫЕ АКТИВЫ,T23_000000_t10Ved14.xlsx,6,5,False,DATA,10681119
10,ОБОРОТНЫЕ АКТИВЫ,T23_000000_t10Ved14.xlsx,6,6,False,DATA,10681119
10,ОБОРОТНЫЕ АКТИВЫ,T23_000000_t10Ved14.xlsx,6,7,False,DATA,10681119
10,ОБОРОТНЫЕ АКТИВЫ,T23_000000_t10Ved14.xlsx,6,8,False,DATA,10681119
10,ОБОРОТНЫЕ АКТИВЫ,T23_000000_t10Ved14.xlsx,6,9,False,DATA,30127456
10,ОБОРОТНЫЕ АКТИВЫ,T23_000000_t10Ved14.xlsx,6,10,False,DATA,30127456
10,ОБОРОТНЫЕ АКТИВЫ,T23_000000_t10Ved14.xlsx,6,11,False,DATA,30127456
10,ОБОРОТНЫЕ АКТИВЫ,T23_000000_t10Ved14.xlsx,6,12,False,DATA,30127456
10,ОБОРОТНЫЕ АКТИВЫ,T23_000000_t10Ved14.xlsx,6,13,False,DATA,54097850
10,ОБОРОТНЫЕ АКТИВЫ,T23_000000_t10Ved14.xlsx,6,14,False,DATA,54097850
10,ОБОРОТНЫЕ АКТИВЫ,T23_000000_t10Ved14.xlsx,6,15,False,DATA,54097850
10,ОБОРОТНЫЕ АКТИВЫ,T23_000000_t10Ved14.xlsx,6,16,False,DATA,54097850
10,ОБОРОТНЫЕ АКТИВЫ,T23_000000_t10Ved14.xlsx,6,17,False,DATA,810455
10,ОБОРОТНЫЕ АКТИВЫ,T23_000000_t10Ved14.xlsx,6,18,False,DATA,810455
10,ОБОРОТНЫЕ АКТИВЫ,T23_000000_t10Ved14.xlsx,6,19,False,DATA,17523489
10,ОБОРОТНЫЕ АКТИВЫ,T23_000000_t10Ved14.xlsx,6,20,False,DATA,17523489
10,ОБОРОТНЫЕ АКТИВЫ,T23_000000_t10Ved14.xlsx,6,21,False,DATA,17523489
10,ОБОРОТНЫЕ АКТИВЫ,T23_000000_t10Ved14.xlsx,7,0,False,OKVED_CODE,"растениеводство и животноводство, охота и предоставление соответствующих услуг в этих областях"
10,ОБОРОТНЫЕ АКТИВЫ,T23_000000_t10Ved14.xlsx,7,1,False,OKVED_NAME,20191
10,ОБОРОТНЫЕ АКТИВЫ,T23_000000_t10Ved14.xlsx,7,2,False,DATA,20191
10,ОБОРОТНЫЕ АКТИВЫ,T23_000000_t10Ved14.xlsx,7,3,False,DATA,20191
10,ОБОРОТНЫЕ АКТИВЫ,T23_000000_t10Ved14.xlsx,7,4,False,DATA,20191
10,ОБОРОТНЫЕ АКТИВЫ,T23_000000_t10Ved14.xlsx,7,5,False,DATA,27211
10,ОБОРОТНЫЕ АКТИВЫ,T23_000000_t10Ved14.xlsx,7,6,False,DATA,27211
10,ОБОРОТНЫЕ АКТИВЫ,T23_000000_t10Ved14.xlsx,7,7,False,DATA,27211
10,ОБОРОТНЫЕ АКТИВЫ,T23_000000_t10Ved14.xlsx,7,8,False,DATA,27211
10,ОБОРОТНЫЕ АКТИВЫ,T23_000000_t10Ved14.xlsx,7,9,False,DATA,49164
10,ОБОРОТНЫЕ АКТИВЫ,T23_000000_t10Ved14.xlsx,7,10,False,DATA,49164
10,ОБОРОТНЫЕ АКТИВЫ,T23_000000_t10Ved14.xlsx,7,11,False,DATA,49164
10,ОБОРОТНЫЕ АКТИВЫ,T23_000000_t10Ved14.xlsx,7,12,False,DATA,49164
10,ОБОРОТНЫЕ АКТИВЫ,T23_000000_t10Ved14.xlsx,7,13,False,DATA,48532
10,ОБОРОТНЫЕ АКТИВЫ,T23_000000_t10Ved14.xlsx,7,14,False,DATA,48532
10,ОБОРОТНЫЕ АКТИВЫ,T23_000000_t10Ved14.xlsx,7,15,False,DATA,48532
10,ОБОРОТНЫЕ АКТИВЫ,T23_000000_t10Ved14.xlsx,7,16,False,DATA,48532
10,ОБОРОТНЫЕ АКТИВЫ,T23_000000_t10Ved14.xlsx,7,17,False,DATA,77337
10,ОБОРОТНЫЕ АКТИВЫ,T23_000000_t10Ved14.xlsx,7,18,False,DATA,77337
10,ОБОРОТНЫЕ АКТИВЫ,T23_000000_t10Ved14.xlsx,7,19,False,DATA,32735
10,ОБОРОТНЫЕ АКТИВЫ,T23_000000_t10Ved14.xlsx,7,20,False,DATA,32735
10,ОБОРОТНЫЕ АКТИВЫ,T23_000000_t10Ved14.xlsx,7,21,False,DATA,32735
10,ОБОРОТНЫЕ АКТИВЫ,T23_000000_t10Ved14.xlsx,8,0,False,OKVED_CODE,рыболовство и рыбоводство
10,ОБОРОТНЫЕ АКТИВЫ,T23_000000_t10Ved14.xlsx,8,1,False,OKVED_NAME,10885012
10,ОБОРОТНЫЕ АКТИВЫ,T23_000000_t10Ved14.xlsx,8,2,False,DATA,10885012
10,ОБОРОТНЫЕ АКТИВЫ,T23_000000_t10Ved14.xlsx,8,3,False,DATA,10885012
10,ОБОРОТНЫЕ АКТИВЫ,T23_000000_t10Ved14.xlsx,8,4,False,DATA,10885012
10,ОБОРОТНЫЕ АКТИВЫ,T23_000000_t10Ved14.xlsx,8,5,False,DATA,10653908
10,ОБОРОТНЫЕ АКТИВЫ,T23_000000_t10Ved14.xlsx,8,6,False,DATA,10653908
10,ОБОРОТНЫЕ АКТИВЫ,T23_000000_t10Ved14.xlsx,8,7,False,DATA,10653908
10,ОБОРОТНЫЕ АКТИВЫ,T23_000000_t10Ved14.xlsx,8,8,False,DATA,10653908
10,ОБОРОТНЫЕ АКТИВЫ,T23_000000_t10Ved14.xlsx,8,9,False,DATA,30078292
10,ОБОРОТНЫЕ АКТИВЫ,T23_000000_t10Ved14.xlsx,8,10,False,DATA,30078292
10,ОБОРОТНЫЕ АКТИВЫ,T23_000000_t10Ved14.xlsx,8,11,False,DATA,30078292
10,ОБОРОТНЫЕ АКТИВЫ,T23_000000_t10Ved14.xlsx,8,12,False,DATA,30078292
10,ОБОРОТНЫЕ АКТИВЫ,T23_000000_t10Ved14.xlsx,8,13,False,DATA,54049318
10,ОБОРОТНЫЕ АКТИВЫ,T23_000000_t10Ved14.xlsx,8,14,False,DATA,54049318
10,ОБОРОТНЫЕ АКТИВЫ,T23_000000_t10Ved14.xlsx,8,15,False,DATA,54049318
10,ОБОРОТНЫЕ АКТИВЫ,T23_000000_t10Ved14.xlsx,8,16,False,DATA,54049318
10,ОБОРОТНЫЕ АКТИВЫ,T23_000000_t10Ved14.xlsx,8,17,False,DATA,733118
10,ОБОРОТНЫЕ АКТИВЫ,T23_000000_t10Ved14.xlsx,8,18,False,DATA,733118
10,ОБОРОТНЫЕ АКТИВЫ,T23_000000_t10Ved14.xlsx,8,19,False,DATA,17490754
10,ОБОРОТНЫЕ АКТИВЫ,T23_000000_t10Ved14.xlsx,8,20,False,DATA,17490754
10,ОБОРОТНЫЕ АКТИВЫ,T23_000000_t10Ved14.xlsx,8,21,False,DATA,17490754
10,ОБОРОТНЫЕ АКТИВЫ,T23_000000_t10Ved14.xlsx,9,0,False,OKVED_CODE,Добыча полезных ископаемых
10,ОБОРОТНЫЕ АКТИВЫ,T23_000000_t10Ved14.xlsx,9,1,False,OKVED_NAME,62000
10,ОБОРОТНЫЕ АКТИВЫ,T23_000000_t10Ved14.xlsx,9,2,False,DATA,62000
10,ОБОРОТНЫЕ АКТИВЫ,T23_000000_t10Ved14.xlsx,9,3,False,DATA,62000
10,ОБОРОТНЫЕ АКТИВЫ,T23_000000_t10Ved14.xlsx,9,4,False,DATA,62000
10,ОБОРОТНЫЕ АКТИВЫ,T23_000000_t10Ved14.xlsx,9,5,False,DATA,677383
10,ОБОРОТНЫЕ АКТИВЫ,T23_000000_t10Ved14.xlsx,9,6,False,DATA,677383
10,ОБОРОТНЫЕ АКТИВЫ,T23_000000_t10Ved14.xlsx,9,7,False,DATA,677383
10,ОБОРОТНЫЕ АКТИВЫ,T23_000000_t10Ved14.xlsx,9,8,False,DATA,677383
10,ОБОРОТНЫЕ АКТИВЫ,T23_000000_t10Ved14.xlsx,9,9,False,DATA,2391347
10,ОБОРОТНЫЕ АКТИВЫ,T23_000000_t10Ved14.xlsx,9,10,False,DATA,2391347
10,ОБОРОТНЫЕ АКТИВЫ,T23_000000_t10Ved14.xlsx,9,11,False,DATA,2391347
10,ОБОРОТНЫЕ АКТИВЫ,T23_000000_t10Ved14.xlsx,9,12,False,DATA,2391347
10,ОБОРОТНЫЕ АКТИВЫ,T23_000000_t10Ved14.xlsx,9,13,False,DATA,139261
10,ОБОРОТНЫЕ АКТИВЫ,T23_000000_t10Ved14.xlsx,9,14,False,DATA,139261
10,ОБОРОТНЫЕ АКТИВЫ,T23_000000_t10Ved14.xlsx,9,15,False,DATA,139261
10,ОБОРОТНЫЕ АКТИВЫ,T23_000000_t10Ved14.xlsx,9,16,False,DATA,139261
10,ОБОРОТНЫЕ АКТИВЫ,T23_000000_t10Ved14.xlsx,9,17,False,DATA,1914924
10,ОБОРОТНЫЕ АКТИВЫ,T23_000000_t10Ved14.xlsx,9,18,False,DATA,1914924
10,ОБОРОТНЫЕ АКТИВЫ,T23_000000_t10Ved14.xlsx,9,19,False,DATA,2406117
10,ОБОРОТНЫЕ АКТИВЫ,T23_000000_t10Ved14.xlsx,9,20,False,DATA,2406117
10,ОБОРОТНЫЕ АКТИВЫ,T23_000000_t10Ved14.xlsx,9,21,False,DATA,2406117
10,ОБОРОТНЫЕ АКТИВЫ,T23_000000_t10Ved14.xlsx,10,0,False,OKVED_CODE,добыча металлических руд
10,ОБОРОТНЫЕ АКТИВЫ,T23_000000_t10Ved14.xlsx,10,1,False,OKVED_NAME,62000
10,ОБОРОТНЫЕ АКТИВЫ,T23_000000_t10Ved14.xlsx,10,2,False,DATA,62000
10,ОБОРОТНЫЕ АКТИВЫ,T23_000000_t10Ved14.xlsx,10,3,False,DATA,62000
10,ОБОРОТНЫЕ АКТИВЫ,T23_000000_t10Ved14.xlsx,10,4,False,DATA,62000
10,ОБОРОТНЫЕ АКТИВЫ,T23_000000_t10Ved14.xlsx,10,5,False,DATA,677383
10,ОБОРОТНЫЕ АКТИВЫ,T23_000000_t10Ved14.xlsx,10,6,False,DATA,677383
10,ОБОРОТНЫЕ АКТИВЫ,T23_000000_t10Ved14.xlsx,10,7,False,DATA,677383
10,ОБОРОТНЫЕ АКТИВЫ,T23_000000_t10Ved14.xlsx,10,8,False,DATA,677383
10,ОБОРОТНЫЕ АКТИВЫ,T23_000000_t10Ved14.xlsx,10,9,False,DATA,2391347
10,ОБОРОТНЫЕ АКТИВЫ,T23_000000_t10Ved14.xlsx,10,10,False,DATA,2391347
10,ОБОРОТНЫЕ АКТИВЫ,T23_000000_t10Ved14.xlsx,10,11,False,DATA,2391347
10,ОБОРОТНЫЕ АКТИВЫ,T23_000000_t10Ved14.xlsx,10,12,False,DATA,2391347
10,ОБОРОТНЫЕ АКТИВЫ,T23_000000_t10Ved14.xlsx,10,13,False,DATA,139261
10,ОБОРОТНЫЕ АКТИВЫ,T23_000000_t10Ved14.xlsx,10,14,False,DATA,139261
10,ОБОРОТНЫЕ АКТИВЫ,T23_000000_t10Ved14.xlsx,10,15,False,DATA,139261
10,ОБОРОТНЫЕ АКТИВЫ,T23_000000_t10Ved14.xlsx,10,16,False,DATA,139261
10,ОБОРОТНЫЕ АКТИВЫ,T23_000000_t10Ved14.xlsx,10,17,False,DATA,1914924
10,ОБОРОТНЫЕ АКТИВЫ,T23_000000_t10Ved14.xlsx,10,18,False,DATA,1914924
10,ОБОРОТНЫЕ АКТИВЫ,T23_000000_t10Ved14.xlsx,10,19,False,DATA,2406117
10,ОБОРОТНЫЕ АКТИВЫ,T23_000000_t10Ved14.xlsx,10,20,False,DATA,2406117
10,ОБОРОТНЫЕ АКТИВЫ,T23_000000_t10Ved14.xlsx,10,21,False,DATA,2406117
10,ОБОРОТНЫЕ АКТИВЫ,T23_000000_t10Ved14.xlsx,11,0,False,OKVED_CODE,Обрабатывающие производства
10,ОБОРОТНЫЕ АКТИВЫ,T23_000000_t10Ved14.xlsx,11,1,False,OKVED_NAME,2363761
10,ОБОРОТНЫЕ АКТИВЫ,T23_000000_t10Ved14.xlsx,11,2,False,DATA,2363761
10,ОБОРОТНЫЕ АКТИВЫ,T23_000000_t10Ved14.xlsx,11,3,False,DATA,2363761
10,ОБОРОТНЫЕ АКТИВЫ,T23_000000_t10Ved14.xlsx,11,4,False,DATA,2363761
10,ОБОРОТНЫЕ АКТИВЫ,T23_000000_t10Ved14.xlsx,11,5,False,DATA,2044762
10,ОБОРОТНЫЕ АКТИВЫ,T23_000000_t10Ved14.xlsx,11,6,False,DATA,2044762
10,ОБОРОТНЫЕ АКТИВЫ,T23_000000_t10Ved14.xlsx,11,7,False,DATA,2044762
10,ОБОРОТНЫЕ АКТИВЫ,T23_000000_t10Ved14.xlsx,11,8,False,DATA,2044762
10,ОБОРОТНЫЕ АКТИВЫ,T23_000000_t10Ved14.xlsx,11,9,False,DATA,3781149
10,ОБОРОТНЫЕ АКТИВЫ,T23_000000_t10Ved14.xlsx,11,10,False,DATA,3781149
10,ОБОРОТНЫЕ АКТИВЫ,T23_000000_t10Ved14.xlsx,11,11,False,DATA,3781149
10,ОБОРОТНЫЕ АКТИВЫ,T23_000000_t10Ved14.xlsx,11,12,False,DATA,3781149
10,ОБОРОТНЫЕ АКТИВЫ,T23_000000_t10Ved14.xlsx,11,13,False,DATA,3680196
10,ОБОРОТНЫЕ АКТИВЫ,T23_000000_t10Ved14.xlsx,11,14,False,DATA,3680196
10,ОБОРОТНЫЕ АКТИВЫ,T23_000000_t10Ved14.xlsx,11,15,False,DATA,3680196
10,ОБОРОТНЫЕ АКТИВЫ,T23_000000_t10Ved14.xlsx,11,16,False,DATA,3680196
10,ОБОРОТНЫЕ АКТИВЫ,T23_000000_t10Ved14.xlsx,11,17,False,DATA,3380887
10,ОБОРОТНЫЕ АКТИВЫ,T23_000000_t10Ved14.xlsx,11,18,False,DATA,3380887
10,ОБОРОТНЫЕ АКТИВЫ,T23_000000_t10Ved14.xlsx,11,19,False,DATA,3135893
10,ОБОРОТНЫЕ АКТИВЫ,T23_000000_t10Ved14.xlsx,11,20,False,DATA,3135893
10,ОБОРОТНЫЕ АКТИВЫ,T23_000000_t10Ved14.xlsx,11,21,False,DATA,3135893
10,ОБОРОТНЫЕ АКТИВЫ,T23_000000_t10Ved14.xlsx,12,0,False,OKVED_CODE,производство пищевых продуктов
10,ОБОРОТНЫЕ АКТИВЫ,T23_000000_t10Ved14.xlsx,12,1,False,OKVED_NAME,2363761
10,ОБОРОТНЫЕ АКТИВЫ,T23_000000_t10Ved14.xlsx,12,2,False,DATA,2363761
10,ОБОРОТНЫЕ АКТИВЫ,T23_000000_t10Ved14.xlsx,12,3,False,DATA,2363761
10,ОБОРОТНЫЕ АКТИВЫ,T23_000000_t10Ved14.xlsx,12,4,False,DATA,2363761
10,ОБОРОТНЫЕ АКТИВЫ,T23_000000_t10Ved14.xlsx,12,5,False,DATA,1973916
10,ОБОРОТНЫЕ АКТИВЫ,T23_000000_t10Ved14.xlsx,12,6,False,DATA,1973916
10,ОБОРОТНЫЕ АКТИВЫ,T23_000000_t10Ved14.xlsx,12,7,False,DATA,1973916
10,ОБОРОТНЫЕ АКТИВЫ,T23_000000_t10Ved14.xlsx,12,8,False,DATA,1973916
10,ОБОРОТНЫЕ АКТИВЫ,T23_000000_t10Ved14.xlsx,12,9,False,DATA,3055045
10,ОБОРОТНЫЕ АКТИВЫ,T23_000000_t10Ved14.xlsx,12,10,False,DATA,3055045
10,ОБОРОТНЫЕ АКТИВЫ,T23_000000_t10Ved14.xlsx,12,11,False,DATA,3055045
10,ОБОРОТНЫЕ АКТИВЫ,T23_000000_t10Ved14.xlsx,12,12,False,DATA,3055045
10,ОБОРОТНЫЕ АКТИВЫ,T23_000000_t10Ved14.xlsx,12,13,False,DATA,3408753
10,ОБОРОТНЫЕ АКТИВЫ,T23_000000_t10Ved14.xlsx,12,14,False,DATA,3408753
10,ОБОРОТНЫЕ АКТИВЫ,T23_000000_t10Ved14.xlsx,12,15,False,DATA,3408753
10,ОБОРОТНЫЕ АКТИВЫ,T23_000000_t10Ved14.xlsx,12,16,False,DATA,3408753
10,ОБОРОТНЫЕ АКТИВЫ,T23_000000_t10Ved14.xlsx,12,17,False,DATA,242375
10,ОБОРОТНЫЕ АКТИВЫ,T23_000000_t10Ved14.xlsx,12,18,False,DATA,242375
10,ОБОРОТНЫЕ АКТИВЫ,T23_000000_t10Ved14.xlsx,12,19,False,DATA,152552
10,ОБОРОТНЫЕ АКТИВЫ,T23_000000_t10Ved14.xlsx,12,20,False,DATA,152552
10,ОБОРОТНЫЕ АКТИВЫ,T23_000000_t10Ved14.xlsx,12,21,False,DATA,152552
10,ОБОРОТНЫЕ АКТИВЫ,T23_000000_t10Ved14.xlsx,13,0,False,OKVED_CODE,производство напитков
10,ОБОРОТНЫЕ АКТИВЫ,T23_000000_t10Ved14.xlsx,13,1,False,OKVED_NAME,-
10,ОБОРОТНЫЕ АКТИВЫ,T23_000000_t10Ved14.xlsx,13,2,False,DATA,-
10,ОБОРОТНЫЕ АКТИВЫ,T23_000000_t10Ved14.xlsx,13,3,False,DATA,-
10,ОБОРОТНЫЕ АКТИВЫ,T23_000000_t10Ved14.xlsx,13,4,False,DATA,-
10,ОБОРОТНЫЕ АКТИВЫ,T23_000000_t10Ved14.xlsx,13,5,False,DATA,51196
10,ОБОРОТНЫЕ АКТИВЫ,T23_000000_t10Ved14.xlsx,13,6,False,DATA,51196
10,ОБОРОТНЫЕ АКТИВЫ,T23_000000_t10Ved14.xlsx,13,7,False,DATA,51196
10,ОБОРОТНЫЕ АКТИВЫ,T23_000000_t10Ved14.xlsx,13,8,False,DATA,51196
10,ОБОРОТНЫЕ АКТИВЫ,T23_000000_t10Ved14.xlsx,13,9,False,DATA,121941
10,ОБОРОТНЫЕ АКТИВЫ,T23_000000_t10Ved14.xlsx,13,10,False,DATA,121941
10,ОБОРОТНЫЕ АКТИВЫ,T23_000000_t10Ved14.xlsx,13,11,False,DATA,121941
10,ОБОРОТНЫЕ АКТИВЫ,T23_000000_t10Ved14.xlsx,13,12,False,DATA,121941
10,ОБОРОТНЫЕ АКТИВЫ,T23_000000_t10Ved14.xlsx,13,13,False,DATA,197543
10,ОБОРОТНЫЕ АКТИВЫ,T23_000000_t10Ved14.xlsx,13,14,False,DATA,197543
10,ОБОРОТНЫЕ АКТИВЫ,T23_000000_t10Ved14.xlsx,13,15,False,DATA,197543
10,ОБОРОТНЫЕ АКТИВЫ,T23_000000_t10Ved14.xlsx,13,16,False,DATA,197543
10,ОБОРОТНЫЕ АКТИВЫ,T23_000000_t10Ved14.xlsx,13,17,False,DATA,-
10,ОБОРОТНЫЕ АКТИВЫ,T23_000000_t10Ved14.xlsx,13,18,False,DATA,-
10,ОБОРОТНЫЕ АКТИВЫ,T23_000000_t10Ved14.xlsx,13,19,False,DATA,-
10,ОБОРОТНЫЕ АКТИВЫ,T23_000000_t10Ved14.xlsx,13,20,False,DATA,-
10,ОБОРОТНЫЕ АКТИВЫ,T23_000000_t10Ved14.xlsx,13,21,False,DATA,-
10,ОБОРОТНЫЕ АКТИВЫ,T23_000000_t10Ved14.xlsx,14,0,False,OKVED_CODE,производство прочих готовых изделий
10,ОБОРОТНЫЕ АКТИВЫ,T23_000000_t10Ved14.xlsx,14,1,False,OKVED_NAME,-
10,ОБОРОТНЫЕ АКТИВЫ,T23_000000_t10Ved14.xlsx,14,2,False,DATA,-
10,ОБОРОТНЫЕ АКТИВЫ,T23_000000_t10Ved14.xlsx,14,3,False,DATA,-
10,ОБОРОТНЫЕ АКТИВЫ,T23_000000_t10Ved14.xlsx,14,4,False,DATA,-
10,ОБОРОТНЫЕ АКТИВЫ,T23_000000_t10Ved14.xlsx,14,5,False,DATA,-
10,ОБОРОТНЫЕ АКТИВЫ,T23_000000_t10Ved14.xlsx,14,6,False,DATA,-
10,ОБОРОТНЫЕ АКТИВЫ,T23_000000_t10Ved14.xlsx,14,7,False,DATA,-
10,ОБОРОТНЫЕ АКТИВЫ,T23_000000_t10Ved14.xlsx,14,8,False,DATA,-
10,ОБОРОТНЫЕ АКТИВЫ,T23_000000_t10Ved14.xlsx,14,9,False,DATA,2299
10,ОБОРОТНЫЕ АКТИВЫ,T23_000000_t10Ved14.xlsx,14,10,False,DATA,2299
10,ОБОРОТНЫЕ АКТИВЫ,T23_000000_t10Ved14.xlsx,14,11,False,DATA,2299
10,ОБОРОТНЫЕ АКТИВЫ,T23_000000_t10Ved14.xlsx,14,12,False,DATA,2299
10,ОБОРОТНЫЕ АКТИВЫ,T23_000000_t10Ved14.xlsx,14,13,False,DATA,477
10,ОБОРОТНЫЕ АКТИВЫ,T23_000000_t10Ved14.xlsx,14,14,False,DATA,477
10,ОБОРОТНЫЕ АКТИВЫ,T23_000000_t10Ved14.xlsx,14,15,False,DATA,477
10,ОБОРОТНЫЕ АКТИВЫ,T23_000000_t10Ved14.xlsx,14,16,False,DATA,477
10,ОБОРОТНЫЕ АКТИВЫ,T23_000000_t10Ved14.xlsx,14,17,False,DATA,19
10,ОБОРОТНЫЕ АКТИВЫ,T23_000000_t10Ved14.xlsx,14,18,False,DATA,19
10,ОБОРОТНЫЕ АКТИВЫ,T23_000000_t10Ved14.xlsx,14,19,False,DATA,144
10,ОБОРОТНЫЕ АКТИВЫ,T23_000000_t10Ved14.xlsx,14,20,False,DATA,144
10,ОБОРОТНЫЕ АКТИВЫ,T23_000000_t10Ved14.xlsx,14,21,False,DATA,144
10,ОБОРОТНЫЕ АКТИВЫ,T23_000000_t10Ved14.xlsx,15,0,False,OKVED_CODE,ремонт и монтаж машин и оборудования
10,ОБОРОТНЫЕ АКТИВЫ,T23_000000_t10Ved14.xlsx,15,1,False,OKVED_NAME,-
10,ОБОРОТНЫЕ АКТИВЫ,T23_000000_t10Ved14.xlsx,15,2,False,DATA,-
10,ОБОРОТНЫЕ АКТИВЫ,T23_000000_t10Ved14.xlsx,15,3,False,DATA,-
10,ОБОРОТНЫЕ АКТИВЫ,T23_000000_t10Ved14.xlsx,15,4,False,DATA,-
10,ОБОРОТНЫЕ АКТИВЫ,T23_000000_t10Ved14.xlsx,15,5,False,DATA,19650
10,ОБОРОТНЫЕ АКТИВЫ,T23_000000_t10Ved14.xlsx,15,6,False,DATA,19650
10,ОБОРОТНЫЕ АКТИВЫ,T23_000000_t10Ved14.xlsx,15,7,False,DATA,19650
10,ОБОРОТНЫЕ АКТИВЫ,T23_000000_t10Ved14.xlsx,15,8,False,DATA,19650
10,ОБОРОТНЫЕ АКТИВЫ,T23_000000_t10Ved14.xlsx,15,9,False,DATA,601864
10,ОБОРОТНЫЕ АКТИВЫ,T23_000000_t10Ved14.xlsx,15,10,False,DATA,601864
10,ОБОРОТНЫЕ АКТИВЫ,T23_000000_t10Ved14.xlsx,15,11,False,DATA,601864
10,ОБОРОТНЫЕ АКТИВЫ,T23_000000_t10Ved14.xlsx,15,12,False,DATA,601864
10,ОБОРОТНЫЕ АКТИВЫ,T23_000000_t10Ved14.xlsx,15,13,False,DATA,73423
10,ОБОРОТНЫЕ АКТИВЫ,T23_000000_t10Ved14.xlsx,15,14,False,DATA,73423
10,ОБОРОТНЫЕ АКТИВЫ,T23_000000_t10Ved14.xlsx,15,15,False,DATA,73423
10,ОБОРОТНЫЕ АКТИВЫ,T23_000000_t10Ved14.xlsx,15,16,False,DATA,73423
10,ОБОРОТНЫЕ АКТИВЫ,T23_000000_t10Ved14.xlsx,15,17,False,DATA,3138446
10,ОБОРОТНЫЕ АКТИВЫ,T23_000000_t10Ved14.xlsx,15,18,False,DATA,3138446
10,ОБОРОТНЫЕ АКТИВЫ,T23_000000_t10Ved14.xlsx,15,19,False,DATA,2983150
10,ОБОРОТНЫЕ АКТИВЫ,T23_000000_t10Ved14.xlsx,15,20,False,DATA,2983150
10,ОБОРОТНЫЕ АКТИВЫ,T23_000000_t10Ved14.xlsx,15,21,False,DATA,2983150
10,ОБОРОТНЫЕ АКТИВЫ,T23_000000_t10Ved14.xlsx,16,0,False,OKVED_CODE,"Обеспечение электрической энергией, газом и паром; кондиционирование воздуха"
10,ОБОРОТНЫЕ АКТИВЫ,T23_000000_t10Ved14.xlsx,16,1,False,OKVED_NAME,867379
10,ОБОРОТНЫЕ АКТИВЫ,T23_000000_t10Ved14.xlsx,16,2,False,DATA,867379
10,ОБОРОТНЫЕ АКТИВЫ,T23_000000_t10Ved14.xlsx,16,3,False,DATA,867379
10,ОБОРОТНЫЕ АКТИВЫ,T23_000000_t10Ved14.xlsx,16,4,False,DATA,867379
10,ОБОРОТНЫЕ АКТИВЫ,T23_000000_t10Ved14.xlsx,16,5,False,DATA,835900
10,ОБОРОТНЫЕ АКТИВЫ,T23_000000_t10Ved14.xlsx,16,6,False,DATA,835900
10,ОБОРОТНЫЕ АКТИВЫ,T23_000000_t10Ved14.xlsx,16,7,False,DATA,835900
10,ОБОРОТНЫЕ АКТИВЫ,T23_000000_t10Ved14.xlsx,16,8,False,DATA,835900
10,ОБОРОТНЫЕ АКТИВЫ,T23_000000_t10Ved14.xlsx,16,9,False,DATA,5658447
10,ОБОРОТНЫЕ АКТИВЫ,T23_000000_t10Ved14.xlsx,16,10,False,DATA,5658447
10,ОБОРОТНЫЕ АКТИВЫ,T23_000000_t10Ved14.xlsx,16,11,False,DATA,5658447
10,ОБОРОТНЫЕ АКТИВЫ,T23_000000_t10Ved14.xlsx,16,12,False,DATA,5658447
10,ОБОРОТНЫЕ АКТИВЫ,T23_000000_t10Ved14.xlsx,16,13,False,DATA,5255744
10,ОБОРОТНЫЕ АКТИВЫ,T23_000000_t10Ved14.xlsx,16,14,False,DATA,5255744
10,ОБОРОТНЫЕ АКТИВЫ,T23_000000_t10Ved14.xlsx,16,15,False,DATA,5255744
10,ОБОРОТНЫЕ АКТИВЫ,T23_000000_t10Ved14.xlsx,16,16,False,DATA,5255744
10,ОБОРОТНЫЕ АКТИВЫ,T23_000000_t10Ved14.xlsx,16,17,False,DATA,1027757
10,ОБОРОТНЫЕ АКТИВЫ,T23_000000_t10Ved14.xlsx,16,18,False,DATA,1027757
10,ОБОРОТНЫЕ АКТИВЫ,T23_000000_t10Ved14.xlsx,16,19,False,DATA,978904
10,ОБОРОТНЫЕ АКТИВЫ,T23_000000_t10Ved14.xlsx,16,20,False,DATA,978904
10,ОБОРОТНЫЕ АКТИВЫ,T23_000000_t10Ved14.xlsx,16,21,False,DATA,978904
10,ОБОРОТНЫЕ АКТИВЫ,T23_000000_t10Ved14.xlsx,17,0,False,OKVED_CODE,"обеспечение электрической энергией, газом и паром; кондиционирование воздуха"
10,ОБОРОТНЫЕ АКТИВЫ,T23_000000_t10Ved14.xlsx,17,1,False,OKVED_NAME,867379
10,ОБОРОТНЫЕ АКТИВЫ,T23_000000_t10Ved14.xlsx,17,2,False,DATA,867379
10,ОБОРОТНЫЕ АКТИВЫ,T23_000000_t10Ved14.xlsx,17,3,False,DATA,867379
10,ОБОРОТНЫЕ АКТИВЫ,T23_000000_t10Ved14.xlsx,17,4,False,DATA,867379
10,ОБОРОТНЫЕ АКТИВЫ,T23_000000_t10Ved14.xlsx,17,5,False,DATA,835900
10,ОБОРОТНЫЕ АКТИВЫ,T23_000000_t10Ved14.xlsx,17,6,False,DATA,835900
10,ОБОРОТНЫЕ АКТИВЫ,T23_000000_t10Ved14.xlsx,17,7,False,DATA,835900
10,ОБОРОТНЫЕ АКТИВЫ,T23_000000_t10Ved14.xlsx,17,8,False,DATA,835900
10,ОБОРОТНЫЕ АКТИВЫ,T23_000000_t10Ved14.xlsx,17,9,False,DATA,5658447
10,ОБОРОТНЫЕ АКТИВЫ,T23_000000_t10Ved14.xlsx,17,10,False,DATA,5658447
10,ОБОРОТНЫЕ АКТИВЫ,T23_000000_t10Ved14.xlsx,17,11,False,DATA,5658447
10,ОБОРОТНЫЕ АКТИВЫ,T23_000000_t10Ved14.xlsx,17,12,False,DATA,5658447
10,ОБОРОТНЫЕ АКТИВЫ,T23_000000_t10Ved14.xlsx,17,13,False,DATA,5255744
10,ОБОРОТНЫЕ АКТИВЫ,T23_000000_t10Ved14.xlsx,17,14,False,DATA,5255744
10,ОБОРОТНЫЕ АКТИВЫ,T23_000000_t10Ved14.xlsx,17,15,False,DATA,5255744
10,ОБОРОТНЫЕ АКТИВЫ,T23_000000_t10Ved14.xlsx,17,16,False,DATA,5255744
10,ОБОРОТНЫЕ АКТИВЫ,T23_000000_t10Ved14.xlsx,17,17,False,DATA,1027757
10,ОБОРОТНЫЕ АКТИВЫ,T23_000000_t10Ved14.xlsx,17,18,False,DATA,1027757
10,ОБОРОТНЫЕ АКТИВЫ,T23_000000_t10Ved14.xlsx,17,19,False,DATA,978904
10,ОБОРОТНЫЕ АКТИВЫ,T23_000000_t10Ved14.xlsx,17,20,False,DATA,978904
10,ОБОРОТНЫЕ АКТИВЫ,T23_000000_t10Ved14.xlsx,17,21,False,DATA,978904
10,ОБОРОТНЫЕ АКТИВЫ,T23_000000_t10Ved14.xlsx,18,0,False,OKVED_CODE,"Водоснабжение; водоотведение, организация сбора и утилизации отходов, деятельность по ликвидации заг"
10,ОБОРОТНЫЕ АКТИВЫ,T23_000000_t10Ved14.xlsx,18,1,False,OKVED_NAME,-
10,ОБОРОТНЫЕ АКТИВЫ,T23_000000_t10Ved14.xlsx,18,2,False,DATA,-
10,ОБОРОТНЫЕ АКТИВЫ,T23_000000_t10Ved14.xlsx,18,3,False,DATA,-
10,ОБОРОТНЫЕ АКТИВЫ,T23_000000_t10Ved14.xlsx,18,4,False,DATA,-
10,ОБОРОТНЫЕ АКТИВЫ,T23_000000_t10Ved14.xlsx,18,5,False,DATA,-
10,ОБОРОТНЫЕ АКТИВЫ,T23_000000_t10Ved14.xlsx,18,6,False,DATA,-
10,ОБОРОТНЫЕ АКТИВЫ,T23_000000_t10Ved14.xlsx,18,7,False,DATA,-
10,ОБОРОТНЫЕ АКТИВЫ,T23_000000_t10Ved14.xlsx,18,8,False,DATA,-
10,ОБОРОТНЫЕ АКТИВЫ,T23_000000_t10Ved14.xlsx,18,9,False,DATA,167946
10,ОБОРОТНЫЕ АКТИВЫ,T23_000000_t10Ved14.xlsx,18,10,False,DATA,167946
10,ОБОРОТНЫЕ АКТИВЫ,T23_000000_t10Ved14.xlsx,18,11,False,DATA,167946
10,ОБОРОТНЫЕ АКТИВЫ,T23_000000_t10Ved14.xlsx,18,12,False,DATA,167946
10,ОБОРОТНЫЕ АКТИВЫ,T23_000000_t10Ved14.xlsx,18,13,False,DATA,258370
10,ОБОРОТНЫЕ АКТИВЫ,T23_000000_t10Ved14.xlsx,18,14,False,DATA,258370
10,ОБОРОТНЫЕ АКТИВЫ,T23_000000_t10Ved14.xlsx,18,15,False,DATA,258370
10,ОБОРОТНЫЕ АКТИВЫ,T23_000000_t10Ved14.xlsx,18,16,False,DATA,258370
10,ОБОРОТНЫЕ АКТИВЫ,T23_000000_t10Ved14.xlsx,18,17,False,DATA,54590
10,ОБОРОТНЫЕ АКТИВЫ,T23_000000_t10Ved14.xlsx,18,18,False,DATA,54590
10,ОБОРОТНЫЕ АКТИВЫ,T23_000000_t10Ved14.xlsx,18,19,False,DATA,7602
10,ОБОРОТНЫЕ АКТИВЫ,T23_000000_t10Ved14.xlsx,18,20,False,DATA,7602
10,ОБОРОТНЫЕ АКТИВЫ,T23_000000_t10Ved14.xlsx,18,21,False,DATA,7602
10,ОБОРОТНЫЕ АКТИВЫ,T23_000000_t10Ved14.xlsx,19,0,False,OKVED_CODE,
10,ОБОРОТНЫЕ АКТИВЫ,T23_000000_t10Ved14.xlsx,19,1,False,OKVED_NAME,
10,ОБОРОТНЫЕ АКТИВЫ,T23_000000_t10Ved14.xlsx,19,2,False,EMPTY,
10,ОБОРОТНЫЕ АКТИВЫ,T23_000000_t10Ved14.xlsx,19,3,False,EMPTY,
10,ОБОРОТНЫЕ АКТИВЫ,T23_000000_t10Ved14.xlsx,19,4,False,EMPTY,
10,ОБОРОТНЫЕ АКТИВЫ,T23_000000_t10Ved14.xlsx,19,5,False,EMPTY,
10,ОБОРОТНЫЕ АКТИВЫ,T23_000000_t10Ved14.xlsx,19,6,False,EMPTY,
10,ОБОРОТНЫЕ АКТИВЫ,T23_000000_t10Ved14.xlsx,19,7,False,EMPTY,
10,ОБОРОТНЫЕ АКТИВЫ,T23_000000_t10Ved14.xlsx,19,8,False,EMPTY,
10,ОБОРОТНЫЕ АКТИВЫ,T23_000000_t10Ved14.xlsx,19,9,False,EMPTY,
10,ОБОРОТНЫЕ АКТИВЫ,T23_000000_t10Ved14.xlsx,19,10,False,EMPTY,
10,ОБОРОТНЫЕ АКТИВЫ,T23_000000_t10Ved14.xlsx,19,11,False,EMPTY,
10,ОБОРОТНЫЕ АКТИВЫ,T23_000000_t10Ved14.xlsx,19,12,False,EMPTY,
10,ОБОРОТНЫЕ АКТИВЫ,T23_000000_t10Ved14.xlsx,19,13,False,EMPTY,
10,ОБОРОТНЫЕ АКТИВЫ,T23_000000_t10Ved14.xlsx,19,14,False,EMPTY,
10,ОБОРОТНЫЕ АКТИВЫ,T23_000000_t10Ved14.xlsx,19,15,False,EMPTY,
10,ОБОРОТНЫЕ АКТИВЫ,T23_000000_t10Ved14.xlsx,19,16,False,EMPTY,
10,ОБОРОТНЫЕ АКТИВЫ,T23_000000_t10Ved14.xlsx,19,17,False,EMPTY,
10,ОБОРОТНЫЕ АКТИВЫ,T23_000000_t10Ved14.xlsx,19,18,False,EMPTY,
10,ОБОРОТНЫЕ АКТИВЫ,T23_000000_t10Ved14.xlsx,19,19,False,EMPTY,
10,ОБОРОТНЫЕ АКТИВЫ,T23_000000_t10Ved14.xlsx,19,20,False,EMPTY,
10,ОБОРОТНЫЕ АКТИВЫ,T23_000000_t10Ved14.xlsx,19,21,False,EMPTY,
10,ОБОРОТНЫЕ АКТИВЫ,T23_000000_t10Ved14.xlsx,20,0,False,OKVED_CODE,
10,ОБОРОТНЫЕ АКТИВЫ,T23_000000_t10Ved14.xlsx,20,1,False,OKVED_NAME,
10,ОБОРОТНЫЕ АКТИВЫ,T23_000000_t10Ved14.xlsx,20,2,False,EMPTY,
10,ОБОРОТНЫЕ АКТИВЫ,T23_000000_t10Ved14.xlsx,20,3,False,EMPTY,
10,ОБОРОТНЫЕ АКТИВЫ,T23_000000_t10Ved14.xlsx,20,4,False,EMPTY,
10,ОБОРОТНЫЕ АКТИВЫ,T23_000000_t10Ved14.xlsx,20,5,False,EMPTY,
10,ОБОРОТНЫЕ АКТИВЫ,T23_000000_t10Ved14.xlsx,20,6,False,EMPTY,
10,ОБОРОТНЫЕ АКТИВЫ,T23_000000_t10Ved14.xlsx,20,7,False,EMPTY,
10,ОБОРОТНЫЕ АКТИВЫ,T23_000000_t10Ved14.xlsx,20,8,False,EMPTY,
10,ОБОРОТНЫЕ АКТИВЫ,T23_000000_t10Ved14.xlsx,20,9,False,EMPTY,
10,ОБОРОТНЫЕ АКТИВЫ,T23_000000_t10Ved14.xlsx,20,10,False,EMPTY,
10,ОБОРОТНЫЕ АКТИВЫ,T23_000000_t10Ved14.xlsx,20,11,False,EMPTY,
10,ОБОРОТНЫЕ АКТИВЫ,T23_000000_t10Ved14.xlsx,20,12,False,EMPTY,
10,ОБОРОТНЫЕ АКТИВЫ,T23_000000_t10Ved14.xlsx,20,13,False,EMPTY,
10,ОБОРОТНЫЕ АКТИВЫ,T23_000000_t10Ved14.xlsx,20,14,False,EMPTY,
10,ОБОРОТНЫЕ АКТИВЫ,T23_000000_t10Ved14.xlsx,20,15,False,DATA,Продолжение таблицы 4.
10,ОБОРОТНЫЕ АКТИВЫ,T23_000000_t10Ved14.xlsx,20,16,False,DATA,Продолжение таблицы 4.
10,ОБОРОТНЫЕ АКТИВЫ,T23_000000_t10Ved14.xlsx,20,17,False,DATA,Продолжение таблицы 4.
10,ОБОРОТНЫЕ АКТИВЫ,T23_000000_t10Ved14.xlsx,20,18,False,DATA,Продолжение таблицы 4.
10,ОБОРОТНЫЕ АКТИВЫ,T23_000000_t10Ved14.xlsx,20,19,False,DATA,Продолжение таблицы 4.
10,ОБОРОТНЫЕ АКТИВЫ,T23_000000_t10Ved14.xlsx,20,20,False,DATA,Продолжение таблицы 4.
10,ОБОРОТНЫЕ АКТИВЫ,T23_000000_t10Ved14.xlsx,20,21,False,DATA,Продолжение таблицы 4.
10,ОБОРОТНЫЕ АКТИВЫ,T23_000000_t10Ved14.xlsx,21,0,False,OKVED_CODE,
10,ОБОРОТНЫЕ АКТИВЫ,T23_000000_t10Ved14.xlsx,21,1,False,OKVED_NAME,в том числе из оборотных активов
10,ОБОРОТНЫЕ АКТИВЫ,T23_000000_t10Ved14.xlsx,21,2,False,DATA,в том числе из оборотных активов
10,ОБОРОТНЫЕ АКТИВЫ,T23_000000_t10Ved14.xlsx,21,3,False,DATA,в том числе из оборотных активов
10,ОБОРОТНЫЕ АКТИВЫ,T23_000000_t10Ved14.xlsx,21,4,False,DATA,в том числе из оборотных активов
10,ОБОРОТНЫЕ АКТИВЫ,T23_000000_t10Ved14.xlsx,21,5,False,DATA,в том числе из оборотных активов
10,ОБОРОТНЫЕ АКТИВЫ,T23_000000_t10Ved14.xlsx,21,6,False,DATA,в том числе из оборотных активов
10,ОБОРОТНЫЕ АКТИВЫ,T23_000000_t10Ved14.xlsx,21,7,False,DATA,в том числе из оборотных активов
10,ОБОРОТНЫЕ АКТИВЫ,T23_000000_t10Ved14.xlsx,21,8,False,DATA,в том числе из оборотных активов
10,ОБОРОТНЫЕ АКТИВЫ,T23_000000_t10Ved14.xlsx,21,9,False,DATA,в том числе из оборотных активов
10,ОБОРОТНЫЕ АКТИВЫ,T23_000000_t10Ved14.xlsx,21,10,False,DATA,в том числе из оборотных активов
10,ОБОРОТНЫЕ АКТИВЫ,T23_000000_t10Ved14.xlsx,21,11,False,DATA,в том числе из оборотных активов
10,ОБОРОТНЫЕ АКТИВЫ,T23_000000_t10Ved14.xlsx,21,12,False,DATA,в том числе из оборотных активов
10,ОБОРОТНЫЕ АКТИВЫ,T23_000000_t10Ved14.xlsx,21,13,False,DATA,в том числе из оборотных активов
10,ОБОРОТНЫЕ АКТИВЫ,T23_000000_t10Ved14.xlsx,21,14,False,DATA,в том числе из оборотных активов
10,ОБОРОТНЫЕ АКТИВЫ,T23_000000_t10Ved14.xlsx,21,15,False,DATA,в том числе из оборотных активов
10,ОБОРОТНЫЕ АКТИВЫ,T23_000000_t10Ved14.xlsx,21,16,False,DATA,в том числе из оборотных активов
10,ОБОРОТНЫЕ АКТИВЫ,T23_000000_t10Ved14.xlsx,21,17,False,DATA,в том числе из оборотных активов
10,ОБОРОТНЫЕ АКТИВЫ,T23_000000_t10Ved14.xlsx,21,18,False,DATA,в том числе из оборотных активов
10,ОБОРОТНЫЕ АКТИВЫ,T23_000000_t10Ved14.xlsx,21,19,False,DATA,в том числе из оборотных активов
10,ОБОРОТНЫЕ АКТИВЫ,T23_000000_t10Ved14.xlsx,21,20,False,DATA,в том числе из оборотных активов
10,ОБОРОТНЫЕ АКТИВЫ,T23_000000_t10Ved14.xlsx,21,21,False,DATA,в том числе из оборотных активов
10,ОБОРОТНЫЕ АКТИВЫ,T23_000000_t10Ved14.xlsx,22,0,False,OKVED_CODE,
10,ОБОРОТНЫЕ АКТИВЫ,T23_000000_t10Ved14.xlsx,22,1,False,OKVED_NAME,краткосрочные финансовые вложения (за исключением денежных эквивалентов)
10,ОБОРОТНЫЕ АКТИВЫ,T23_000000_t10Ved14.xlsx,22,2,False,DATA,краткосрочные финансовые вложения (за исключением денежных эквивалентов)
10,ОБОРОТНЫЕ АКТИВЫ,T23_000000_t10Ved14.xlsx,22,3,False,DATA,краткосрочные финансовые вложения (за исключением денежных эквивалентов)
10,ОБОРОТНЫЕ АКТИВЫ,T23_000000_t10Ved14.xlsx,22,4,False,DATA,краткосрочные финансовые вложения (за исключением денежных эквивалентов)
10,ОБОРОТНЫЕ АКТИВЫ,T23_000000_t10Ved14.xlsx,22,5,False,DATA,краткосрочные финансовые вложения (за исключением денежных эквивалентов)
10,ОБОРОТНЫЕ АКТИВЫ,T23_000000_t10Ved14.xlsx,22,6,False,DATA,краткосрочные финансовые вложения (за исключением денежных эквивалентов)
10,ОБОРОТНЫЕ АКТИВЫ,T23_000000_t10Ved14.xlsx,22,7,False,DATA,краткосрочные финансовые вложения (за исключением денежных эквивалентов)
10,ОБОРОТНЫЕ АКТИВЫ,T23_000000_t10Ved14.xlsx,22,8,False,DATA,краткосрочные финансовые вложения (за исключением денежных эквивалентов)
10,ОБОРОТНЫЕ АКТИВЫ,T23_000000_t10Ved14.xlsx,22,9,False,DATA,денежные средства и денежные эквиваленты
10,ОБОРОТНЫЕ АКТИВЫ,T23_000000_t10Ved14.xlsx,22,10,False,DATA,денежные средства и денежные эквиваленты
10,ОБОРОТНЫЕ АКТИВЫ,T23_000000_t10Ved14.xlsx,22,11,False,DATA,денежные средства и денежные эквиваленты
10,ОБОРОТНЫЕ АКТИВЫ,T23_000000_t10Ved14.xlsx,22,12,False,DATA,денежные средства и денежные эквиваленты
10,ОБОРОТНЫЕ АКТИВЫ,T23_000000_t10Ved14.xlsx,22,13,False,DATA,денежные средства и денежные эквиваленты
10,ОБОРОТНЫЕ АКТИВЫ,T23_000000_t10Ved14.xlsx,22,14,False,DATA,денежные средства и денежные эквиваленты
10,ОБОРОТНЫЕ АКТИВЫ,T23_000000_t10Ved14.xlsx,22,15,False,DATA,денежные средства и денежные эквиваленты
10,ОБОРОТНЫЕ АКТИВЫ,T23_000000_t10Ved14.xlsx,22,16,False,DATA,денежные средства и денежные эквиваленты
10,ОБОРОТНЫЕ АКТИВЫ,T23_000000_t10Ved14.xlsx,22,17,False,DATA,прочие оборотные активы
10,ОБОРОТНЫЕ АКТИВЫ,T23_000000_t10Ved14.xlsx,22,18,False,DATA,прочие оборотные активы
10,ОБОРОТНЫЕ АКТИВЫ,T23_000000_t10Ved14.xlsx,22,19,False,DATA,прочие оборотные активы
10,ОБОРОТНЫЕ АКТИВЫ,T23_000000_t10Ved14.xlsx,22,20,False,DATA,прочие оборотные активы
10,ОБОРОТНЫЕ АКТИВЫ,T23_000000_t10Ved14.xlsx,22,21,False,DATA,прочие оборотные активы
10,ОБОРОТНЫЕ АКТИВЫ,T23_000000_t10Ved14.xlsx,23,0,False,OKVED_CODE,
10,ОБОРОТНЫЕ АКТИВЫ,T23_000000_t10Ved14.xlsx,23,1,False,OKVED_NAME,краткосрочные финансовые вложения (за исключением денежных эквивалентов)
10,ОБОРОТНЫЕ АКТИВЫ,T23_000000_t10Ved14.xlsx,23,2,False,DATA,краткосрочные финансовые вложения (за исключением денежных эквивалентов)
10,ОБОРОТНЫЕ АКТИВЫ,T23_000000_t10Ved14.xlsx,23,3,False,DATA,краткосрочные финансовые вложения (за исключением денежных эквивалентов)
10,ОБОРОТНЫЕ АКТИВЫ,T23_000000_t10Ved14.xlsx,23,4,False,DATA,краткосрочные финансовые вложения (за исключением денежных эквивалентов)
10,ОБОРОТНЫЕ АКТИВЫ,T23_000000_t10Ved14.xlsx,23,5,False,DATA,краткосрочные финансовые вложения (за исключением денежных эквивалентов)
10,ОБОРОТНЫЕ АКТИВЫ,T23_000000_t10Ved14.xlsx,23,6,False,DATA,краткосрочные финансовые вложения (за исключением денежных эквивалентов)
10,ОБОРОТНЫЕ АКТИВЫ,T23_000000_t10Ved14.xlsx,23,7,False,DATA,краткосрочные финансовые вложения (за исключением денежных эквивалентов)
10,ОБОРОТНЫЕ АКТИВЫ,T23_000000_t10Ved14.xlsx,23,8,False,DATA,краткосрочные финансовые вложения (за исключением денежных эквивалентов)
10,ОБОРОТНЫЕ АКТИВЫ,T23_000000_t10Ved14.xlsx,23,9,False,DATA,денежные средства и денежные эквиваленты
10,ОБОРОТНЫЕ АКТИВЫ,T23_000000_t10Ved14.xlsx,23,10,False,DATA,денежные средства и денежные эквиваленты
10,ОБОРОТНЫЕ АКТИВЫ,T23_000000_t10Ved14.xlsx,23,11,False,DATA,денежные средства и денежные эквиваленты
10,ОБОРОТНЫЕ АКТИВЫ,T23_000000_t10Ved14.xlsx,23,12,False,DATA,денежные средства и денежные эквиваленты
10,ОБОРОТНЫЕ АКТИВЫ,T23_000000_t10Ved14.xlsx,23,13,False,DATA,денежные средства и денежные эквиваленты
10,ОБОРОТНЫЕ АКТИВЫ,T23_000000_t10Ved14.xlsx,23,14,False,DATA,денежные средства и денежные эквиваленты
10,ОБОРОТНЫЕ АКТИВЫ,T23_000000_t10Ved14.xlsx,23,15,False,DATA,денежные средства и денежные эквиваленты
10,ОБОРОТНЫЕ АКТИВЫ,T23_000000_t10Ved14.xlsx,23,16,False,DATA,денежные средства и денежные эквиваленты
10,ОБОРОТНЫЕ АКТИВЫ,T23_000000_t10Ved14.xlsx,23,17,False,DATA,прочие оборотные активы
10,ОБОРОТНЫЕ АКТИВЫ,T23_000000_t10Ved14.xlsx,23,18,False,DATA,прочие оборотные активы
10,ОБОРОТНЫЕ АКТИВЫ,T23_000000_t10Ved14.xlsx,23,19,False,DATA,прочие оборотные активы
10,ОБОРОТНЫЕ АКТИВЫ,T23_000000_t10Ved14.xlsx,23,20,False,DATA,прочие оборотные активы
10,ОБОРОТНЫЕ АКТИВЫ,T23_000000_t10Ved14.xlsx,23,21,False,DATA,прочие оборотные активы
10,ОБОРОТНЫЕ АКТИВЫ,T23_000000_t10Ved14.xlsx,24,0,False,OKVED_CODE,
10,ОБОРОТНЫЕ АКТИВЫ,T23_000000_t10Ved14.xlsx,24,1,False,OKVED_NAME,2022
10,ОБОРОТНЫЕ АКТИВЫ,T23_000000_t10Ved14.xlsx,24,2,False,DATA,2022
10,ОБОРОТНЫЕ АКТИВЫ,T23_000000_t10Ved14.xlsx,24,3,False,DATA,2022
10,ОБОРОТНЫЕ АКТИВЫ,T23_000000_t10Ved14.xlsx,24,4,False,DATA,2022
10,ОБОРОТНЫЕ АКТИВЫ,T23_000000_t10Ved14.xlsx,24,5,False,DATA,2023
10,ОБОРОТНЫЕ АКТИВЫ,T23_000000_t10Ved14.xlsx,24,6,False,DATA,2023
10,ОБОРОТНЫЕ АКТИВЫ,T23_000000_t10Ved14.xlsx,24,7,False,DATA,2023
10,ОБОРОТНЫЕ АКТИВЫ,T23_000000_t10Ved14.xlsx,24,8,False,DATA,2023
10,ОБОРОТНЫЕ АКТИВЫ,T23_000000_t10Ved14.xlsx,24,9,False,DATA,2022
10,ОБОРОТНЫЕ АКТИВЫ,T23_000000_t10Ved14.xlsx,24,10,False,DATA,2022
10,ОБОРОТНЫЕ АКТИВЫ,T23_000000_t10Ved14.xlsx,24,11,False,DATA,2022
10,ОБОРОТНЫЕ АКТИВЫ,T23_000000_t10Ved14.xlsx,24,12,False,DATA,2022
10,ОБОРОТНЫЕ АКТИВЫ,T23_000000_t10Ved14.xlsx,24,13,False,DATA,2023
10,ОБОРОТНЫЕ АКТИВЫ,T23_000000_t10Ved14.xlsx,24,14,False,DATA,2023
10,ОБОРОТНЫЕ АКТИВЫ,T23_000000_t10Ved14.xlsx,24,15,False,DATA,2023
10,ОБОРОТНЫЕ АКТИВЫ,T23_000000_t10Ved14.xlsx,24,16,False,DATA,2023
10,ОБОРОТНЫЕ АКТИВЫ,T23_000000_t10Ved14.xlsx,24,17,False,DATA,2022
10,ОБОРОТНЫЕ АКТИВЫ,T23_000000_t10Ved14.xlsx,24,18,False,DATA,2022
10,ОБОРОТНЫЕ АКТИВЫ,T23_000000_t10Ved14.xlsx,24,19,False,DATA,2023
10,ОБОРОТНЫЕ АКТИВЫ,T23_000000_t10Ved14.xlsx,24,20,False,DATA,2023
10,ОБОРОТНЫЕ АКТИВЫ,T23_000000_t10Ved14.xlsx,24,21,False,DATA,2023
10,ОБОРОТНЫЕ АКТИВЫ,T23_000000_t10Ved14.xlsx,25,0,False,OKVED_CODE,"забор, очистка и распределение воды"
10,ОБОРОТНЫЕ АКТИВЫ,T23_000000_t10Ved14.xlsx,25,1,False,OKVED_NAME,-
10,ОБОРОТНЫЕ АКТИВЫ,T23_000000_t10Ved14.xlsx,25,2,False,DATA,-
10,ОБОРОТНЫЕ АКТИВЫ,T23_000000_t10Ved14.xlsx,25,3,False,DATA,-
10,ОБОРОТНЫЕ АКТИВЫ,T23_000000_t10Ved14.xlsx,25,4,False,DATA,-
10,ОБОРОТНЫЕ АКТИВЫ,T23_000000_t10Ved14.xlsx,25,5,False,DATA,-
10,ОБОРОТНЫЕ АКТИВЫ,T23_000000_t10Ved14.xlsx,25,6,False,DATA,-
10,ОБОРОТНЫЕ АКТИВЫ,T23_000000_t10Ved14.xlsx,25,7,False,DATA,-
10,ОБОРОТНЫЕ АКТИВЫ,T23_000000_t10Ved14.xlsx,25,8,False,DATA,-
10,ОБОРОТНЫЕ АКТИВЫ,T23_000000_t10Ved14.xlsx,25,9,False,DATA,164317
10,ОБОРОТНЫЕ АКТИВЫ,T23_000000_t10Ved14.xlsx,25,10,False,DATA,164317
10,ОБОРОТНЫЕ АКТИВЫ,T23_000000_t10Ved14.xlsx,25,11,False,DATA,164317
10,ОБОРОТНЫЕ АКТИВЫ,T23_000000_t10Ved14.xlsx,25,12,False,DATA,164317
10,ОБОРОТНЫЕ АКТИВЫ,T23_000000_t10Ved14.xlsx,25,13,False,DATA,234787
10,ОБОРОТНЫЕ АКТИВЫ,T23_000000_t10Ved14.xlsx,25,14,False,DATA,234787
10,ОБОРОТНЫЕ АКТИВЫ,T23_000000_t10Ved14.xlsx,25,15,False,DATA,234787
10,ОБОРОТНЫЕ АКТИВЫ,T23_000000_t10Ved14.xlsx,25,16,False,DATA,234787
10,ОБОРОТНЫЕ АКТИВЫ,T23_000000_t10Ved14.xlsx,25,17,False,DATA,52853
10,ОБОРОТНЫЕ АКТИВЫ,T23_000000_t10Ved14.xlsx,25,18,False,DATA,52853
10,ОБОРОТНЫЕ АКТИВЫ,T23_000000_t10Ved14.xlsx,25,19,False,DATA,2380
10,ОБОРОТНЫЕ АКТИВЫ,T23_000000_t10Ved14.xlsx,25,20,False,DATA,2380
10,ОБОРОТНЫЕ АКТИВЫ,T23_000000_t10Ved14.xlsx,25,21,False,DATA,2380
10,ОБОРОТНЫЕ АКТИВЫ,T23_000000_t10Ved14.xlsx,26,0,False,OKVED_CODE,"сбор, обработка и утилизация отходов; обработка вторичного сырья"
10,ОБОРОТНЫЕ АКТИВЫ,T23_000000_t10Ved14.xlsx,26,1,False,OKVED_NAME,-
10,ОБОРОТНЫЕ АКТИВЫ,T23_000000_t10Ved14.xlsx,26,2,False,DATA,-
10,ОБОРОТНЫЕ АКТИВЫ,T23_000000_t10Ved14.xlsx,26,3,False,DATA,-
10,ОБОРОТНЫЕ АКТИВЫ,T23_000000_t10Ved14.xlsx,26,4,False,DATA,-
10,ОБОРОТНЫЕ АКТИВЫ,T23_000000_t10Ved14.xlsx,26,5,False,DATA,-
10,ОБОРОТНЫЕ АКТИВЫ,T23_000000_t10Ved14.xlsx,26,6,False,DATA,-
10,ОБОРОТНЫЕ АКТИВЫ,T23_000000_t10Ved14.xlsx,26,7,False,DATA,-
10,ОБОРОТНЫЕ АКТИВЫ,T23_000000_t10Ved14.xlsx,26,8,False,DATA,-
10,ОБОРОТНЫЕ АКТИВЫ,T23_000000_t10Ved14.xlsx,26,9,False,DATA,3629
10,ОБОРОТНЫЕ АКТИВЫ,T23_000000_t10Ved14.xlsx,26,10,False,DATA,3629
10,ОБОРОТНЫЕ АКТИВЫ,T23_000000_t10Ved14.xlsx,26,11,False,DATA,3629
10,ОБОРОТНЫЕ АКТИВЫ,T23_000000_t10Ved14.xlsx,26,12,False,DATA,3629
10,ОБОРОТНЫЕ АКТИВЫ,T23_000000_t10Ved14.xlsx,26,13,False,DATA,23583
10,ОБОРОТНЫЕ АКТИВЫ,T23_000000_t10Ved14.xlsx,26,14,False,DATA,23583
10,ОБОРОТНЫЕ АКТИВЫ,T23_000000_t10Ved14.xlsx,26,15,False,DATA,23583
10,ОБОРОТНЫЕ АКТИВЫ,T23_000000_t10Ved14.xlsx,26,16,False,DATA,23583
10,ОБОРОТНЫЕ АКТИВЫ,T23_000000_t10Ved14.xlsx,26,17,False,DATA,1737
10,ОБОРОТНЫЕ АКТИВЫ,T23_000000_t10Ved14.xlsx,26,18,False,DATA,1737
10,ОБОРОТНЫЕ АКТИВЫ,T23_000000_t10Ved14.xlsx,26,19,False,DATA,5222
10,ОБОРОТНЫЕ АКТИВЫ,T23_000000_t10Ved14.xlsx,26,20,False,DATA,5222
10,ОБОРОТНЫЕ АКТИВЫ,T23_000000_t10Ved14.xlsx,26,21,False,DATA,5222
10,ОБОРОТНЫЕ АКТИВЫ,T23_000000_t10Ved14.xlsx,27,0,False,OKVED_CODE,Строительство
10,ОБОРОТНЫЕ АКТИВЫ,T23_000000_t10Ved14.xlsx,27,1,False,OKVED_NAME,346289
10,ОБОРОТНЫЕ АКТИВЫ,T23_000000_t10Ved14.xlsx,27,2,False,DATA,346289
10,ОБОРОТНЫЕ АКТИВЫ,T23_000000_t10Ved14.xlsx,27,3,False,DATA,346289
10,ОБОРОТНЫЕ АКТИВЫ,T23_000000_t10Ved14.xlsx,27,4,False,DATA,346289
10,ОБОРОТНЫЕ АКТИВЫ,T23_000000_t10Ved14.xlsx,27,5,False,DATA,818732
10,ОБОРОТНЫЕ АКТИВЫ,T23_000000_t10Ved14.xlsx,27,6,False,DATA,818732
10,ОБОРОТНЫЕ АКТИВЫ,T23_000000_t10Ved14.xlsx,27,7,False,DATA,818732
10,ОБОРОТНЫЕ АКТИВЫ,T23_000000_t10Ved14.xlsx,27,8,False,DATA,818732
10,ОБОРОТНЫЕ АКТИВЫ,T23_000000_t10Ved14.xlsx,27,9,False,DATA,2625684
10,ОБОРОТНЫЕ АКТИВЫ,T23_000000_t10Ved14.xlsx,27,10,False,DATA,2625684
10,ОБОРОТНЫЕ АКТИВЫ,T23_000000_t10Ved14.xlsx,27,11,False,DATA,2625684
10,ОБОРОТНЫЕ АКТИВЫ,T23_000000_t10Ved14.xlsx,27,12,False,DATA,2625684
10,ОБОРОТНЫЕ АКТИВЫ,T23_000000_t10Ved14.xlsx,27,13,False,DATA,4851304
10,ОБОРОТНЫЕ АКТИВЫ,T23_000000_t10Ved14.xlsx,27,14,False,DATA,4851304
10,ОБОРОТНЫЕ АКТИВЫ,T23_000000_t10Ved14.xlsx,27,15,False,DATA,4851304
10,ОБОРОТНЫЕ АКТИВЫ,T23_000000_t10Ved14.xlsx,27,16,False,DATA,4851304
10,ОБОРОТНЫЕ АКТИВЫ,T23_000000_t10Ved14.xlsx,27,17,False,DATA,111149
10,ОБОРОТНЫЕ АКТИВЫ,T23_000000_t10Ved14.xlsx,27,18,False,DATA,111149
10,ОБОРОТНЫЕ АКТИВЫ,T23_000000_t10Ved14.xlsx,27,19,False,DATA,110030
10,ОБОРОТНЫЕ АКТИВЫ,T23_000000_t10Ved14.xlsx,27,20,False,DATA,110030
10,ОБОРОТНЫЕ АКТИВЫ,T23_000000_t10Ved14.xlsx,27,21,False,DATA,110030
10,ОБОРОТНЫЕ АКТИВЫ,T23_000000_t10Ved14.xlsx,28,0,False,OKVED_CODE,строительство зданий
10,ОБОРОТНЫЕ АКТИВЫ,T23_000000_t10Ved14.xlsx,28,1,False,OKVED_NAME,66289
10,ОБОРОТНЫЕ АКТИВЫ,T23_000000_t10Ved14.xlsx,28,2,False,DATA,66289
10,ОБОРОТНЫЕ АКТИВЫ,T23_000000_t10Ved14.xlsx,28,3,False,DATA,66289
10,ОБОРОТНЫЕ АКТИВЫ,T23_000000_t10Ved14.xlsx,28,4,False,DATA,66289
10,ОБОРОТНЫЕ АКТИВЫ,T23_000000_t10Ved14.xlsx,28,5,False,DATA,170732
10,ОБОРОТНЫЕ АКТИВЫ,T23_000000_t10Ved14.xlsx,28,6,False,DATA,170732
10,ОБОРОТНЫЕ АКТИВЫ,T23_000000_t10Ved14.xlsx,28,7,False,DATA,170732
10,ОБОРОТНЫЕ АКТИВЫ,T23_000000_t10Ved14.xlsx,28,8,False,DATA,170732
10,ОБОРОТНЫЕ АКТИВЫ,T23_000000_t10Ved14.xlsx,28,9,False,DATA,729004
10,ОБОРОТНЫЕ АКТИВЫ,T23_000000_t10Ved14.xlsx,28,10,False,DATA,729004
10,ОБОРОТНЫЕ АКТИВЫ,T23_000000_t10Ved14.xlsx,28,11,False,DATA,729004
10,ОБОРОТНЫЕ АКТИВЫ,T23_000000_t10Ved14.xlsx,28,12,False,DATA,729004
10,ОБОРОТНЫЕ АКТИВЫ,T23_000000_t10Ved14.xlsx,28,13,False,DATA,3012187
10,ОБОРОТНЫЕ АКТИВЫ,T23_000000_t10Ved14.xlsx,28,14,False,DATA,3012187
10,ОБОРОТНЫЕ АКТИВЫ,T23_000000_t10Ved14.xlsx,28,15,False,DATA,3012187
10,ОБОРОТНЫЕ АКТИВЫ,T23_000000_t10Ved14.xlsx,28,16,False,DATA,3012187
10,ОБОРОТНЫЕ АКТИВЫ,T23_000000_t10Ved14.xlsx,28,17,False,DATA,54550
10,ОБОРОТНЫЕ АКТИВЫ,T23_000000_t10Ved14.xlsx,28,18,False,DATA,54550
10,ОБОРОТНЫЕ АКТИВЫ,T23_000000_t10Ved14.xlsx,28,19,False,DATA,87255
10,ОБОРОТНЫЕ АКТИВЫ,T23_000000_t10Ved14.xlsx,28,20,False,DATA,87255
10,ОБОРОТНЫЕ АКТИВЫ,T23_000000_t10Ved14.xlsx,28,21,False,DATA,87255
10,ОБОРОТНЫЕ АКТИВЫ,T23_000000_t10Ved14.xlsx,29,0,False,OKVED_CODE,строительство инженерных сооружений
10,ОБОРОТНЫЕ АКТИВЫ,T23_000000_t10Ved14.xlsx,29,1,False,OKVED_NAME,280000
10,ОБОРОТНЫЕ АКТИВЫ,T23_000000_t10Ved14.xlsx,29,2,False,DATA,280000
10,ОБОРОТНЫЕ АКТИВЫ,T23_000000_t10Ved14.xlsx,29,3,False,DATA,280000
10,ОБОРОТНЫЕ АКТИВЫ,T23_000000_t10Ved14.xlsx,29,4,False,DATA,280000
10,ОБОРОТНЫЕ АКТИВЫ,T23_000000_t10Ved14.xlsx,29,5,False,DATA,648000
10,ОБОРОТНЫЕ АКТИВЫ,T23_000000_t10Ved14.xlsx,29,6,False,DATA,648000
10,ОБОРОТНЫЕ АКТИВЫ,T23_000000_t10Ved14.xlsx,29,7,False,DATA,648000
10,ОБОРОТНЫЕ АКТИВЫ,T23_000000_t10Ved14.xlsx,29,8,False,DATA,648000
10,ОБОРОТНЫЕ АКТИВЫ,T23_000000_t10Ved14.xlsx,29,9,False,DATA,1896676
10,ОБОРОТНЫЕ АКТИВЫ,T23_000000_t10Ved14.xlsx,29,10,False,DATA,1896676
10,ОБОРОТНЫЕ АКТИВЫ,T23_000000_t10Ved14.xlsx,29,11,False,DATA,1896676
10,ОБОРОТНЫЕ АКТИВЫ,T23_000000_t10Ved14.xlsx,29,12,False,DATA,1896676
10,ОБОРОТНЫЕ АКТИВЫ,T23_000000_t10Ved14.xlsx,29,13,False,DATA,1839113
10,ОБОРОТНЫЕ АКТИВЫ,T23_000000_t10Ved14.xlsx,29,14,False,DATA,1839113
10,ОБОРОТНЫЕ АКТИВЫ,T23_000000_t10Ved14.xlsx,29,15,False,DATA,1839113
10,ОБОРОТНЫЕ АКТИВЫ,T23_000000_t10Ved14.xlsx,29,16,False,DATA,1839113
10,ОБОРОТНЫЕ АКТИВЫ,T23_000000_t10Ved14.xlsx,29,17,False,DATA,8865
10,ОБОРОТНЫЕ АКТИВЫ,T23_000000_t10Ved14.xlsx,29,18,False,DATA,8865
10,ОБОРОТНЫЕ АКТИВЫ,T23_000000_t10Ved14.xlsx,29,19,False,DATA,16804
10,ОБОРОТНЫЕ АКТИВЫ,T23_000000_t10Ved14.xlsx,29,20,False,DATA,16804
10,ОБОРОТНЫЕ АКТИВЫ,T23_000000_t10Ved14.xlsx,29,21,False,DATA,16804
10,ОБОРОТНЫЕ АКТИВЫ,T23_000000_t10Ved14.xlsx,30,0,False,OKVED_CODE,Работы строительные специализированные
10,ОБОРОТНЫЕ АКТИВЫ,T23_000000_t10Ved14.xlsx,30,1,False,OKVED_NAME,-
10,ОБОРОТНЫЕ АКТИВЫ,T23_000000_t10Ved14.xlsx,30,2,False,DATA,-
10,ОБОРОТНЫЕ АКТИВЫ,T23_000000_t10Ved14.xlsx,30,3,False,DATA,-
10,ОБОРОТНЫЕ АКТИВЫ,T23_000000_t10Ved14.xlsx,30,4,False,DATA,-
10,ОБОРОТНЫЕ АКТИВЫ,T23_000000_t10Ved14.xlsx,30,5,False,DATA,-
10,ОБОРОТНЫЕ АКТИВЫ,T23_000000_t10Ved14.xlsx,30,6,False,DATA,-
10,ОБОРОТНЫЕ АКТИВЫ,T23_000000_t10Ved14.xlsx,30,7,False,DATA,-
10,ОБОРОТНЫЕ АКТИВЫ,T23_000000_t10Ved14.xlsx,30,8,False,DATA,-
10,ОБОРОТНЫЕ АКТИВЫ,T23_000000_t10Ved14.xlsx,30,9,False,DATA,4
10,ОБОРОТНЫЕ АКТИВЫ,T23_000000_t10Ved14.xlsx,30,10,False,DATA,4
10,ОБОРОТНЫЕ АКТИВЫ,T23_000000_t10Ved14.xlsx,30,11,False,DATA,4
10,ОБОРОТНЫЕ АКТИВЫ,T23_000000_t10Ved14.xlsx,30,12,False,DATA,4
10,ОБОРОТНЫЕ АКТИВЫ,T23_000000_t10Ved14.xlsx,30,13,False,DATA,4
10,ОБОРОТНЫЕ АКТИВЫ,T23_000000_t10Ved14.xlsx,30,14,False,DATA,4
10,ОБОРОТНЫЕ АКТИВЫ,T23_000000_t10Ved14.xlsx,30,15,False,DATA,4
10,ОБОРОТНЫЕ АКТИВЫ,T23_000000_t10Ved14.xlsx,30,16,False,DATA,4
10,ОБОРОТНЫЕ АКТИВЫ,T23_000000_t10Ved14.xlsx,30,17,False,DATA,47734
10,ОБОРОТНЫЕ АКТИВЫ,T23_000000_t10Ved14.xlsx,30,18,False,DATA,47734
10,ОБОРОТНЫЕ АКТИВЫ,T23_000000_t10Ved14.xlsx,30,19,False,DATA,5971
10,ОБОРОТНЫЕ АКТИВЫ,T23_000000_t10Ved14.xlsx,30,20,False,DATA,5971
10,ОБОРОТНЫЕ АКТИВЫ,T23_000000_t10Ved14.xlsx,30,21,False,DATA,5971
10,ОБОРОТНЫЕ АКТИВЫ,T23_000000_t10Ved14.xlsx,31,0,False,OKVED_CODE,Торговля оптовая и розничная; ремонт автотранспортных средств и мотоциклов
10,ОБОРОТНЫЕ АКТИВЫ,T23_000000_t10Ved14.xlsx,31,1,False,OKVED_NAME,283008
10,ОБОРОТНЫЕ АКТИВЫ,T23_000000_t10Ved14.xlsx,31,2,False,DATA,283008
10,ОБОРОТНЫЕ АКТИВЫ,T23_000000_t10Ved14.xlsx,31,3,False,DATA,283008
10,ОБОРОТНЫЕ АКТИВЫ,T23_000000_t10Ved14.xlsx,31,4,False,DATA,283008
10,ОБОРОТНЫЕ АКТИВЫ,T23_000000_t10Ved14.xlsx,31,5,False,DATA,1945653
10,ОБОРОТНЫЕ АКТИВЫ,T23_000000_t10Ved14.xlsx,31,6,False,DATA,1945653
10,ОБОРОТНЫЕ АКТИВЫ,T23_000000_t10Ved14.xlsx,31,7,False,DATA,1945653
10,ОБОРОТНЫЕ АКТИВЫ,T23_000000_t10Ved14.xlsx,31,8,False,DATA,1945653
10,ОБОРОТНЫЕ АКТИВЫ,T23_000000_t10Ved14.xlsx,31,9,False,DATA,713529
10,ОБОРОТНЫЕ АКТИВЫ,T23_000000_t10Ved14.xlsx,31,10,False,DATA,713529
10,ОБОРОТНЫЕ АКТИВЫ,T23_000000_t10Ved14.xlsx,31,11,False,DATA,713529
10,ОБОРОТНЫЕ АКТИВЫ,T23_000000_t10Ved14.xlsx,31,12,False,DATA,713529
10,ОБОРОТНЫЕ АКТИВЫ,T23_000000_t10Ved14.xlsx,31,13,False,DATA,705275
10,ОБОРОТНЫЕ АКТИВЫ,T23_000000_t10Ved14.xlsx,31,14,False,DATA,705275
10,ОБОРОТНЫЕ АКТИВЫ,T23_000000_t10Ved14.xlsx,31,15,False,DATA,705275
10,ОБОРОТНЫЕ АКТИВЫ,T23_000000_t10Ved14.xlsx,31,16,False,DATA,705275
10,ОБОРОТНЫЕ АКТИВЫ,T23_000000_t10Ved14.xlsx,31,17,False,DATA,536886
10,ОБОРОТНЫЕ АКТИВЫ,T23_000000_t10Ved14.xlsx,31,18,False,DATA,536886
10,ОБОРОТНЫЕ АКТИВЫ,T23_000000_t10Ved14.xlsx,31,19,False,DATA,895887
10,ОБОРОТНЫЕ АКТИВЫ,T23_000000_t10Ved14.xlsx,31,20,False,DATA,895887
10,ОБОРОТНЫЕ АКТИВЫ,T23_000000_t10Ved14.xlsx,31,21,False,DATA,895887
10,ОБОРОТНЫЕ АКТИВЫ,T23_000000_t10Ved14.xlsx,32,0,False,OKVED_CODE,"торговля оптовая, кроме оптовой торговли автотранспортными средствами
и мотоциклами"
10,ОБОРОТНЫЕ АКТИВЫ,T23_000000_t10Ved14.xlsx,32,1,False,OKVED_NAME,241903
10,ОБОРОТНЫЕ АКТИВЫ,T23_000000_t10Ved14.xlsx,32,2,False,DATA,241903
10,ОБОРОТНЫЕ АКТИВЫ,T23_000000_t10Ved14.xlsx,32,3,False,DATA,241903
10,ОБОРОТНЫЕ АКТИВЫ,T23_000000_t10Ved14.xlsx,32,4,False,DATA,241903
10,ОБОРОТНЫЕ АКТИВЫ,T23_000000_t10Ved14.xlsx,32,5,False,DATA,1939419
10,ОБОРОТНЫЕ АКТИВЫ,T23_000000_t10Ved14.xlsx,32,6,False,DATA,1939419
10,ОБОРОТНЫЕ АКТИВЫ,T23_000000_t10Ved14.xlsx,32,7,False,DATA,1939419
10,ОБОРОТНЫЕ АКТИВЫ,T23_000000_t10Ved14.xlsx,32,8,False,DATA,1939419
10,ОБОРОТНЫЕ АКТИВЫ,T23_000000_t10Ved14.xlsx,32,9,False,DATA,474907
10,ОБОРОТНЫЕ АКТИВЫ,T23_000000_t10Ved14.xlsx,32,10,False,DATA,474907
10,ОБОРОТНЫЕ АКТИВЫ,T23_000000_t10Ved14.xlsx,32,11,False,DATA,474907
10,ОБОРОТНЫЕ АКТИВЫ,T23_000000_t10Ved14.xlsx,32,12,False,DATA,474907
10,ОБОРОТНЫЕ АКТИВЫ,T23_000000_t10Ved14.xlsx,32,13,False,DATA,352551
10,ОБОРОТНЫЕ АКТИВЫ,T23_000000_t10Ved14.xlsx,32,14,False,DATA,352551
10,ОБОРОТНЫЕ АКТИВЫ,T23_000000_t10Ved14.xlsx,32,15,False,DATA,352551
10,ОБОРОТНЫЕ АКТИВЫ,T23_000000_t10Ved14.xlsx,32,16,False,DATA,352551
10,ОБОРОТНЫЕ АКТИВЫ,T23_000000_t10Ved14.xlsx,32,17,False,DATA,533988
10,ОБОРОТНЫЕ АКТИВЫ,T23_000000_t10Ved14.xlsx,32,18,False,DATA,533988
10,ОБОРОТНЫЕ АКТИВЫ,T23_000000_t10Ved14.xlsx,32,19,False,DATA,891017
10,ОБОРОТНЫЕ АКТИВЫ,T23_000000_t10Ved14.xlsx,32,20,False,DATA,891017
10,ОБОРОТНЫЕ АКТИВЫ,T23_000000_t10Ved14.xlsx,32,21,False,DATA,891017
10,ОБОРОТНЫЕ АКТИВЫ,T23_000000_t10Ved14.xlsx,33,0,False,OKVED_CODE,"торговля розничная, кроме торговли автотранспортными средствами 
и мотоциклами"
10,ОБОРОТНЫЕ АКТИВЫ,T23_000000_t10Ved14.xlsx,33,1,False,OKVED_NAME,41105
10,ОБОРОТНЫЕ АКТИВЫ,T23_000000_t10Ved14.xlsx,33,2,False,DATA,41105
10,ОБОРОТНЫЕ АКТИВЫ,T23_000000_t10Ved14.xlsx,33,3,False,DATA,41105
10,ОБОРОТНЫЕ АКТИВЫ,T23_000000_t10Ved14.xlsx,33,4,False,DATA,41105
10,ОБОРОТНЫЕ АКТИВЫ,T23_000000_t10Ved14.xlsx,33,5,False,DATA,6234
10,ОБОРОТНЫЕ АКТИВЫ,T23_000000_t10Ved14.xlsx,33,6,False,DATA,6234
10,ОБОРОТНЫЕ АКТИВЫ,T23_000000_t10Ved14.xlsx,33,7,False,DATA,6234
10,ОБОРОТНЫЕ АКТИВЫ,T23_000000_t10Ved14.xlsx,33,8,False,DATA,6234
10,ОБОРОТНЫЕ АКТИВЫ,T23_000000_t10Ved14.xlsx,33,9,False,DATA,238622
10,ОБОРОТНЫЕ АКТИВЫ,T23_000000_t10Ved14.xlsx,33,10,False,DATA,238622
10,ОБОРОТНЫЕ АКТИВЫ,T23_000000_t10Ved14.xlsx,33,11,False,DATA,238622
10,ОБОРОТНЫЕ АКТИВЫ,T23_000000_t10Ved14.xlsx,33,12,False,DATA,238622
10,ОБОРОТНЫЕ АКТИВЫ,T23_000000_t10Ved14.xlsx,33,13,False,DATA,352724
10,ОБОРОТНЫЕ АКТИВЫ,T23_000000_t10Ved14.xlsx,33,14,False,DATA,352724
10,ОБОРОТНЫЕ АКТИВЫ,T23_000000_t10Ved14.xlsx,33,15,False,DATA,352724
10,ОБОРОТНЫЕ АКТИВЫ,T23_000000_t10Ved14.xlsx,33,16,False,DATA,352724
10,ОБОРОТНЫЕ АКТИВЫ,T23_000000_t10Ved14.xlsx,33,17,False,DATA,2898
10,ОБОРОТНЫЕ АКТИВЫ,T23_000000_t10Ved14.xlsx,33,18,False,DATA,2898
10,ОБОРОТНЫЕ АКТИВЫ,T23_000000_t10Ved14.xlsx,33,19,False,DATA,4870
10,ОБОРОТНЫЕ АКТИВЫ,T23_000000_t10Ved14.xlsx,33,20,False,DATA,4870
10,ОБОРОТНЫЕ АКТИВЫ,T23_000000_t10Ved14.xlsx,33,21,False,DATA,4870
10,ОБОРОТНЫЕ АКТИВЫ,T23_000000_t10Ved14.xlsx,34,0,False,OKVED_CODE,Транспортировка и хранение
10,ОБОРОТНЫЕ АКТИВЫ,T23_000000_t10Ved14.xlsx,34,1,False,OKVED_NAME,23203
10,ОБОРОТНЫЕ АКТИВЫ,T23_000000_t10Ved14.xlsx,34,2,False,DATA,23203
10,ОБОРОТНЫЕ АКТИВЫ,T23_000000_t10Ved14.xlsx,34,3,False,DATA,23203
10,ОБОРОТНЫЕ АКТИВЫ,T23_000000_t10Ved14.xlsx,34,4,False,DATA,23203
10,ОБОРОТНЫЕ АКТИВЫ,T23_000000_t10Ved14.xlsx,34,5,False,DATA,3
10,ОБОРОТНЫЕ АКТИВЫ,T23_000000_t10Ved14.xlsx,34,6,False,DATA,3
10,ОБОРОТНЫЕ АКТИВЫ,T23_000000_t10Ved14.xlsx,34,7,False,DATA,3
10,ОБОРОТНЫЕ АКТИВЫ,T23_000000_t10Ved14.xlsx,34,8,False,DATA,3
10,ОБОРОТНЫЕ АКТИВЫ,T23_000000_t10Ved14.xlsx,34,9,False,DATA,1502251
10,ОБОРОТНЫЕ АКТИВЫ,T23_000000_t10Ved14.xlsx,34,10,False,DATA,1502251
10,ОБОРОТНЫЕ АКТИВЫ,T23_000000_t10Ved14.xlsx,34,11,False,DATA,1502251
10,ОБОРОТНЫЕ АКТИВЫ,T23_000000_t10Ved14.xlsx,34,12,False,DATA,1502251
10,ОБОРОТНЫЕ АКТИВЫ,T23_000000_t10Ved14.xlsx,34,13,False,DATA,4897150
10,ОБОРОТНЫЕ АКТИВЫ,T23_000000_t10Ved14.xlsx,34,14,False,DATA,4897150
10,ОБОРОТНЫЕ АКТИВЫ,T23_000000_t10Ved14.xlsx,34,15,False,DATA,4897150
10,ОБОРОТНЫЕ АКТИВЫ,T23_000000_t10Ved14.xlsx,34,16,False,DATA,4897150
10,ОБОРОТНЫЕ АКТИВЫ,T23_000000_t10Ved14.xlsx,34,17,False,DATA,57274
10,ОБОРОТНЫЕ АКТИВЫ,T23_000000_t10Ved14.xlsx,34,18,False,DATA,57274
10,ОБОРОТНЫЕ АКТИВЫ,T23_000000_t10Ved14.xlsx,34,19,False,DATA,56199
10,ОБОРОТНЫЕ АКТИВЫ,T23_000000_t10Ved14.xlsx,34,20,False,DATA,56199
10,ОБОРОТНЫЕ АКТИВЫ,T23_000000_t10Ved14.xlsx,34,21,False,DATA,56199
10,ОБОРОТНЫЕ АКТИВЫ,T23_000000_t10Ved14.xlsx,35,0,False,OKVED_CODE,"деятельность сухопутного 
и трубопроводного транспорта"
10,ОБОРОТНЫЕ АКТИВЫ,T23_000000_t10Ved14.xlsx,35,1,False,OKVED_NAME,3
10,ОБОРОТНЫЕ АКТИВЫ,T23_000000_t10Ved14.xlsx,35,2,False,DATA,3
10,ОБОРОТНЫЕ АКТИВЫ,T23_000000_t10Ved14.xlsx,35,3,False,DATA,3
10,ОБОРОТНЫЕ АКТИВЫ,T23_000000_t10Ved14.xlsx,35,4,False,DATA,3
10,ОБОРОТНЫЕ АКТИВЫ,T23_000000_t10Ved14.xlsx,35,5,False,DATA,3
10,ОБОРОТНЫЕ АКТИВЫ,T23_000000_t10Ved14.xlsx,35,6,False,DATA,3
10,ОБОРОТНЫЕ АКТИВЫ,T23_000000_t10Ved14.xlsx,35,7,False,DATA,3
10,ОБОРОТНЫЕ АКТИВЫ,T23_000000_t10Ved14.xlsx,35,8,False,DATA,3
10,ОБОРОТНЫЕ АКТИВЫ,T23_000000_t10Ved14.xlsx,35,9,False,DATA,1178
10,ОБОРОТНЫЕ АКТИВЫ,T23_000000_t10Ved14.xlsx,35,10,False,DATA,1178
10,ОБОРОТНЫЕ АКТИВЫ,T23_000000_t10Ved14.xlsx,35,11,False,DATA,1178
10,ОБОРОТНЫЕ АКТИВЫ,T23_000000_t10Ved14.xlsx,35,12,False,DATA,1178
10,ОБОРОТНЫЕ АКТИВЫ,T23_000000_t10Ved14.xlsx,35,13,False,DATA,376259
10,ОБОРОТНЫЕ АКТИВЫ,T23_000000_t10Ved14.xlsx,35,14,False,DATA,376259
10,ОБОРОТНЫЕ АКТИВЫ,T23_000000_t10Ved14.xlsx,35,15,False,DATA,376259
10,ОБОРОТНЫЕ АКТИВЫ,T23_000000_t10Ved14.xlsx,35,16,False,DATA,376259
10,ОБОРОТНЫЕ АКТИВЫ,T23_000000_t10Ved14.xlsx,35,17,False,DATA,897
10,ОБОРОТНЫЕ АКТИВЫ,T23_000000_t10Ved14.xlsx,35,18,False,DATA,897
10,ОБОРОТНЫЕ АКТИВЫ,T23_000000_t10Ved14.xlsx,35,19,False,DATA,453
10,ОБОРОТНЫЕ АКТИВЫ,T23_000000_t10Ved14.xlsx,35,20,False,DATA,453
10,ОБОРОТНЫЕ АКТИВЫ,T23_000000_t10Ved14.xlsx,35,21,False,DATA,453
10,ОБОРОТНЫЕ АКТИВЫ,T23_000000_t10Ved14.xlsx,36,0,False,OKVED_CODE,деятельность водного транспорта
10,ОБОРОТНЫЕ АКТИВЫ,T23_000000_t10Ved14.xlsx,36,1,False,OKVED_NAME,23200
10,ОБОРОТНЫЕ АКТИВЫ,T23_000000_t10Ved14.xlsx,36,2,False,DATA,23200
10,ОБОРОТНЫЕ АКТИВЫ,T23_000000_t10Ved14.xlsx,36,3,False,DATA,23200
10,ОБОРОТНЫЕ АКТИВЫ,T23_000000_t10Ved14.xlsx,36,4,False,DATA,23200
10,ОБОРОТНЫЕ АКТИВЫ,T23_000000_t10Ved14.xlsx,36,5,False,DATA,-
10,ОБОРОТНЫЕ АКТИВЫ,T23_000000_t10Ved14.xlsx,36,6,False,DATA,-
10,ОБОРОТНЫЕ АКТИВЫ,T23_000000_t10Ved14.xlsx,36,7,False,DATA,-
10,ОБОРОТНЫЕ АКТИВЫ,T23_000000_t10Ved14.xlsx,36,8,False,DATA,-
10,ОБОРОТНЫЕ АКТИВЫ,T23_000000_t10Ved14.xlsx,36,9,False,DATA,2080
10,ОБОРОТНЫЕ АКТИВЫ,T23_000000_t10Ved14.xlsx,36,10,False,DATA,2080
10,ОБОРОТНЫЕ АКТИВЫ,T23_000000_t10Ved14.xlsx,36,11,False,DATA,2080
10,ОБОРОТНЫЕ АКТИВЫ,T23_000000_t10Ved14.xlsx,36,12,False,DATA,2080
10,ОБОРОТНЫЕ АКТИВЫ,T23_000000_t10Ved14.xlsx,36,13,False,DATA,18106
10,ОБОРОТНЫЕ АКТИВЫ,T23_000000_t10Ved14.xlsx,36,14,False,DATA,18106
10,ОБОРОТНЫЕ АКТИВЫ,T23_000000_t10Ved14.xlsx,36,15,False,DATA,18106
10,ОБОРОТНЫЕ АКТИВЫ,T23_000000_t10Ved14.xlsx,36,16,False,DATA,18106
10,ОБОРОТНЫЕ АКТИВЫ,T23_000000_t10Ved14.xlsx,36,17,False,DATA,600
10,ОБОРОТНЫЕ АКТИВЫ,T23_000000_t10Ved14.xlsx,36,18,False,DATA,600
10,ОБОРОТНЫЕ АКТИВЫ,T23_000000_t10Ved14.xlsx,36,19,False,DATA,1660
10,ОБОРОТНЫЕ АКТИВЫ,T23_000000_t10Ved14.xlsx,36,20,False,DATA,1660
10,ОБОРОТНЫЕ АКТИВЫ,T23_000000_t10Ved14.xlsx,36,21,False,DATA,1660
10,ОБОРОТНЫЕ АКТИВЫ,T23_000000_t10Ved14.xlsx,37,0,False,OKVED_CODE,деятельность воздушного и космического транспорта
10,ОБОРОТНЫЕ АКТИВЫ,T23_000000_t10Ved14.xlsx,37,1,False,OKVED_NAME,-
10,ОБОРОТНЫЕ АКТИВЫ,T23_000000_t10Ved14.xlsx,37,2,False,DATA,-
10,ОБОРОТНЫЕ АКТИВЫ,T23_000000_t10Ved14.xlsx,37,3,False,DATA,-
10,ОБОРОТНЫЕ АКТИВЫ,T23_000000_t10Ved14.xlsx,37,4,False,DATA,-
10,ОБОРОТНЫЕ АКТИВЫ,T23_000000_t10Ved14.xlsx,37,5,False,DATA,-
10,ОБОРОТНЫЕ АКТИВЫ,T23_000000_t10Ved14.xlsx,37,6,False,DATA,-
10,ОБОРОТНЫЕ АКТИВЫ,T23_000000_t10Ved14.xlsx,37,7,False,DATA,-
10,ОБОРОТНЫЕ АКТИВЫ,T23_000000_t10Ved14.xlsx,37,8,False,DATA,-
10,ОБОРОТНЫЕ АКТИВЫ,T23_000000_t10Ved14.xlsx,37,9,False,DATA,244091
10,ОБОРОТНЫЕ АКТИВЫ,T23_000000_t10Ved14.xlsx,37,10,False,DATA,244091
10,ОБОРОТНЫЕ АКТИВЫ,T23_000000_t10Ved14.xlsx,37,11,False,DATA,244091
10,ОБОРОТНЫЕ АКТИВЫ,T23_000000_t10Ved14.xlsx,37,12,False,DATA,244091
10,ОБОРОТНЫЕ АКТИВЫ,T23_000000_t10Ved14.xlsx,37,13,False,DATA,300769
10,ОБОРОТНЫЕ АКТИВЫ,T23_000000_t10Ved14.xlsx,37,14,False,DATA,300769
10,ОБОРОТНЫЕ АКТИВЫ,T23_000000_t10Ved14.xlsx,37,15,False,DATA,300769
10,ОБОРОТНЫЕ АКТИВЫ,T23_000000_t10Ved14.xlsx,37,16,False,DATA,300769
10,ОБОРОТНЫЕ АКТИВЫ,T23_000000_t10Ved14.xlsx,37,17,False,DATA,12796
10,ОБОРОТНЫЕ АКТИВЫ,T23_000000_t10Ved14.xlsx,37,18,False,DATA,12796
10,ОБОРОТНЫЕ АКТИВЫ,T23_000000_t10Ved14.xlsx,37,19,False,DATA,975
10,ОБОРОТНЫЕ АКТИВЫ,T23_000000_t10Ved14.xlsx,37,20,False,DATA,975
10,ОБОРОТНЫЕ АКТИВЫ,T23_000000_t10Ved14.xlsx,37,21,False,DATA,975
10,ОБОРОТНЫЕ АКТИВЫ,T23_000000_t10Ved14.xlsx,38,0,False,OKVED_CODE,складское хозяйство и вспомогательная транспортная деятельность
10,ОБОРОТНЫЕ АКТИВЫ,T23_000000_t10Ved14.xlsx,38,1,False,OKVED_NAME,-
10,ОБОРОТНЫЕ АКТИВЫ,T23_000000_t10Ved14.xlsx,38,2,False,DATA,-
10,ОБОРОТНЫЕ АКТИВЫ,T23_000000_t10Ved14.xlsx,38,3,False,DATA,-
10,ОБОРОТНЫЕ АКТИВЫ,T23_000000_t10Ved14.xlsx,38,4,False,DATA,-
10,ОБОРОТНЫЕ АКТИВЫ,T23_000000_t10Ved14.xlsx,38,5,False,DATA,-
10,ОБОРОТНЫЕ АКТИВЫ,T23_000000_t10Ved14.xlsx,38,6,False,DATA,-
10,ОБОРОТНЫЕ АКТИВЫ,T23_000000_t10Ved14.xlsx,38,7,False,DATA,-
10,ОБОРОТНЫЕ АКТИВЫ,T23_000000_t10Ved14.xlsx,38,8,False,DATA,-
10,ОБОРОТНЫЕ АКТИВЫ,T23_000000_t10Ved14.xlsx,38,9,False,DATA,1254902
10,ОБОРОТНЫЕ АКТИВЫ,T23_000000_t10Ved14.xlsx,38,10,False,DATA,1254902
10,ОБОРОТНЫЕ АКТИВЫ,T23_000000_t10Ved14.xlsx,38,11,False,DATA,1254902
10,ОБОРОТНЫЕ АКТИВЫ,T23_000000_t10Ved14.xlsx,38,12,False,DATA,1254902
10,ОБОРОТНЫЕ АКТИВЫ,T23_000000_t10Ved14.xlsx,38,13,False,DATA,4202016
10,ОБОРОТНЫЕ АКТИВЫ,T23_000000_t10Ved14.xlsx,38,14,False,DATA,4202016
10,ОБОРОТНЫЕ АКТИВЫ,T23_000000_t10Ved14.xlsx,38,15,False,DATA,4202016
10,ОБОРОТНЫЕ АКТИВЫ,T23_000000_t10Ved14.xlsx,38,16,False,DATA,4202016
10,ОБОРОТНЫЕ АКТИВЫ,T23_000000_t10Ved14.xlsx,38,17,False,DATA,42981
10,ОБОРОТНЫЕ АКТИВЫ,T23_000000_t10Ved14.xlsx,38,18,False,DATA,42981
10,ОБОРОТНЫЕ АКТИВЫ,T23_000000_t10Ved14.xlsx,38,19,False,DATA,53111
10,ОБОРОТНЫЕ АКТИВЫ,T23_000000_t10Ved14.xlsx,38,20,False,DATA,53111
10,ОБОРОТНЫЕ АКТИВЫ,T23_000000_t10Ved14.xlsx,38,21,False,DATA,53111
10,ОБОРОТНЫЕ АКТИВЫ,T23_000000_t10Ved14.xlsx,39,0,False,OKVED_CODE,Деятельность гостиниц и предприятий общественного питания
10,ОБОРОТНЫЕ АКТИВЫ,T23_000000_t10Ved14.xlsx,39,1,False,OKVED_NAME,83075
10,ОБОРОТНЫЕ АКТИВЫ,T23_000000_t10Ved14.xlsx,39,2,False,DATA,83075
10,ОБОРОТНЫЕ АКТИВЫ,T23_000000_t10Ved14.xlsx,39,3,False,DATA,83075
10,ОБОРОТНЫЕ АКТИВЫ,T23_000000_t10Ved14.xlsx,39,4,False,DATA,83075
10,ОБОРОТНЫЕ АКТИВЫ,T23_000000_t10Ved14.xlsx,39,5,False,DATA,217622
10,ОБОРОТНЫЕ АКТИВЫ,T23_000000_t10Ved14.xlsx,39,6,False,DATA,217622
10,ОБОРОТНЫЕ АКТИВЫ,T23_000000_t10Ved14.xlsx,39,7,False,DATA,217622
10,ОБОРОТНЫЕ АКТИВЫ,T23_000000_t10Ved14.xlsx,39,8,False,DATA,217622
10,ОБОРОТНЫЕ АКТИВЫ,T23_000000_t10Ved14.xlsx,39,9,False,DATA,577560
10,ОБОРОТНЫЕ АКТИВЫ,T23_000000_t10Ved14.xlsx,39,10,False,DATA,577560
10,ОБОРОТНЫЕ АКТИВЫ,T23_000000_t10Ved14.xlsx,39,11,False,DATA,577560
10,ОБОРОТНЫЕ АКТИВЫ,T23_000000_t10Ved14.xlsx,39,12,False,DATA,577560
10,ОБОРОТНЫЕ АКТИВЫ,T23_000000_t10Ved14.xlsx,39,13,False,DATA,421184
10,ОБОРОТНЫЕ АКТИВЫ,T23_000000_t10Ved14.xlsx,39,14,False,DATA,421184
10,ОБОРОТНЫЕ АКТИВЫ,T23_000000_t10Ved14.xlsx,39,15,False,DATA,421184
10,ОБОРОТНЫЕ АКТИВЫ,T23_000000_t10Ved14.xlsx,39,16,False,DATA,421184
10,ОБОРОТНЫЕ АКТИВЫ,T23_000000_t10Ved14.xlsx,39,17,False,DATA,84627
10,ОБОРОТНЫЕ АКТИВЫ,T23_000000_t10Ved14.xlsx,39,18,False,DATA,84627
10,ОБОРОТНЫЕ АКТИВЫ,T23_000000_t10Ved14.xlsx,39,19,False,DATA,157471
10,ОБОРОТНЫЕ АКТИВЫ,T23_000000_t10Ved14.xlsx,39,20,False,DATA,157471
10,ОБОРОТНЫЕ АКТИВЫ,T23_000000_t10Ved14.xlsx,39,21,False,DATA,157471
10,ОБОРОТНЫЕ АКТИВЫ,T23_000000_t10Ved14.xlsx,40,0,False,OKVED_CODE,"деятельность по предоставлению мест 
для временного проживания"
10,ОБОРОТНЫЕ АКТИВЫ,T23_000000_t10Ved14.xlsx,40,1,False,OKVED_NAME,83075
10,ОБОРОТНЫЕ АКТИВЫ,T23_000000_t10Ved14.xlsx,40,2,False,DATA,83075
10,ОБОРОТНЫЕ АКТИВЫ,T23_000000_t10Ved14.xlsx,40,3,False,DATA,83075
10,ОБОРОТНЫЕ АКТИВЫ,T23_000000_t10Ved14.xlsx,40,4,False,DATA,83075
10,ОБОРОТНЫЕ АКТИВЫ,T23_000000_t10Ved14.xlsx,40,5,False,DATA,217622
10,ОБОРОТНЫЕ АКТИВЫ,T23_000000_t10Ved14.xlsx,40,6,False,DATA,217622
10,ОБОРОТНЫЕ АКТИВЫ,T23_000000_t10Ved14.xlsx,40,7,False,DATA,217622
10,ОБОРОТНЫЕ АКТИВЫ,T23_000000_t10Ved14.xlsx,40,8,False,DATA,217622
10,ОБОРОТНЫЕ АКТИВЫ,T23_000000_t10Ved14.xlsx,40,9,False,DATA,577560
10,ОБОРОТНЫЕ АКТИВЫ,T23_000000_t10Ved14.xlsx,40,10,False,DATA,577560
10,ОБОРОТНЫЕ АКТИВЫ,T23_000000_t10Ved14.xlsx,40,11,False,DATA,577560
10,ОБОРОТНЫЕ АКТИВЫ,T23_000000_t10Ved14.xlsx,40,12,False,DATA,577560
10,ОБОРОТНЫЕ АКТИВЫ,T23_000000_t10Ved14.xlsx,40,13,False,DATA,421184
10,ОБОРОТНЫЕ АКТИВЫ,T23_000000_t10Ved14.xlsx,40,14,False,DATA,421184
10,ОБОРОТНЫЕ АКТИВЫ,T23_000000_t10Ved14.xlsx,40,15,False,DATA,421184
10,ОБОРОТНЫЕ АКТИВЫ,T23_000000_t10Ved14.xlsx,40,16,False,DATA,421184
10,ОБОРОТНЫЕ АКТИВЫ,T23_000000_t10Ved14.xlsx,40,17,False,DATA,84627
10,ОБОРОТНЫЕ АКТИВЫ,T23_000000_t10Ved14.xlsx,40,18,False,DATA,84627
10,ОБОРОТНЫЕ АКТИВЫ,T23_000000_t10Ved14.xlsx,40,19,False,DATA,157471
10,ОБОРОТНЫЕ АКТИВЫ,T23_000000_t10Ved14.xlsx,40,20,False,DATA,157471
10,ОБОРОТНЫЕ АКТИВЫ,T23_000000_t10Ved14.xlsx,40,21,False,DATA,157471
10,ОБОРОТНЫЕ АКТИВЫ,T23_000000_t10Ved14.xlsx,41,0,False,OKVED_CODE,
10,ОБОРОТНЫЕ АКТИВЫ,T23_000000_t10Ved14.xlsx,41,1,False,OKVED_NAME,
10,ОБОРОТНЫЕ АКТИВЫ,T23_000000_t10Ved14.xlsx,41,2,False,EMPTY,
10,ОБОРОТНЫЕ АКТИВЫ,T23_000000_t10Ved14.xlsx,41,3,False,EMPTY,
10,ОБОРОТНЫЕ АКТИВЫ,T23_000000_t10Ved14.xlsx,41,4,False,EMPTY,
10,ОБОРОТНЫЕ АКТИВЫ,T23_000000_t10Ved14.xlsx,41,5,False,EMPTY,
10,ОБОРОТНЫЕ АКТИВЫ,T23_000000_t10Ved14.xlsx,41,6,False,EMPTY,
10,ОБОРОТНЫЕ АКТИВЫ,T23_000000_t10Ved14.xlsx,41,7,False,EMPTY,
10,ОБОРОТНЫЕ АКТИВЫ,T23_000000_t10Ved14.xlsx,41,8,False,EMPTY,
10,ОБОРОТНЫЕ АКТИВЫ,T23_000000_t10Ved14.xlsx,41,9,False,EMPTY,
10,ОБОРОТНЫЕ АКТИВЫ,T23_000000_t10Ved14.xlsx,41,10,False,EMPTY,
10,ОБОРОТНЫЕ АКТИВЫ,T23_000000_t10Ved14.xlsx,41,11,False,EMPTY,
10,ОБОРОТНЫЕ АКТИВЫ,T23_000000_t10Ved14.xlsx,41,12,False,EMPTY,
10,ОБОРОТНЫЕ АКТИВЫ,T23_000000_t10Ved14.xlsx,41,13,False,EMPTY,
10,ОБОРОТНЫЕ АКТИВЫ,T23_000000_t10Ved14.xlsx,41,14,False,EMPTY,
10,ОБОРОТНЫЕ АКТИВЫ,T23_000000_t10Ved14.xlsx,41,15,False,DATA,Продолжение таблицы 4.
10,ОБОРОТНЫЕ АКТИВЫ,T23_000000_t10Ved14.xlsx,41,16,False,DATA,Продолжение таблицы 4.
10,ОБОРОТНЫЕ АКТИВЫ,T23_000000_t10Ved14.xlsx,41,17,False,DATA,Продолжение таблицы 4.
10,ОБОРОТНЫЕ АКТИВЫ,T23_000000_t10Ved14.xlsx,41,18,False,DATA,Продолжение таблицы 4.
10,ОБОРОТНЫЕ АКТИВЫ,T23_000000_t10Ved14.xlsx,41,19,False,DATA,Продолжение таблицы 4.
10,ОБОРОТНЫЕ АКТИВЫ,T23_000000_t10Ved14.xlsx,41,20,False,DATA,Продолжение таблицы 4.
10,ОБОРОТНЫЕ АКТИВЫ,T23_000000_t10Ved14.xlsx,41,21,False,DATA,Продолжение таблицы 4.
10,ОБОРОТНЫЕ АКТИВЫ,T23_000000_t10Ved14.xlsx,42,0,False,OKVED_CODE,
10,ОБОРОТНЫЕ АКТИВЫ,T23_000000_t10Ved14.xlsx,42,1,False,OKVED_NAME,в том числе из оборотных активов
10,ОБОРОТНЫЕ АКТИВЫ,T23_000000_t10Ved14.xlsx,42,2,False,DATA,в том числе из оборотных активов
10,ОБОРОТНЫЕ АКТИВЫ,T23_000000_t10Ved14.xlsx,42,3,False,DATA,в том числе из оборотных активов
10,ОБОРОТНЫЕ АКТИВЫ,T23_000000_t10Ved14.xlsx,42,4,False,DATA,в том числе из оборотных активов
10,ОБОРОТНЫЕ АКТИВЫ,T23_000000_t10Ved14.xlsx,42,5,False,DATA,в том числе из оборотных активов
10,ОБОРОТНЫЕ АКТИВЫ,T23_000000_t10Ved14.xlsx,42,6,False,DATA,в том числе из оборотных активов
10,ОБОРОТНЫЕ АКТИВЫ,T23_000000_t10Ved14.xlsx,42,7,False,DATA,в том числе из оборотных активов
10,ОБОРОТНЫЕ АКТИВЫ,T23_000000_t10Ved14.xlsx,42,8,False,DATA,в том числе из оборотных активов
10,ОБОРОТНЫЕ АКТИВЫ,T23_000000_t10Ved14.xlsx,42,9,False,DATA,в том числе из оборотных активов
10,ОБОРОТНЫЕ АКТИВЫ,T23_000000_t10Ved14.xlsx,42,10,False,DATA,в том числе из оборотных активов
10,ОБОРОТНЫЕ АКТИВЫ,T23_000000_t10Ved14.xlsx,42,11,False,DATA,в том числе из оборотных активов
10,ОБОРОТНЫЕ АКТИВЫ,T23_000000_t10Ved14.xlsx,42,12,False,DATA,в том числе из оборотных активов
10,ОБОРОТНЫЕ АКТИВЫ,T23_000000_t10Ved14.xlsx,42,13,False,DATA,в том числе из оборотных активов
10,ОБОРОТНЫЕ АКТИВЫ,T23_000000_t10Ved14.xlsx,42,14,False,DATA,в том числе из оборотных активов
10,ОБОРОТНЫЕ АКТИВЫ,T23_000000_t10Ved14.xlsx,42,15,False,DATA,в том числе из оборотных активов
10,ОБОРОТНЫЕ АКТИВЫ,T23_000000_t10Ved14.xlsx,42,16,False,DATA,в том числе из оборотных активов
10,ОБОРОТНЫЕ АКТИВЫ,T23_000000_t10Ved14.xlsx,42,17,False,DATA,в том числе из оборотных активов
10,ОБОРОТНЫЕ АКТИВЫ,T23_000000_t10Ved14.xlsx,42,18,False,DATA,в том числе из оборотных активов
10,ОБОРОТНЫЕ АКТИВЫ,T23_000000_t10Ved14.xlsx,42,19,False,DATA,в том числе из оборотных активов
10,ОБОРОТНЫЕ АКТИВЫ,T23_000000_t10Ved14.xlsx,42,20,False,DATA,в том числе из оборотных активов
10,ОБОРОТНЫЕ АКТИВЫ,T23_000000_t10Ved14.xlsx,42,21,False,DATA,в том числе из оборотных активов
10,ОБОРОТНЫЕ АКТИВЫ,T23_000000_t10Ved14.xlsx,43,0,False,OKVED_CODE,
10,ОБОРОТНЫЕ АКТИВЫ,T23_000000_t10Ved14.xlsx,43,1,False,OKVED_NAME,краткосрочные финансовые вложения (за исключением денежных эквивалентов)
10,ОБОРОТНЫЕ АКТИВЫ,T23_000000_t10Ved14.xlsx,43,2,False,DATA,краткосрочные финансовые вложения (за исключением денежных эквивалентов)
10,ОБОРОТНЫЕ АКТИВЫ,T23_000000_t10Ved14.xlsx,43,3,False,DATA,краткосрочные финансовые вложения (за исключением денежных эквивалентов)
10,ОБОРОТНЫЕ АКТИВЫ,T23_000000_t10Ved14.xlsx,43,4,False,DATA,краткосрочные финансовые вложения (за исключением денежных эквивалентов)
10,ОБОРОТНЫЕ АКТИВЫ,T23_000000_t10Ved14.xlsx,43,5,False,DATA,краткосрочные финансовые вложения (за исключением денежных эквивалентов)
10,ОБОРОТНЫЕ АКТИВЫ,T23_000000_t10Ved14.xlsx,43,6,False,DATA,краткосрочные финансовые вложения (за исключением денежных эквивалентов)
10,ОБОРОТНЫЕ АКТИВЫ,T23_000000_t10Ved14.xlsx,43,7,False,DATA,краткосрочные финансовые вложения (за исключением денежных эквивалентов)
10,ОБОРОТНЫЕ АКТИВЫ,T23_000000_t10Ved14.xlsx,43,8,False,DATA,краткосрочные финансовые вложения (за исключением денежных эквивалентов)
10,ОБОРОТНЫЕ АКТИВЫ,T23_000000_t10Ved14.xlsx,43,9,False,DATA,денежные средства и денежные эквиваленты
10,ОБОРОТНЫЕ АКТИВЫ,T23_000000_t10Ved14.xlsx,43,10,False,DATA,денежные средства и денежные эквиваленты
10,ОБОРОТНЫЕ АКТИВЫ,T23_000000_t10Ved14.xlsx,43,11,False,DATA,денежные средства и денежные эквиваленты
10,ОБОРОТНЫЕ АКТИВЫ,T23_000000_t10Ved14.xlsx,43,12,False,DATA,денежные средства и денежные эквиваленты
10,ОБОРОТНЫЕ АКТИВЫ,T23_000000_t10Ved14.xlsx,43,13,False,DATA,денежные средства и денежные эквиваленты
10,ОБОРОТНЫЕ АКТИВЫ,T23_000000_t10Ved14.xlsx,43,14,False,DATA,денежные средства и денежные эквиваленты
10,ОБОРОТНЫЕ АКТИВЫ,T23_000000_t10Ved14.xlsx,43,15,False,DATA,денежные средства и денежные эквиваленты
10,ОБОРОТНЫЕ АКТИВЫ,T23_000000_t10Ved14.xlsx,43,16,False,DATA,денежные средства и денежные эквиваленты
10,ОБОРОТНЫЕ АКТИВЫ,T23_000000_t10Ved14.xlsx,43,17,False,DATA,прочие оборотные активы
10,ОБОРОТНЫЕ АКТИВЫ,T23_000000_t10Ved14.xlsx,43,18,False,DATA,прочие оборотные активы
10,ОБОРОТНЫЕ АКТИВЫ,T23_000000_t10Ved14.xlsx,43,19,False,DATA,прочие оборотные активы
10,ОБОРОТНЫЕ АКТИВЫ,T23_000000_t10Ved14.xlsx,43,20,False,DATA,прочие оборотные активы
10,ОБОРОТНЫЕ АКТИВЫ,T23_000000_t10Ved14.xlsx,43,21,False,DATA,прочие оборотные активы
10,ОБОРОТНЫЕ АКТИВЫ,T23_000000_t10Ved14.xlsx,44,0,False,OKVED_CODE,
10,ОБОРОТНЫЕ АКТИВЫ,T23_000000_t10Ved14.xlsx,44,1,False,OKVED_NAME,краткосрочные финансовые вложения (за исключением денежных эквивалентов)
10,ОБОРОТНЫЕ АКТИВЫ,T23_000000_t10Ved14.xlsx,44,2,False,DATA,краткосрочные финансовые вложения (за исключением денежных эквивалентов)
10,ОБОРОТНЫЕ АКТИВЫ,T23_000000_t10Ved14.xlsx,44,3,False,DATA,краткосрочные финансовые вложения (за исключением денежных эквивалентов)
10,ОБОРОТНЫЕ АКТИВЫ,T23_000000_t10Ved14.xlsx,44,4,False,DATA,краткосрочные финансовые вложения (за исключением денежных эквивалентов)
10,ОБОРОТНЫЕ АКТИВЫ,T23_000000_t10Ved14.xlsx,44,5,False,DATA,краткосрочные финансовые вложения (за исключением денежных эквивалентов)
10,ОБОРОТНЫЕ АКТИВЫ,T23_000000_t10Ved14.xlsx,44,6,False,DATA,краткосрочные финансовые вложения (за исключением денежных эквивалентов)
10,ОБОРОТНЫЕ АКТИВЫ,T23_000000_t10Ved14.xlsx,44,7,False,DATA,краткосрочные финансовые вложения (за исключением денежных эквивалентов)
10,ОБОРОТНЫЕ АКТИВЫ,T23_000000_t10Ved14.xlsx,44,8,False,DATA,краткосрочные финансовые вложения (за исключением денежных эквивалентов)
10,ОБОРОТНЫЕ АКТИВЫ,T23_000000_t10Ved14.xlsx,44,9,False,DATA,денежные средства и денежные эквиваленты
10,ОБОРОТНЫЕ АКТИВЫ,T23_000000_t10Ved14.xlsx,44,10,False,DATA,денежные средства и денежные эквиваленты
10,ОБОРОТНЫЕ АКТИВЫ,T23_000000_t10Ved14.xlsx,44,11,False,DATA,денежные средства и денежные эквиваленты
10,ОБОРОТНЫЕ АКТИВЫ,T23_000000_t10Ved14.xlsx,44,12,False,DATA,денежные средства и денежные эквиваленты
10,ОБОРОТНЫЕ АКТИВЫ,T23_000000_t10Ved14.xlsx,44,13,False,DATA,денежные средства и денежные эквиваленты
10,ОБОРОТНЫЕ АКТИВЫ,T23_000000_t10Ved14.xlsx,44,14,False,DATA,денежные средства и денежные эквиваленты
10,ОБОРОТНЫЕ АКТИВЫ,T23_000000_t10Ved14.xlsx,44,15,False,DATA,денежные средства и денежные эквиваленты
10,ОБОРОТНЫЕ АКТИВЫ,T23_000000_t10Ved14.xlsx,44,16,False,DATA,денежные средства и денежные эквиваленты
10,ОБОРОТНЫЕ АКТИВЫ,T23_000000_t10Ved14.xlsx,44,17,False,DATA,прочие оборотные активы
10,ОБОРОТНЫЕ АКТИВЫ,T23_000000_t10Ved14.xlsx,44,18,False,DATA,прочие оборотные активы
10,ОБОРОТНЫЕ АКТИВЫ,T23_000000_t10Ved14.xlsx,44,19,False,DATA,прочие оборотные активы
10,ОБОРОТНЫЕ АКТИВЫ,T23_000000_t10Ved14.xlsx,44,20,False,DATA,прочие оборотные активы
10,ОБОРОТНЫЕ АКТИВЫ,T23_000000_t10Ved14.xlsx,44,21,False,DATA,прочие оборотные активы
10,ОБОРОТНЫЕ АКТИВЫ,T23_000000_t10Ved14.xlsx,45,0,False,OKVED_CODE,
10,ОБОРОТНЫЕ АКТИВЫ,T23_000000_t10Ved14.xlsx,45,1,False,OKVED_NAME,2022
10,ОБОРОТНЫЕ АКТИВЫ,T23_000000_t10Ved14.xlsx,45,2,False,DATA,2022
10,ОБОРОТНЫЕ АКТИВЫ,T23_000000_t10Ved14.xlsx,45,3,False,DATA,2022
10,ОБОРОТНЫЕ АКТИВЫ,T23_000000_t10Ved14.xlsx,45,4,False,DATA,2022
10,ОБОРОТНЫЕ АКТИВЫ,T23_000000_t10Ved14.xlsx,45,5,False,DATA,2023
10,ОБОРОТНЫЕ АКТИВЫ,T23_000000_t10Ved14.xlsx,45,6,False,DATA,2023
10,ОБОРОТНЫЕ АКТИВЫ,T23_000000_t10Ved14.xlsx,45,7,False,DATA,2023
10,ОБОРОТНЫЕ АКТИВЫ,T23_000000_t10Ved14.xlsx,45,8,False,DATA,2023
10,ОБОРОТНЫЕ АКТИВЫ,T23_000000_t10Ved14.xlsx,45,9,False,DATA,2022
10,ОБОРОТНЫЕ АКТИВЫ,T23_000000_t10Ved14.xlsx,45,10,False,DATA,2022
10,ОБОРОТНЫЕ АКТИВЫ,T23_000000_t10Ved14.xlsx,45,11,False,DATA,2022
10,ОБОРОТНЫЕ АКТИВЫ,T23_000000_t10Ved14.xlsx,45,12,False,DATA,2022
10,ОБОРОТНЫЕ АКТИВЫ,T23_000000_t10Ved14.xlsx,45,13,False,DATA,2023
10,ОБОРОТНЫЕ АКТИВЫ,T23_000000_t10Ved14.xlsx,45,14,False,DATA,2023
10,ОБОРОТНЫЕ АКТИВЫ,T23_000000_t10Ved14.xlsx,45,15,False,DATA,2023
10,ОБОРОТНЫЕ АКТИВЫ,T23_000000_t10Ved14.xlsx,45,16,False,DATA,2023
10,ОБОРОТНЫЕ АКТИВЫ,T23_000000_t10Ved14.xlsx,45,17,False,DATA,2022
10,ОБОРОТНЫЕ АКТИВЫ,T23_000000_t10Ved14.xlsx,45,18,False,DATA,2022
10,ОБОРОТНЫЕ АКТИВЫ,T23_000000_t10Ved14.xlsx,45,19,False,DATA,2023
10,ОБОРОТНЫЕ АКТИВЫ,T23_000000_t10Ved14.xlsx,45,20,False,DATA,2023
10,ОБОРОТНЫЕ АКТИВЫ,T23_000000_t10Ved14.xlsx,45,21,False,DATA,2023
10,ОБОРОТНЫЕ АКТИВЫ,T23_000000_t10Ved14.xlsx,46,0,False,OKVED_CODE,"Деятельность в области информации 
и связи"
10,ОБОРОТНЫЕ АКТИВЫ,T23_000000_t10Ved14.xlsx,46,1,False,OKVED_NAME,-
10,ОБОРОТНЫЕ АКТИВЫ,T23_000000_t10Ved14.xlsx,46,2,False,DATA,-
10,ОБОРОТНЫЕ АКТИВЫ,T23_000000_t10Ved14.xlsx,46,3,False,DATA,-
10,ОБОРОТНЫЕ АКТИВЫ,T23_000000_t10Ved14.xlsx,46,4,False,DATA,-
10,ОБОРОТНЫЕ АКТИВЫ,T23_000000_t10Ved14.xlsx,46,5,False,DATA,-
10,ОБОРОТНЫЕ АКТИВЫ,T23_000000_t10Ved14.xlsx,46,6,False,DATA,-
10,ОБОРОТНЫЕ АКТИВЫ,T23_000000_t10Ved14.xlsx,46,7,False,DATA,-
10,ОБОРОТНЫЕ АКТИВЫ,T23_000000_t10Ved14.xlsx,46,8,False,DATA,-
10,ОБОРОТНЫЕ АКТИВЫ,T23_000000_t10Ved14.xlsx,46,9,False,DATA,2159
10,ОБОРОТНЫЕ АКТИВЫ,T23_000000_t10Ved14.xlsx,46,10,False,DATA,2159
10,ОБОРОТНЫЕ АКТИВЫ,T23_000000_t10Ved14.xlsx,46,11,False,DATA,2159
10,ОБОРОТНЫЕ АКТИВЫ,T23_000000_t10Ved14.xlsx,46,12,False,DATA,2159
10,ОБОРОТНЫЕ АКТИВЫ,T23_000000_t10Ved14.xlsx,46,13,False,DATA,17
10,ОБОРОТНЫЕ АКТИВЫ,T23_000000_t10Ved14.xlsx,46,14,False,DATA,17
10,ОБОРОТНЫЕ АКТИВЫ,T23_000000_t10Ved14.xlsx,46,15,False,DATA,17
10,ОБОРОТНЫЕ АКТИВЫ,T23_000000_t10Ved14.xlsx,46,16,False,DATA,17
10,ОБОРОТНЫЕ АКТИВЫ,T23_000000_t10Ved14.xlsx,46,17,False,DATA,-
10,ОБОРОТНЫЕ АКТИВЫ,T23_000000_t10Ved14.xlsx,46,18,False,DATA,-
10,ОБОРОТНЫЕ АКТИВЫ,T23_000000_t10Ved14.xlsx,46,19,False,DATA,-
10,ОБОРОТНЫЕ АКТИВЫ,T23_000000_t10Ved14.xlsx,46,20,False,DATA,-
10,ОБОРОТНЫЕ АКТИВЫ,T23_000000_t10Ved14.xlsx,46,21,False,DATA,-
10,ОБОРОТНЫЕ АКТИВЫ,T23_000000_t10Ved14.xlsx,47,0,False,OKVED_CODE,деятельность в области информационных технологий
10,ОБОРОТНЫЕ АКТИВЫ,T23_000000_t10Ved14.xlsx,47,1,False,OKVED_NAME,-
10,ОБОРОТНЫЕ АКТИВЫ,T23_000000_t10Ved14.xlsx,47,2,False,DATA,-
10,ОБОРОТНЫЕ АКТИВЫ,T23_000000_t10Ved14.xlsx,47,3,False,DATA,-
10,ОБОРОТНЫЕ АКТИВЫ,T23_000000_t10Ved14.xlsx,47,4,False,DATA,-
10,ОБОРОТНЫЕ АКТИВЫ,T23_000000_t10Ved14.xlsx,47,5,False,DATA,-
10,ОБОРОТНЫЕ АКТИВЫ,T23_000000_t10Ved14.xlsx,47,6,False,DATA,-
10,ОБОРОТНЫЕ АКТИВЫ,T23_000000_t10Ved14.xlsx,47,7,False,DATA,-
10,ОБОРОТНЫЕ АКТИВЫ,T23_000000_t10Ved14.xlsx,47,8,False,DATA,-
10,ОБОРОТНЫЕ АКТИВЫ,T23_000000_t10Ved14.xlsx,47,9,False,DATA,2159
10,ОБОРОТНЫЕ АКТИВЫ,T23_000000_t10Ved14.xlsx,47,10,False,DATA,2159
10,ОБОРОТНЫЕ АКТИВЫ,T23_000000_t10Ved14.xlsx,47,11,False,DATA,2159
10,ОБОРОТНЫЕ АКТИВЫ,T23_000000_t10Ved14.xlsx,47,12,False,DATA,2159
10,ОБОРОТНЫЕ АКТИВЫ,T23_000000_t10Ved14.xlsx,47,13,False,DATA,17
10,ОБОРОТНЫЕ АКТИВЫ,T23_000000_t10Ved14.xlsx,47,14,False,DATA,17
10,ОБОРОТНЫЕ АКТИВЫ,T23_000000_t10Ved14.xlsx,47,15,False,DATA,17
10,ОБОРОТНЫЕ АКТИВЫ,T23_000000_t10Ved14.xlsx,47,16,False,DATA,17
10,ОБОРОТНЫЕ АКТИВЫ,T23_000000_t10Ved14.xlsx,47,17,False,DATA,-
10,ОБОРОТНЫЕ АКТИВЫ,T23_000000_t10Ved14.xlsx,47,18,False,DATA,-
10,ОБОРОТНЫЕ АКТИВЫ,T23_000000_t10Ved14.xlsx,47,19,False,DATA,-
10,ОБОРОТНЫЕ АКТИВЫ,T23_000000_t10Ved14.xlsx,47,20,False,DATA,-
10,ОБОРОТНЫЕ АКТИВЫ,T23_000000_t10Ved14.xlsx,47,21,False,DATA,-
10,ОБОРОТНЫЕ АКТИВЫ,T23_000000_t10Ved14.xlsx,48,0,False,OKVED_CODE,Деятельность финансовая и страховая
10,ОБОРОТНЫЕ АКТИВЫ,T23_000000_t10Ved14.xlsx,48,1,False,OKVED_NAME,671532
10,ОБОРОТНЫЕ АКТИВЫ,T23_000000_t10Ved14.xlsx,48,2,False,DATA,671532
10,ОБОРОТНЫЕ АКТИВЫ,T23_000000_t10Ved14.xlsx,48,3,False,DATA,671532
10,ОБОРОТНЫЕ АКТИВЫ,T23_000000_t10Ved14.xlsx,48,4,False,DATA,671532
10,ОБОРОТНЫЕ АКТИВЫ,T23_000000_t10Ved14.xlsx,48,5,False,DATA,728514
10,ОБОРОТНЫЕ АКТИВЫ,T23_000000_t10Ved14.xlsx,48,6,False,DATA,728514
10,ОБОРОТНЫЕ АКТИВЫ,T23_000000_t10Ved14.xlsx,48,7,False,DATA,728514
10,ОБОРОТНЫЕ АКТИВЫ,T23_000000_t10Ved14.xlsx,48,8,False,DATA,728514
10,ОБОРОТНЫЕ АКТИВЫ,T23_000000_t10Ved14.xlsx,48,9,False,DATA,1976456
10,ОБОРОТНЫЕ АКТИВЫ,T23_000000_t10Ved14.xlsx,48,10,False,DATA,1976456
10,ОБОРОТНЫЕ АКТИВЫ,T23_000000_t10Ved14.xlsx,48,11,False,DATA,1976456
10,ОБОРОТНЫЕ АКТИВЫ,T23_000000_t10Ved14.xlsx,48,12,False,DATA,1976456
10,ОБОРОТНЫЕ АКТИВЫ,T23_000000_t10Ved14.xlsx,48,13,False,DATA,2744655
10,ОБОРОТНЫЕ АКТИВЫ,T23_000000_t10Ved14.xlsx,48,14,False,DATA,2744655
10,ОБОРОТНЫЕ АКТИВЫ,T23_000000_t10Ved14.xlsx,48,15,False,DATA,2744655
10,ОБОРОТНЫЕ АКТИВЫ,T23_000000_t10Ved14.xlsx,48,16,False,DATA,2744655
10,ОБОРОТНЫЕ АКТИВЫ,T23_000000_t10Ved14.xlsx,48,17,False,DATA,19545
10,ОБОРОТНЫЕ АКТИВЫ,T23_000000_t10Ved14.xlsx,48,18,False,DATA,19545
10,ОБОРОТНЫЕ АКТИВЫ,T23_000000_t10Ved14.xlsx,48,19,False,DATA,18372
10,ОБОРОТНЫЕ АКТИВЫ,T23_000000_t10Ved14.xlsx,48,20,False,DATA,18372
10,ОБОРОТНЫЕ АКТИВЫ,T23_000000_t10Ved14.xlsx,48,21,False,DATA,18372
10,ОБОРОТНЫЕ АКТИВЫ,T23_000000_t10Ved14.xlsx,49,0,False,OKVED_CODE,"деятельность по предоставлению финансовых услуг, кроме услуг 
по страхованию и пенсионному обеспечен"
10,ОБОРОТНЫЕ АКТИВЫ,T23_000000_t10Ved14.xlsx,49,1,False,OKVED_NAME,671532
10,ОБОРОТНЫЕ АКТИВЫ,T23_000000_t10Ved14.xlsx,49,2,False,DATA,671532
10,ОБОРОТНЫЕ АКТИВЫ,T23_000000_t10Ved14.xlsx,49,3,False,DATA,671532
10,ОБОРОТНЫЕ АКТИВЫ,T23_000000_t10Ved14.xlsx,49,4,False,DATA,671532
10,ОБОРОТНЫЕ АКТИВЫ,T23_000000_t10Ved14.xlsx,49,5,False,DATA,728514
10,ОБОРОТНЫЕ АКТИВЫ,T23_000000_t10Ved14.xlsx,49,6,False,DATA,728514
10,ОБОРОТНЫЕ АКТИВЫ,T23_000000_t10Ved14.xlsx,49,7,False,DATA,728514
10,ОБОРОТНЫЕ АКТИВЫ,T23_000000_t10Ved14.xlsx,49,8,False,DATA,728514
10,ОБОРОТНЫЕ АКТИВЫ,T23_000000_t10Ved14.xlsx,49,9,False,DATA,1976456
10,ОБОРОТНЫЕ АКТИВЫ,T23_000000_t10Ved14.xlsx,49,10,False,DATA,1976456
10,ОБОРОТНЫЕ АКТИВЫ,T23_000000_t10Ved14.xlsx,49,11,False,DATA,1976456
10,ОБОРОТНЫЕ АКТИВЫ,T23_000000_t10Ved14.xlsx,49,12,False,DATA,1976456
10,ОБОРОТНЫЕ АКТИВЫ,T23_000000_t10Ved14.xlsx,49,13,False,DATA,2744655
10,ОБОРОТНЫЕ АКТИВЫ,T23_000000_t10Ved14.xlsx,49,14,False,DATA,2744655
10,ОБОРОТНЫЕ АКТИВЫ,T23_000000_t10Ved14.xlsx,49,15,False,DATA,2744655
10,ОБОРОТНЫЕ АКТИВЫ,T23_000000_t10Ved14.xlsx,49,16,False,DATA,2744655
10,ОБОРОТНЫЕ АКТИВЫ,T23_000000_t10Ved14.xlsx,49,17,False,DATA,19545
10,ОБОРОТНЫЕ АКТИВЫ,T23_000000_t10Ved14.xlsx,49,18,False,DATA,19545
10,ОБОРОТНЫЕ АКТИВЫ,T23_000000_t10Ved14.xlsx,49,19,False,DATA,18372
10,ОБОРОТНЫЕ АКТИВЫ,T23_000000_t10Ved14.xlsx,49,20,False,DATA,18372
10,ОБОРОТНЫЕ АКТИВЫ,T23_000000_t10Ved14.xlsx,49,21,False,DATA,18372
10,ОБОРОТНЫЕ АКТИВЫ,T23_000000_t10Ved14.xlsx,50,0,False,OKVED_CODE,"Деятельность по операциям 
с недвижимым имуществом"
10,ОБОРОТНЫЕ АКТИВЫ,T23_000000_t10Ved14.xlsx,50,1,False,OKVED_NAME,143639
10,ОБОРОТНЫЕ АКТИВЫ,T23_000000_t10Ved14.xlsx,50,2,False,DATA,143639
10,ОБОРОТНЫЕ АКТИВЫ,T23_000000_t10Ved14.xlsx,50,3,False,DATA,143639
10,ОБОРОТНЫЕ АКТИВЫ,T23_000000_t10Ved14.xlsx,50,4,False,DATA,143639
10,ОБОРОТНЫЕ АКТИВЫ,T23_000000_t10Ved14.xlsx,50,5,False,DATA,323332
10,ОБОРОТНЫЕ АКТИВЫ,T23_000000_t10Ved14.xlsx,50,6,False,DATA,323332
10,ОБОРОТНЫЕ АКТИВЫ,T23_000000_t10Ved14.xlsx,50,7,False,DATA,323332
10,ОБОРОТНЫЕ АКТИВЫ,T23_000000_t10Ved14.xlsx,50,8,False,DATA,323332
10,ОБОРОТНЫЕ АКТИВЫ,T23_000000_t10Ved14.xlsx,50,9,False,DATA,254618
10,ОБОРОТНЫЕ АКТИВЫ,T23_000000_t10Ved14.xlsx,50,10,False,DATA,254618
10,ОБОРОТНЫЕ АКТИВЫ,T23_000000_t10Ved14.xlsx,50,11,False,DATA,254618
10,ОБОРОТНЫЕ АКТИВЫ,T23_000000_t10Ved14.xlsx,50,12,False,DATA,254618
10,ОБОРОТНЫЕ АКТИВЫ,T23_000000_t10Ved14.xlsx,50,13,False,DATA,248274
10,ОБОРОТНЫЕ АКТИВЫ,T23_000000_t10Ved14.xlsx,50,14,False,DATA,248274
10,ОБОРОТНЫЕ АКТИВЫ,T23_000000_t10Ved14.xlsx,50,15,False,DATA,248274
10,ОБОРОТНЫЕ АКТИВЫ,T23_000000_t10Ved14.xlsx,50,16,False,DATA,248274
10,ОБОРОТНЫЕ АКТИВЫ,T23_000000_t10Ved14.xlsx,50,17,False,DATA,29261
10,ОБОРОТНЫЕ АКТИВЫ,T23_000000_t10Ved14.xlsx,50,18,False,DATA,29261
10,ОБОРОТНЫЕ АКТИВЫ,T23_000000_t10Ved14.xlsx,50,19,False,DATA,30118
10,ОБОРОТНЫЕ АКТИВЫ,T23_000000_t10Ved14.xlsx,50,20,False,DATA,30118
10,ОБОРОТНЫЕ АКТИВЫ,T23_000000_t10Ved14.xlsx,50,21,False,DATA,30118
10,ОБОРОТНЫЕ АКТИВЫ,T23_000000_t10Ved14.xlsx,51,0,False,OKVED_CODE,операции с недвижимым имуществом
10,ОБОРОТНЫЕ АКТИВЫ,T23_000000_t10Ved14.xlsx,51,1,False,OKVED_NAME,143639
10,ОБОРОТНЫЕ АКТИВЫ,T23_000000_t10Ved14.xlsx,51,2,False,DATA,143639
10,ОБОРОТНЫЕ АКТИВЫ,T23_000000_t10Ved14.xlsx,51,3,False,DATA,143639
10,ОБОРОТНЫЕ АКТИВЫ,T23_000000_t10Ved14.xlsx,51,4,False,DATA,143639
10,ОБОРОТНЫЕ АКТИВЫ,T23_000000_t10Ved14.xlsx,51,5,False,DATA,323332
10,ОБОРОТНЫЕ АКТИВЫ,T23_000000_t10Ved14.xlsx,51,6,False,DATA,323332
10,ОБОРОТНЫЕ АКТИВЫ,T23_000000_t10Ved14.xlsx,51,7,False,DATA,323332
10,ОБОРОТНЫЕ АКТИВЫ,T23_000000_t10Ved14.xlsx,51,8,False,DATA,323332
10,ОБОРОТНЫЕ АКТИВЫ,T23_000000_t10Ved14.xlsx,51,9,False,DATA,254618
10,ОБОРОТНЫЕ АКТИВЫ,T23_000000_t10Ved14.xlsx,51,10,False,DATA,254618
10,ОБОРОТНЫЕ АКТИВЫ,T23_000000_t10Ved14.xlsx,51,11,False,DATA,254618
10,ОБОРОТНЫЕ АКТИВЫ,T23_000000_t10Ved14.xlsx,51,12,False,DATA,254618
10,ОБОРОТНЫЕ АКТИВЫ,T23_000000_t10Ved14.xlsx,51,13,False,DATA,248274
10,ОБОРОТНЫЕ АКТИВЫ,T23_000000_t10Ved14.xlsx,51,14,False,DATA,248274
10,ОБОРОТНЫЕ АКТИВЫ,T23_000000_t10Ved14.xlsx,51,15,False,DATA,248274
10,ОБОРОТНЫЕ АКТИВЫ,T23_000000_t10Ved14.xlsx,51,16,False,DATA,248274
10,ОБОРОТНЫЕ АКТИВЫ,T23_000000_t10Ved14.xlsx,51,17,False,DATA,29261
10,ОБОРОТНЫЕ АКТИВЫ,T23_000000_t10Ved14.xlsx,51,18,False,DATA,29261
10,ОБОРОТНЫЕ АКТИВЫ,T23_000000_t10Ved14.xlsx,51,19,False,DATA,30118
10,ОБОРОТНЫЕ АКТИВЫ,T23_000000_t10Ved14.xlsx,51,20,False,DATA,30118
10,ОБОРОТНЫЕ АКТИВЫ,T23_000000_t10Ved14.xlsx,51,21,False,DATA,30118
10,ОБОРОТНЫЕ АКТИВЫ,T23_000000_t10Ved14.xlsx,52,0,False,OKVED_CODE,"Деятельность профессиональная, научная и техническая"
10,ОБОРОТНЫЕ АКТИВЫ,T23_000000_t10Ved14.xlsx,52,1,False,OKVED_NAME,172138
10,ОБОРОТНЫЕ АКТИВЫ,T23_000000_t10Ved14.xlsx,52,2,False,DATA,172138
10,ОБОРОТНЫЕ АКТИВЫ,T23_000000_t10Ved14.xlsx,52,3,False,DATA,172138
10,ОБОРОТНЫЕ АКТИВЫ,T23_000000_t10Ved14.xlsx,52,4,False,DATA,172138
10,ОБОРОТНЫЕ АКТИВЫ,T23_000000_t10Ved14.xlsx,52,5,False,DATA,250938
10,ОБОРОТНЫЕ АКТИВЫ,T23_000000_t10Ved14.xlsx,52,6,False,DATA,250938
10,ОБОРОТНЫЕ АКТИВЫ,T23_000000_t10Ved14.xlsx,52,7,False,DATA,250938
10,ОБОРОТНЫЕ АКТИВЫ,T23_000000_t10Ved14.xlsx,52,8,False,DATA,250938
10,ОБОРОТНЫЕ АКТИВЫ,T23_000000_t10Ved14.xlsx,52,9,False,DATA,1411012
10,ОБОРОТНЫЕ АКТИВЫ,T23_000000_t10Ved14.xlsx,52,10,False,DATA,1411012
10,ОБОРОТНЫЕ АКТИВЫ,T23_000000_t10Ved14.xlsx,52,11,False,DATA,1411012
10,ОБОРОТНЫЕ АКТИВЫ,T23_000000_t10Ved14.xlsx,52,12,False,DATA,1411012
10,ОБОРОТНЫЕ АКТИВЫ,T23_000000_t10Ved14.xlsx,52,13,False,DATA,1867878
10,ОБОРОТНЫЕ АКТИВЫ,T23_000000_t10Ved14.xlsx,52,14,False,DATA,1867878
10,ОБОРОТНЫЕ АКТИВЫ,T23_000000_t10Ved14.xlsx,52,15,False,DATA,1867878
10,ОБОРОТНЫЕ АКТИВЫ,T23_000000_t10Ved14.xlsx,52,16,False,DATA,1867878
10,ОБОРОТНЫЕ АКТИВЫ,T23_000000_t10Ved14.xlsx,52,17,False,DATA,941
10,ОБОРОТНЫЕ АКТИВЫ,T23_000000_t10Ved14.xlsx,52,18,False,DATA,941
10,ОБОРОТНЫЕ АКТИВЫ,T23_000000_t10Ved14.xlsx,52,19,False,DATA,3102
10,ОБОРОТНЫЕ АКТИВЫ,T23_000000_t10Ved14.xlsx,52,20,False,DATA,3102
10,ОБОРОТНЫЕ АКТИВЫ,T23_000000_t10Ved14.xlsx,52,21,False,DATA,3102
10,ОБОРОТНЫЕ АКТИВЫ,T23_000000_t10Ved14.xlsx,53,0,False,OKVED_CODE,"деятельность в области права 
и бухгалтерского учета"
10,ОБОРОТНЫЕ АКТИВЫ,T23_000000_t10Ved14.xlsx,53,1,False,OKVED_NAME,-
10,ОБОРОТНЫЕ АКТИВЫ,T23_000000_t10Ved14.xlsx,53,2,False,DATA,-
10,ОБОРОТНЫЕ АКТИВЫ,T23_000000_t10Ved14.xlsx,53,3,False,DATA,-
10,ОБОРОТНЫЕ АКТИВЫ,T23_000000_t10Ved14.xlsx,53,4,False,DATA,-
10,ОБОРОТНЫЕ АКТИВЫ,T23_000000_t10Ved14.xlsx,53,5,False,DATA,-
10,ОБОРОТНЫЕ АКТИВЫ,T23_000000_t10Ved14.xlsx,53,6,False,DATA,-
10,ОБОРОТНЫЕ АКТИВЫ,T23_000000_t10Ved14.xlsx,53,7,False,DATA,-
10,ОБОРОТНЫЕ АКТИВЫ,T23_000000_t10Ved14.xlsx,53,8,False,DATA,-
10,ОБОРОТНЫЕ АКТИВЫ,T23_000000_t10Ved14.xlsx,53,9,False,DATA,2159
10,ОБОРОТНЫЕ АКТИВЫ,T23_000000_t10Ved14.xlsx,53,10,False,DATA,2159
10,ОБОРОТНЫЕ АКТИВЫ,T23_000000_t10Ved14.xlsx,53,11,False,DATA,2159
10,ОБОРОТНЫЕ АКТИВЫ,T23_000000_t10Ved14.xlsx,53,12,False,DATA,2159
10,ОБОРОТНЫЕ АКТИВЫ,T23_000000_t10Ved14.xlsx,53,13,False,DATA,6750
10,ОБОРОТНЫЕ АКТИВЫ,T23_000000_t10Ved14.xlsx,53,14,False,DATA,6750
10,ОБОРОТНЫЕ АКТИВЫ,T23_000000_t10Ved14.xlsx,53,15,False,DATA,6750
10,ОБОРОТНЫЕ АКТИВЫ,T23_000000_t10Ved14.xlsx,53,16,False,DATA,6750
10,ОБОРОТНЫЕ АКТИВЫ,T23_000000_t10Ved14.xlsx,53,17,False,DATA,37
10,ОБОРОТНЫЕ АКТИВЫ,T23_000000_t10Ved14.xlsx,53,18,False,DATA,37
10,ОБОРОТНЫЕ АКТИВЫ,T23_000000_t10Ved14.xlsx,53,19,False,DATA,-
10,ОБОРОТНЫЕ АКТИВЫ,T23_000000_t10Ved14.xlsx,53,20,False,DATA,-
10,ОБОРОТНЫЕ АКТИВЫ,T23_000000_t10Ved14.xlsx,53,21,False,DATA,-
10,ОБОРОТНЫЕ АКТИВЫ,T23_000000_t10Ved14.xlsx,54,0,False,OKVED_CODE,деятельность головных офисов; консультирование по вопросам управления
10,ОБОРОТНЫЕ АКТИВЫ,T23_000000_t10Ved14.xlsx,54,1,False,OKVED_NAME,-
10,ОБОРОТНЫЕ АКТИВЫ,T23_000000_t10Ved14.xlsx,54,2,False,DATA,-
10,ОБОРОТНЫЕ АКТИВЫ,T23_000000_t10Ved14.xlsx,54,3,False,DATA,-
10,ОБОРОТНЫЕ АКТИВЫ,T23_000000_t10Ved14.xlsx,54,4,False,DATA,-
10,ОБОРОТНЫЕ АКТИВЫ,T23_000000_t10Ved14.xlsx,54,5,False,DATA,-
10,ОБОРОТНЫЕ АКТИВЫ,T23_000000_t10Ved14.xlsx,54,6,False,DATA,-
10,ОБОРОТНЫЕ АКТИВЫ,T23_000000_t10Ved14.xlsx,54,7,False,DATA,-
10,ОБОРОТНЫЕ АКТИВЫ,T23_000000_t10Ved14.xlsx,54,8,False,DATA,-
10,ОБОРОТНЫЕ АКТИВЫ,T23_000000_t10Ved14.xlsx,54,9,False,DATA,1389167
10,ОБОРОТНЫЕ АКТИВЫ,T23_000000_t10Ved14.xlsx,54,10,False,DATA,1389167
10,ОБОРОТНЫЕ АКТИВЫ,T23_000000_t10Ved14.xlsx,54,11,False,DATA,1389167
10,ОБОРОТНЫЕ АКТИВЫ,T23_000000_t10Ved14.xlsx,54,12,False,DATA,1389167
10,ОБОРОТНЫЕ АКТИВЫ,T23_000000_t10Ved14.xlsx,54,13,False,DATA,1820064
10,ОБОРОТНЫЕ АКТИВЫ,T23_000000_t10Ved14.xlsx,54,14,False,DATA,1820064
10,ОБОРОТНЫЕ АКТИВЫ,T23_000000_t10Ved14.xlsx,54,15,False,DATA,1820064
10,ОБОРОТНЫЕ АКТИВЫ,T23_000000_t10Ved14.xlsx,54,16,False,DATA,1820064
10,ОБОРОТНЫЕ АКТИВЫ,T23_000000_t10Ved14.xlsx,54,17,False,DATA,723
10,ОБОРОТНЫЕ АКТИВЫ,T23_000000_t10Ved14.xlsx,54,18,False,DATA,723
10,ОБОРОТНЫЕ АКТИВЫ,T23_000000_t10Ved14.xlsx,54,19,False,DATA,471
10,ОБОРОТНЫЕ АКТИВЫ,T23_000000_t10Ved14.xlsx,54,20,False,DATA,471
10,ОБОРОТНЫЕ АКТИВЫ,T23_000000_t10Ved14.xlsx,54,21,False,DATA,471
10,ОБОРОТНЫЕ АКТИВЫ,T23_000000_t10Ved14.xlsx,55,0,False,OKVED_CODE,"деятельность в области архитектуры 
и инженерно-технического проектирования; технических испытаний, "
10,ОБОРОТНЫЕ АКТИВЫ,T23_000000_t10Ved14.xlsx,55,1,False,OKVED_NAME,172138
10,ОБОРОТНЫЕ АКТИВЫ,T23_000000_t10Ved14.xlsx,55,2,False,DATA,172138
10,ОБОРОТНЫЕ АКТИВЫ,T23_000000_t10Ved14.xlsx,55,3,False,DATA,172138
10,ОБОРОТНЫЕ АКТИВЫ,T23_000000_t10Ved14.xlsx,55,4,False,DATA,172138
10,ОБОРОТНЫЕ АКТИВЫ,T23_000000_t10Ved14.xlsx,55,5,False,DATA,250938
10,ОБОРОТНЫЕ АКТИВЫ,T23_000000_t10Ved14.xlsx,55,6,False,DATA,250938
10,ОБОРОТНЫЕ АКТИВЫ,T23_000000_t10Ved14.xlsx,55,7,False,DATA,250938
10,ОБОРОТНЫЕ АКТИВЫ,T23_000000_t10Ved14.xlsx,55,8,False,DATA,250938
10,ОБОРОТНЫЕ АКТИВЫ,T23_000000_t10Ved14.xlsx,55,9,False,DATA,19683
10,ОБОРОТНЫЕ АКТИВЫ,T23_000000_t10Ved14.xlsx,55,10,False,DATA,19683
10,ОБОРОТНЫЕ АКТИВЫ,T23_000000_t10Ved14.xlsx,55,11,False,DATA,19683
10,ОБОРОТНЫЕ АКТИВЫ,T23_000000_t10Ved14.xlsx,55,12,False,DATA,19683
10,ОБОРОТНЫЕ АКТИВЫ,T23_000000_t10Ved14.xlsx,55,13,False,DATA,41007
10,ОБОРОТНЫЕ АКТИВЫ,T23_000000_t10Ved14.xlsx,55,14,False,DATA,41007
10,ОБОРОТНЫЕ АКТИВЫ,T23_000000_t10Ved14.xlsx,55,15,False,DATA,41007
10,ОБОРОТНЫЕ АКТИВЫ,T23_000000_t10Ved14.xlsx,55,16,False,DATA,41007
10,ОБОРОТНЫЕ АКТИВЫ,T23_000000_t10Ved14.xlsx,55,17,False,DATA,68
10,ОБОРОТНЫЕ АКТИВЫ,T23_000000_t10Ved14.xlsx,55,18,False,DATA,68
10,ОБОРОТНЫЕ АКТИВЫ,T23_000000_t10Ved14.xlsx,55,19,False,DATA,2620
10,ОБОРОТНЫЕ АКТИВЫ,T23_000000_t10Ved14.xlsx,55,20,False,DATA,2620
10,ОБОРОТНЫЕ АКТИВЫ,T23_000000_t10Ved14.xlsx,55,21,False,DATA,2620
10,ОБОРОТНЫЕ АКТИВЫ,T23_000000_t10Ved14.xlsx,56,0,False,OKVED_CODE,"деятельность профессиональная научная
и техническая прочая"
10,ОБОРОТНЫЕ АКТИВЫ,T23_000000_t10Ved14.xlsx,56,1,False,OKVED_NAME,-
10,ОБОРОТНЫЕ АКТИВЫ,T23_000000_t10Ved14.xlsx,56,2,False,DATA,-
10,ОБОРОТНЫЕ АКТИВЫ,T23_000000_t10Ved14.xlsx,56,3,False,DATA,-
10,ОБОРОТНЫЕ АКТИВЫ,T23_000000_t10Ved14.xlsx,56,4,False,DATA,-
10,ОБОРОТНЫЕ АКТИВЫ,T23_000000_t10Ved14.xlsx,56,5,False,DATA,-
10,ОБОРОТНЫЕ АКТИВЫ,T23_000000_t10Ved14.xlsx,56,6,False,DATA,-
10,ОБОРОТНЫЕ АКТИВЫ,T23_000000_t10Ved14.xlsx,56,7,False,DATA,-
10,ОБОРОТНЫЕ АКТИВЫ,T23_000000_t10Ved14.xlsx,56,8,False,DATA,-
10,ОБОРОТНЫЕ АКТИВЫ,T23_000000_t10Ved14.xlsx,56,9,False,DATA,3
10,ОБОРОТНЫЕ АКТИВЫ,T23_000000_t10Ved14.xlsx,56,10,False,DATA,3
10,ОБОРОТНЫЕ АКТИВЫ,T23_000000_t10Ved14.xlsx,56,11,False,DATA,3
10,ОБОРОТНЫЕ АКТИВЫ,T23_000000_t10Ved14.xlsx,56,12,False,DATA,3
10,ОБОРОТНЫЕ АКТИВЫ,T23_000000_t10Ved14.xlsx,56,13,False,DATA,57
10,ОБОРОТНЫЕ АКТИВЫ,T23_000000_t10Ved14.xlsx,56,14,False,DATA,57
10,ОБОРОТНЫЕ АКТИВЫ,T23_000000_t10Ved14.xlsx,56,15,False,DATA,57
10,ОБОРОТНЫЕ АКТИВЫ,T23_000000_t10Ved14.xlsx,56,16,False,DATA,57
10,ОБОРОТНЫЕ АКТИВЫ,T23_000000_t10Ved14.xlsx,56,17,False,DATA,113
10,ОБОРОТНЫЕ АКТИВЫ,T23_000000_t10Ved14.xlsx,56,18,False,DATA,113
10,ОБОРОТНЫЕ АКТИВЫ,T23_000000_t10Ved14.xlsx,56,19,False,DATA,11
10,ОБОРОТНЫЕ АКТИВЫ,T23_000000_t10Ved14.xlsx,56,20,False,DATA,11
10,ОБОРОТНЫЕ АКТИВЫ,T23_000000_t10Ved14.xlsx,56,21,False,DATA,11
10,ОБОРОТНЫЕ АКТИВЫ,T23_000000_t10Ved14.xlsx,57,0,False,OKVED_CODE,"Деятельность административная
и сопутствующие дополнительные услуги"
10,ОБОРОТНЫЕ АКТИВЫ,T23_000000_t10Ved14.xlsx,57,1,False,OKVED_NAME,67600
10,ОБОРОТНЫЕ АКТИВЫ,T23_000000_t10Ved14.xlsx,57,2,False,DATA,67600
10,ОБОРОТНЫЕ АКТИВЫ,T23_000000_t10Ved14.xlsx,57,3,False,DATA,67600
10,ОБОРОТНЫЕ АКТИВЫ,T23_000000_t10Ved14.xlsx,57,4,False,DATA,67600
10,ОБОРОТНЫЕ АКТИВЫ,T23_000000_t10Ved14.xlsx,57,5,False,DATA,-
10,ОБОРОТНЫЕ АКТИВЫ,T23_000000_t10Ved14.xlsx,57,6,False,DATA,-
10,ОБОРОТНЫЕ АКТИВЫ,T23_000000_t10Ved14.xlsx,57,7,False,DATA,-
10,ОБОРОТНЫЕ АКТИВЫ,T23_000000_t10Ved14.xlsx,57,8,False,DATA,-
10,ОБОРОТНЫЕ АКТИВЫ,T23_000000_t10Ved14.xlsx,57,9,False,DATA,56751
10,ОБОРОТНЫЕ АКТИВЫ,T23_000000_t10Ved14.xlsx,57,10,False,DATA,56751
10,ОБОРОТНЫЕ АКТИВЫ,T23_000000_t10Ved14.xlsx,57,11,False,DATA,56751
10,ОБОРОТНЫЕ АКТИВЫ,T23_000000_t10Ved14.xlsx,57,12,False,DATA,56751
10,ОБОРОТНЫЕ АКТИВЫ,T23_000000_t10Ved14.xlsx,57,13,False,DATA,14698
10,ОБОРОТНЫЕ АКТИВЫ,T23_000000_t10Ved14.xlsx,57,14,False,DATA,14698
10,ОБОРОТНЫЕ АКТИВЫ,T23_000000_t10Ved14.xlsx,57,15,False,DATA,14698
10,ОБОРОТНЫЕ АКТИВЫ,T23_000000_t10Ved14.xlsx,57,16,False,DATA,14698
10,ОБОРОТНЫЕ АКТИВЫ,T23_000000_t10Ved14.xlsx,57,17,False,DATA,7699
10,ОБОРОТНЫЕ АКТИВЫ,T23_000000_t10Ved14.xlsx,57,18,False,DATA,7699
10,ОБОРОТНЫЕ АКТИВЫ,T23_000000_t10Ved14.xlsx,57,19,False,DATA,32028
10,ОБОРОТНЫЕ АКТИВЫ,T23_000000_t10Ved14.xlsx,57,20,False,DATA,32028
10,ОБОРОТНЫЕ АКТИВЫ,T23_000000_t10Ved14.xlsx,57,21,False,DATA,32028
10,ОБОРОТНЫЕ АКТИВЫ,T23_000000_t10Ved14.xlsx,58,0,False,OKVED_CODE,
10,ОБОРОТНЫЕ АКТИВЫ,T23_000000_t10Ved14.xlsx,58,1,False,OKVED_NAME,
10,ОБОРОТНЫЕ АКТИВЫ,T23_000000_t10Ved14.xlsx,58,2,False,EMPTY,
10,ОБОРОТНЫЕ АКТИВЫ,T23_000000_t10Ved14.xlsx,58,3,False,EMPTY,
10,ОБОРОТНЫЕ АКТИВЫ,T23_000000_t10Ved14.xlsx,58,4,False,EMPTY,
10,ОБОРОТНЫЕ АКТИВЫ,T23_000000_t10Ved14.xlsx,58,5,False,EMPTY,
10,ОБОРОТНЫЕ АКТИВЫ,T23_000000_t10Ved14.xlsx,58,6,False,EMPTY,
10,ОБОРОТНЫЕ АКТИВЫ,T23_000000_t10Ved14.xlsx,58,7,False,EMPTY,
10,ОБОРОТНЫЕ АКТИВЫ,T23_000000_t10Ved14.xlsx,58,8,False,EMPTY,
10,ОБОРОТНЫЕ АКТИВЫ,T23_000000_t10Ved14.xlsx,58,9,False,EMPTY,
10,ОБОРОТНЫЕ АКТИВЫ,T23_000000_t10Ved14.xlsx,58,10,False,EMPTY,
10,ОБОРОТНЫЕ АКТИВЫ,T23_000000_t10Ved14.xlsx,58,11,False,EMPTY,
10,ОБОРОТНЫЕ АКТИВЫ,T23_000000_t10Ved14.xlsx,58,12,False,EMPTY,
10,ОБОРОТНЫЕ АКТИВЫ,T23_000000_t10Ved14.xlsx,58,13,False,EMPTY,
10,ОБОРОТНЫЕ АКТИВЫ,T23_000000_t10Ved14.xlsx,58,14,False,EMPTY,
10,ОБОРОТНЫЕ АКТИВЫ,T23_000000_t10Ved14.xlsx,58,15,False,DATA,Продолжение таблицы 4.
10,ОБОРОТНЫЕ АКТИВЫ,T23_000000_t10Ved14.xlsx,58,16,False,DATA,Продолжение таблицы 4.
10,ОБОРОТНЫЕ АКТИВЫ,T23_000000_t10Ved14.xlsx,58,17,False,DATA,Продолжение таблицы 4.
10,ОБОРОТНЫЕ АКТИВЫ,T23_000000_t10Ved14.xlsx,58,18,False,DATA,Продолжение таблицы 4.
10,ОБОРОТНЫЕ АКТИВЫ,T23_000000_t10Ved14.xlsx,58,19,False,DATA,Продолжение таблицы 4.
10,ОБОРОТНЫЕ АКТИВЫ,T23_000000_t10Ved14.xlsx,58,20,False,DATA,Продолжение таблицы 4.
10,ОБОРОТНЫЕ АКТИВЫ,T23_000000_t10Ved14.xlsx,58,21,False,DATA,Продолжение таблицы 4.
10,ОБОРОТНЫЕ АКТИВЫ,T23_000000_t10Ved14.xlsx,59,0,False,OKVED_CODE,
10,ОБОРОТНЫЕ АКТИВЫ,T23_000000_t10Ved14.xlsx,59,1,False,OKVED_NAME,в том числе из оборотных активов
10,ОБОРОТНЫЕ АКТИВЫ,T23_000000_t10Ved14.xlsx,59,2,False,DATA,в том числе из оборотных активов
10,ОБОРОТНЫЕ АКТИВЫ,T23_000000_t10Ved14.xlsx,59,3,False,DATA,в том числе из оборотных активов
10,ОБОРОТНЫЕ АКТИВЫ,T23_000000_t10Ved14.xlsx,59,4,False,DATA,в том числе из оборотных активов
10,ОБОРОТНЫЕ АКТИВЫ,T23_000000_t10Ved14.xlsx,59,5,False,DATA,в том числе из оборотных активов
10,ОБОРОТНЫЕ АКТИВЫ,T23_000000_t10Ved14.xlsx,59,6,False,DATA,в том числе из оборотных активов
10,ОБОРОТНЫЕ АКТИВЫ,T23_000000_t10Ved14.xlsx,59,7,False,DATA,в том числе из оборотных активов
10,ОБОРОТНЫЕ АКТИВЫ,T23_000000_t10Ved14.xlsx,59,8,False,DATA,в том числе из оборотных активов
10,ОБОРОТНЫЕ АКТИВЫ,T23_000000_t10Ved14.xlsx,59,9,False,DATA,в том числе из оборотных активов
10,ОБОРОТНЫЕ АКТИВЫ,T23_000000_t10Ved14.xlsx,59,10,False,DATA,в том числе из оборотных активов
10,ОБОРОТНЫЕ АКТИВЫ,T23_000000_t10Ved14.xlsx,59,11,False,DATA,в том числе из оборотных активов
10,ОБОРОТНЫЕ АКТИВЫ,T23_000000_t10Ved14.xlsx,59,12,False,DATA,в том числе из оборотных активов
10,ОБОРОТНЫЕ АКТИВЫ,T23_000000_t10Ved14.xlsx,59,13,False,DATA,в том числе из оборотных активов
10,ОБОРОТНЫЕ АКТИВЫ,T23_000000_t10Ved14.xlsx,59,14,False,DATA,в том числе из оборотных активов
10,ОБОРОТНЫЕ АКТИВЫ,T23_000000_t10Ved14.xlsx,59,15,False,DATA,в том числе из оборотных активов
10,ОБОРОТНЫЕ АКТИВЫ,T23_000000_t10Ved14.xlsx,59,16,False,DATA,в том числе из оборотных активов
10,ОБОРОТНЫЕ АКТИВЫ,T23_000000_t10Ved14.xlsx,59,17,False,DATA,в том числе из оборотных активов
10,ОБОРОТНЫЕ АКТИВЫ,T23_000000_t10Ved14.xlsx,59,18,False,DATA,в том числе из оборотных активов
10,ОБОРОТНЫЕ АКТИВЫ,T23_000000_t10Ved14.xlsx,59,19,False,DATA,в том числе из оборотных активов
10,ОБОРОТНЫЕ АКТИВЫ,T23_000000_t10Ved14.xlsx,59,20,False,DATA,в том числе из оборотных активов
10,ОБОРОТНЫЕ АКТИВЫ,T23_000000_t10Ved14.xlsx,59,21,False,DATA,в том числе из оборотных активов
10,ОБОРОТНЫЕ АКТИВЫ,T23_000000_t10Ved14.xlsx,60,0,False,OKVED_CODE,
10,ОБОРОТНЫЕ АКТИВЫ,T23_000000_t10Ved14.xlsx,60,1,False,OKVED_NAME,краткосрочные финансовые вложения (за исключением денежных эквивалентов)
10,ОБОРОТНЫЕ АКТИВЫ,T23_000000_t10Ved14.xlsx,60,2,False,DATA,краткосрочные финансовые вложения (за исключением денежных эквивалентов)
10,ОБОРОТНЫЕ АКТИВЫ,T23_000000_t10Ved14.xlsx,60,3,False,DATA,краткосрочные финансовые вложения (за исключением денежных эквивалентов)
10,ОБОРОТНЫЕ АКТИВЫ,T23_000000_t10Ved14.xlsx,60,4,False,DATA,краткосрочные финансовые вложения (за исключением денежных эквивалентов)
10,ОБОРОТНЫЕ АКТИВЫ,T23_000000_t10Ved14.xlsx,60,5,False,DATA,краткосрочные финансовые вложения (за исключением денежных эквивалентов)
10,ОБОРОТНЫЕ АКТИВЫ,T23_000000_t10Ved14.xlsx,60,6,False,DATA,краткосрочные финансовые вложения (за исключением денежных эквивалентов)
10,ОБОРОТНЫЕ АКТИВЫ,T23_000000_t10Ved14.xlsx,60,7,False,DATA,краткосрочные финансовые вложения (за исключением денежных эквивалентов)
10,ОБОРОТНЫЕ АКТИВЫ,T23_000000_t10Ved14.xlsx,60,8,False,DATA,краткосрочные финансовые вложения (за исключением денежных эквивалентов)
10,ОБОРОТНЫЕ АКТИВЫ,T23_000000_t10Ved14.xlsx,60,9,False,DATA,денежные средства и денежные эквиваленты
10,ОБОРОТНЫЕ АКТИВЫ,T23_000000_t10Ved14.xlsx,60,10,False,DATA,денежные средства и денежные эквиваленты
10,ОБОРОТНЫЕ АКТИВЫ,T23_000000_t10Ved14.xlsx,60,11,False,DATA,денежные средства и денежные эквиваленты
10,ОБОРОТНЫЕ АКТИВЫ,T23_000000_t10Ved14.xlsx,60,12,False,DATA,денежные средства и денежные эквиваленты
10,ОБОРОТНЫЕ АКТИВЫ,T23_000000_t10Ved14.xlsx,60,13,False,DATA,денежные средства и денежные эквиваленты
10,ОБОРОТНЫЕ АКТИВЫ,T23_000000_t10Ved14.xlsx,60,14,False,DATA,денежные средства и денежные эквиваленты
10,ОБОРОТНЫЕ АКТИВЫ,T23_000000_t10Ved14.xlsx,60,15,False,DATA,денежные средства и денежные эквиваленты
10,ОБОРОТНЫЕ АКТИВЫ,T23_000000_t10Ved14.xlsx,60,16,False,DATA,денежные средства и денежные эквиваленты
10,ОБОРОТНЫЕ АКТИВЫ,T23_000000_t10Ved14.xlsx,60,17,False,DATA,прочие оборотные активы
10,ОБОРОТНЫЕ АКТИВЫ,T23_000000_t10Ved14.xlsx,60,18,False,DATA,прочие оборотные активы
10,ОБОРОТНЫЕ АКТИВЫ,T23_000000_t10Ved14.xlsx,60,19,False,DATA,прочие оборотные активы
10,ОБОРОТНЫЕ АКТИВЫ,T23_000000_t10Ved14.xlsx,60,20,False,DATA,прочие оборотные активы
10,ОБОРОТНЫЕ АКТИВЫ,T23_000000_t10Ved14.xlsx,60,21,False,DATA,прочие оборотные активы
10,ОБОРОТНЫЕ АКТИВЫ,T23_000000_t10Ved14.xlsx,61,0,False,OKVED_CODE,
10,ОБОРОТНЫЕ АКТИВЫ,T23_000000_t10Ved14.xlsx,61,1,False,OKVED_NAME,краткосрочные финансовые вложения (за исключением денежных эквивалентов)
10,ОБОРОТНЫЕ АКТИВЫ,T23_000000_t10Ved14.xlsx,61,2,False,DATA,краткосрочные финансовые вложения (за исключением денежных эквивалентов)
10,ОБОРОТНЫЕ АКТИВЫ,T23_000000_t10Ved14.xlsx,61,3,False,DATA,краткосрочные финансовые вложения (за исключением денежных эквивалентов)
10,ОБОРОТНЫЕ АКТИВЫ,T23_000000_t10Ved14.xlsx,61,4,False,DATA,краткосрочные финансовые вложения (за исключением денежных эквивалентов)
10,ОБОРОТНЫЕ АКТИВЫ,T23_000000_t10Ved14.xlsx,61,5,False,DATA,краткосрочные финансовые вложения (за исключением денежных эквивалентов)
10,ОБОРОТНЫЕ АКТИВЫ,T23_000000_t10Ved14.xlsx,61,6,False,DATA,краткосрочные финансовые вложения (за исключением денежных эквивалентов)
10,ОБОРОТНЫЕ АКТИВЫ,T23_000000_t10Ved14.xlsx,61,7,False,DATA,краткосрочные финансовые вложения (за исключением денежных эквивалентов)
10,ОБОРОТНЫЕ АКТИВЫ,T23_000000_t10Ved14.xlsx,61,8,False,DATA,краткосрочные финансовые вложения (за исключением денежных эквивалентов)
10,ОБОРОТНЫЕ АКТИВЫ,T23_000000_t10Ved14.xlsx,61,9,False,DATA,денежные средства и денежные эквиваленты
10,ОБОРОТНЫЕ АКТИВЫ,T23_000000_t10Ved14.xlsx,61,10,False,DATA,денежные средства и денежные эквиваленты
10,ОБОРОТНЫЕ АКТИВЫ,T23_000000_t10Ved14.xlsx,61,11,False,DATA,денежные средства и денежные эквиваленты
10,ОБОРОТНЫЕ АКТИВЫ,T23_000000_t10Ved14.xlsx,61,12,False,DATA,денежные средства и денежные эквиваленты
10,ОБОРОТНЫЕ АКТИВЫ,T23_000000_t10Ved14.xlsx,61,13,False,DATA,денежные средства и денежные эквиваленты
10,ОБОРОТНЫЕ АКТИВЫ,T23_000000_t10Ved14.xlsx,61,14,False,DATA,денежные средства и денежные эквиваленты
10,ОБОРОТНЫЕ АКТИВЫ,T23_000000_t10Ved14.xlsx,61,15,False,DATA,денежные средства и денежные эквиваленты
10,ОБОРОТНЫЕ АКТИВЫ,T23_000000_t10Ved14.xlsx,61,16,False,DATA,денежные средства и денежные эквиваленты
10,ОБОРОТНЫЕ АКТИВЫ,T23_000000_t10Ved14.xlsx,61,17,False,DATA,прочие оборотные активы
10,ОБОРОТНЫЕ АКТИВЫ,T23_000000_t10Ved14.xlsx,61,18,False,DATA,прочие оборотные активы
10,ОБОРОТНЫЕ АКТИВЫ,T23_000000_t10Ved14.xlsx,61,19,False,DATA,прочие оборотные активы
10,ОБОРОТНЫЕ АКТИВЫ,T23_000000_t10Ved14.xlsx,61,20,False,DATA,прочие оборотные активы
10,ОБОРОТНЫЕ АКТИВЫ,T23_000000_t10Ved14.xlsx,61,21,False,DATA,прочие оборотные активы
10,ОБОРОТНЫЕ АКТИВЫ,T23_000000_t10Ved14.xlsx,62,0,False,OKVED_CODE,
10,ОБОРОТНЫЕ АКТИВЫ,T23_000000_t10Ved14.xlsx,62,1,False,OKVED_NAME,2022
10,ОБОРОТНЫЕ АКТИВЫ,T23_000000_t10Ved14.xlsx,62,2,False,DATA,2022
10,ОБОРОТНЫЕ АКТИВЫ,T23_000000_t10Ved14.xlsx,62,3,False,DATA,2022
10,ОБОРОТНЫЕ АКТИВЫ,T23_000000_t10Ved14.xlsx,62,4,False,DATA,2022
10,ОБОРОТНЫЕ АКТИВЫ,T23_000000_t10Ved14.xlsx,62,5,False,DATA,2023
10,ОБОРОТНЫЕ АКТИВЫ,T23_000000_t10Ved14.xlsx,62,6,False,DATA,2023
10,ОБОРОТНЫЕ АКТИВЫ,T23_000000_t10Ved14.xlsx,62,7,False,DATA,2023
10,ОБОРОТНЫЕ АКТИВЫ,T23_000000_t10Ved14.xlsx,62,8,False,DATA,2023
10,ОБОРОТНЫЕ АКТИВЫ,T23_000000_t10Ved14.xlsx,62,9,False,DATA,2022
10,ОБОРОТНЫЕ АКТИВЫ,T23_000000_t10Ved14.xlsx,62,10,False,DATA,2022
10,ОБОРОТНЫЕ АКТИВЫ,T23_000000_t10Ved14.xlsx,62,11,False,DATA,2022
10,ОБОРОТНЫЕ АКТИВЫ,T23_000000_t10Ved14.xlsx,62,12,False,DATA,2022
10,ОБОРОТНЫЕ АКТИВЫ,T23_000000_t10Ved14.xlsx,62,13,False,DATA,2023
10,ОБОРОТНЫЕ АКТИВЫ,T23_000000_t10Ved14.xlsx,62,14,False,DATA,2023
10,ОБОРОТНЫЕ АКТИВЫ,T23_000000_t10Ved14.xlsx,62,15,False,DATA,2023
10,ОБОРОТНЫЕ АКТИВЫ,T23_000000_t10Ved14.xlsx,62,16,False,DATA,2023
10,ОБОРОТНЫЕ АКТИВЫ,T23_000000_t10Ved14.xlsx,62,17,False,DATA,2022
10,ОБОРОТНЫЕ АКТИВЫ,T23_000000_t10Ved14.xlsx,62,18,False,DATA,2022
10,ОБОРОТНЫЕ АКТИВЫ,T23_000000_t10Ved14.xlsx,62,19,False,DATA,2023
10,ОБОРОТНЫЕ АКТИВЫ,T23_000000_t10Ved14.xlsx,62,20,False,DATA,2023
10,ОБОРОТНЫЕ АКТИВЫ,T23_000000_t10Ved14.xlsx,62,21,False,DATA,2023
10,ОБОРОТНЫЕ АКТИВЫ,T23_000000_t10Ved14.xlsx,63,0,False,OKVED_CODE,аренда и лизинг
10,ОБОРОТНЫЕ АКТИВЫ,T23_000000_t10Ved14.xlsx,63,1,False,OKVED_NAME,67600
10,ОБОРОТНЫЕ АКТИВЫ,T23_000000_t10Ved14.xlsx,63,2,False,DATA,67600
10,ОБОРОТНЫЕ АКТИВЫ,T23_000000_t10Ved14.xlsx,63,3,False,DATA,67600
10,ОБОРОТНЫЕ АКТИВЫ,T23_000000_t10Ved14.xlsx,63,4,False,DATA,67600
10,ОБОРОТНЫЕ АКТИВЫ,T23_000000_t10Ved14.xlsx,63,5,False,DATA,-
10,ОБОРОТНЫЕ АКТИВЫ,T23_000000_t10Ved14.xlsx,63,6,False,DATA,-
10,ОБОРОТНЫЕ АКТИВЫ,T23_000000_t10Ved14.xlsx,63,7,False,DATA,-
10,ОБОРОТНЫЕ АКТИВЫ,T23_000000_t10Ved14.xlsx,63,8,False,DATA,-
10,ОБОРОТНЫЕ АКТИВЫ,T23_000000_t10Ved14.xlsx,63,9,False,DATA,14416
10,ОБОРОТНЫЕ АКТИВЫ,T23_000000_t10Ved14.xlsx,63,10,False,DATA,14416
10,ОБОРОТНЫЕ АКТИВЫ,T23_000000_t10Ved14.xlsx,63,11,False,DATA,14416
10,ОБОРОТНЫЕ АКТИВЫ,T23_000000_t10Ved14.xlsx,63,12,False,DATA,14416
10,ОБОРОТНЫЕ АКТИВЫ,T23_000000_t10Ved14.xlsx,63,13,False,DATA,13703
10,ОБОРОТНЫЕ АКТИВЫ,T23_000000_t10Ved14.xlsx,63,14,False,DATA,13703
10,ОБОРОТНЫЕ АКТИВЫ,T23_000000_t10Ved14.xlsx,63,15,False,DATA,13703
10,ОБОРОТНЫЕ АКТИВЫ,T23_000000_t10Ved14.xlsx,63,16,False,DATA,13703
10,ОБОРОТНЫЕ АКТИВЫ,T23_000000_t10Ved14.xlsx,63,17,False,DATA,-
10,ОБОРОТНЫЕ АКТИВЫ,T23_000000_t10Ved14.xlsx,63,18,False,DATA,-
10,ОБОРОТНЫЕ АКТИВЫ,T23_000000_t10Ved14.xlsx,63,19,False,DATA,-
10,ОБОРОТНЫЕ АКТИВЫ,T23_000000_t10Ved14.xlsx,63,20,False,DATA,-
10,ОБОРОТНЫЕ АКТИВЫ,T23_000000_t10Ved14.xlsx,63,21,False,DATA,-
10,ОБОРОТНЫЕ АКТИВЫ,T23_000000_t10Ved14.xlsx,64,0,False,OKVED_CODE,"деятельность туристических агентств
и прочих организаций, предоставляющих услуги в сфере туризма"
10,ОБОРОТНЫЕ АКТИВЫ,T23_000000_t10Ved14.xlsx,64,1,False,OKVED_NAME,-
10,ОБОРОТНЫЕ АКТИВЫ,T23_000000_t10Ved14.xlsx,64,2,False,DATA,-
10,ОБОРОТНЫЕ АКТИВЫ,T23_000000_t10Ved14.xlsx,64,3,False,DATA,-
10,ОБОРОТНЫЕ АКТИВЫ,T23_000000_t10Ved14.xlsx,64,4,False,DATA,-
10,ОБОРОТНЫЕ АКТИВЫ,T23_000000_t10Ved14.xlsx,64,5,False,DATA,-
10,ОБОРОТНЫЕ АКТИВЫ,T23_000000_t10Ved14.xlsx,64,6,False,DATA,-
10,ОБОРОТНЫЕ АКТИВЫ,T23_000000_t10Ved14.xlsx,64,7,False,DATA,-
10,ОБОРОТНЫЕ АКТИВЫ,T23_000000_t10Ved14.xlsx,64,8,False,DATA,-
10,ОБОРОТНЫЕ АКТИВЫ,T23_000000_t10Ved14.xlsx,64,9,False,DATA,352
10,ОБОРОТНЫЕ АКТИВЫ,T23_000000_t10Ved14.xlsx,64,10,False,DATA,352
10,ОБОРОТНЫЕ АКТИВЫ,T23_000000_t10Ved14.xlsx,64,11,False,DATA,352
10,ОБОРОТНЫЕ АКТИВЫ,T23_000000_t10Ved14.xlsx,64,12,False,DATA,352
10,ОБОРОТНЫЕ АКТИВЫ,T23_000000_t10Ved14.xlsx,64,13,False,DATA,3
10,ОБОРОТНЫЕ АКТИВЫ,T23_000000_t10Ved14.xlsx,64,14,False,DATA,3
10,ОБОРОТНЫЕ АКТИВЫ,T23_000000_t10Ved14.xlsx,64,15,False,DATA,3
10,ОБОРОТНЫЕ АКТИВЫ,T23_000000_t10Ved14.xlsx,64,16,False,DATA,3
10,ОБОРОТНЫЕ АКТИВЫ,T23_000000_t10Ved14.xlsx,64,17,False,DATA,-
10,ОБОРОТНЫЕ АКТИВЫ,T23_000000_t10Ved14.xlsx,64,18,False,DATA,-
10,ОБОРОТНЫЕ АКТИВЫ,T23_000000_t10Ved14.xlsx,64,19,False,DATA,-
10,ОБОРОТНЫЕ АКТИВЫ,T23_000000_t10Ved14.xlsx,64,20,False,DATA,-
10,ОБОРОТНЫЕ АКТИВЫ,T23_000000_t10Ved14.xlsx,64,21,False,DATA,-
10,ОБОРОТНЫЕ АКТИВЫ,T23_000000_t10Ved14.xlsx,65,0,False,OKVED_CODE,"деятельность по обслуживанию зданий 
и территорий"
10,ОБОРОТНЫЕ АКТИВЫ,T23_000000_t10Ved14.xlsx,65,1,False,OKVED_NAME,-
10,ОБОРОТНЫЕ АКТИВЫ,T23_000000_t10Ved14.xlsx,65,2,False,DATA,-
10,ОБОРОТНЫЕ АКТИВЫ,T23_000000_t10Ved14.xlsx,65,3,False,DATA,-
10,ОБОРОТНЫЕ АКТИВЫ,T23_000000_t10Ved14.xlsx,65,4,False,DATA,-
10,ОБОРОТНЫЕ АКТИВЫ,T23_000000_t10Ved14.xlsx,65,5,False,DATA,-
10,ОБОРОТНЫЕ АКТИВЫ,T23_000000_t10Ved14.xlsx,65,6,False,DATA,-
10,ОБОРОТНЫЕ АКТИВЫ,T23_000000_t10Ved14.xlsx,65,7,False,DATA,-
10,ОБОРОТНЫЕ АКТИВЫ,T23_000000_t10Ved14.xlsx,65,8,False,DATA,-
10,ОБОРОТНЫЕ АКТИВЫ,T23_000000_t10Ved14.xlsx,65,9,False,DATA,41527
10,ОБОРОТНЫЕ АКТИВЫ,T23_000000_t10Ved14.xlsx,65,10,False,DATA,41527
10,ОБОРОТНЫЕ АКТИВЫ,T23_000000_t10Ved14.xlsx,65,11,False,DATA,41527
10,ОБОРОТНЫЕ АКТИВЫ,T23_000000_t10Ved14.xlsx,65,12,False,DATA,41527
10,ОБОРОТНЫЕ АКТИВЫ,T23_000000_t10Ved14.xlsx,65,13,False,DATA,459
10,ОБОРОТНЫЕ АКТИВЫ,T23_000000_t10Ved14.xlsx,65,14,False,DATA,459
10,ОБОРОТНЫЕ АКТИВЫ,T23_000000_t10Ved14.xlsx,65,15,False,DATA,459
10,ОБОРОТНЫЕ АКТИВЫ,T23_000000_t10Ved14.xlsx,65,16,False,DATA,459
10,ОБОРОТНЫЕ АКТИВЫ,T23_000000_t10Ved14.xlsx,65,17,False,DATA,7699
10,ОБОРОТНЫЕ АКТИВЫ,T23_000000_t10Ved14.xlsx,65,18,False,DATA,7699
10,ОБОРОТНЫЕ АКТИВЫ,T23_000000_t10Ved14.xlsx,65,19,False,DATA,32028
10,ОБОРОТНЫЕ АКТИВЫ,T23_000000_t10Ved14.xlsx,65,20,False,DATA,32028
10,ОБОРОТНЫЕ АКТИВЫ,T23_000000_t10Ved14.xlsx,65,21,False,DATA,32028
10,ОБОРОТНЫЕ АКТИВЫ,T23_000000_t10Ved14.xlsx,66,0,False,OKVED_CODE,"деятельность административно-хозяйственная, вспомогательная деятельность по обеспечению функциониров"
10,ОБОРОТНЫЕ АКТИВЫ,T23_000000_t10Ved14.xlsx,66,1,False,OKVED_NAME,-
10,ОБОРОТНЫЕ АКТИВЫ,T23_000000_t10Ved14.xlsx,66,2,False,DATA,-
10,ОБОРОТНЫЕ АКТИВЫ,T23_000000_t10Ved14.xlsx,66,3,False,DATA,-
10,ОБОРОТНЫЕ АКТИВЫ,T23_000000_t10Ved14.xlsx,66,4,False,DATA,-
10,ОБОРОТНЫЕ АКТИВЫ,T23_000000_t10Ved14.xlsx,66,5,False,DATA,-
10,ОБОРОТНЫЕ АКТИВЫ,T23_000000_t10Ved14.xlsx,66,6,False,DATA,-
10,ОБОРОТНЫЕ АКТИВЫ,T23_000000_t10Ved14.xlsx,66,7,False,DATA,-
10,ОБОРОТНЫЕ АКТИВЫ,T23_000000_t10Ved14.xlsx,66,8,False,DATA,-
10,ОБОРОТНЫЕ АКТИВЫ,T23_000000_t10Ved14.xlsx,66,9,False,DATA,456
10,ОБОРОТНЫЕ АКТИВЫ,T23_000000_t10Ved14.xlsx,66,10,False,DATA,456
10,ОБОРОТНЫЕ АКТИВЫ,T23_000000_t10Ved14.xlsx,66,11,False,DATA,456
10,ОБОРОТНЫЕ АКТИВЫ,T23_000000_t10Ved14.xlsx,66,12,False,DATA,456
10,ОБОРОТНЫЕ АКТИВЫ,T23_000000_t10Ved14.xlsx,66,13,False,DATA,533
10,ОБОРОТНЫЕ АКТИВЫ,T23_000000_t10Ved14.xlsx,66,14,False,DATA,533
10,ОБОРОТНЫЕ АКТИВЫ,T23_000000_t10Ved14.xlsx,66,15,False,DATA,533
10,ОБОРОТНЫЕ АКТИВЫ,T23_000000_t10Ved14.xlsx,66,16,False,DATA,533
10,ОБОРОТНЫЕ АКТИВЫ,T23_000000_t10Ved14.xlsx,66,17,False,DATA,-
10,ОБОРОТНЫЕ АКТИВЫ,T23_000000_t10Ved14.xlsx,66,18,False,DATA,-
10,ОБОРОТНЫЕ АКТИВЫ,T23_000000_t10Ved14.xlsx,66,19,False,DATA,-
10,ОБОРОТНЫЕ АКТИВЫ,T23_000000_t10Ved14.xlsx,66,20,False,DATA,-
10,ОБОРОТНЫЕ АКТИВЫ,T23_000000_t10Ved14.xlsx,66,21,False,DATA,-
10,ОБОРОТНЫЕ АКТИВЫ,T23_000000_t10Ved14.xlsx,67,0,False,OKVED_CODE,"Государственное управление
и обеспечение военной безопасности; социальное обеспечение"
10,ОБОРОТНЫЕ АКТИВЫ,T23_000000_t10Ved14.xlsx,67,1,False,OKVED_NAME,-
10,ОБОРОТНЫЕ АКТИВЫ,T23_000000_t10Ved14.xlsx,67,2,False,DATA,-
10,ОБОРОТНЫЕ АКТИВЫ,T23_000000_t10Ved14.xlsx,67,3,False,DATA,-
10,ОБОРОТНЫЕ АКТИВЫ,T23_000000_t10Ved14.xlsx,67,4,False,DATA,-
10,ОБОРОТНЫЕ АКТИВЫ,T23_000000_t10Ved14.xlsx,67,5,False,DATA,-
10,ОБОРОТНЫЕ АКТИВЫ,T23_000000_t10Ved14.xlsx,67,6,False,DATA,-
10,ОБОРОТНЫЕ АКТИВЫ,T23_000000_t10Ved14.xlsx,67,7,False,DATA,-
10,ОБОРОТНЫЕ АКТИВЫ,T23_000000_t10Ved14.xlsx,67,8,False,DATA,-
10,ОБОРОТНЫЕ АКТИВЫ,T23_000000_t10Ved14.xlsx,67,9,False,DATA,803
10,ОБОРОТНЫЕ АКТИВЫ,T23_000000_t10Ved14.xlsx,67,10,False,DATA,803
10,ОБОРОТНЫЕ АКТИВЫ,T23_000000_t10Ved14.xlsx,67,11,False,DATA,803
10,ОБОРОТНЫЕ АКТИВЫ,T23_000000_t10Ved14.xlsx,67,12,False,DATA,803
10,ОБОРОТНЫЕ АКТИВЫ,T23_000000_t10Ved14.xlsx,67,13,False,DATA,9036
10,ОБОРОТНЫЕ АКТИВЫ,T23_000000_t10Ved14.xlsx,67,14,False,DATA,9036
10,ОБОРОТНЫЕ АКТИВЫ,T23_000000_t10Ved14.xlsx,67,15,False,DATA,9036
10,ОБОРОТНЫЕ АКТИВЫ,T23_000000_t10Ved14.xlsx,67,16,False,DATA,9036
10,ОБОРОТНЫЕ АКТИВЫ,T23_000000_t10Ved14.xlsx,67,17,False,DATA,6
10,ОБОРОТНЫЕ АКТИВЫ,T23_000000_t10Ved14.xlsx,67,18,False,DATA,6
10,ОБОРОТНЫЕ АКТИВЫ,T23_000000_t10Ved14.xlsx,67,19,False,DATA,3212
10,ОБОРОТНЫЕ АКТИВЫ,T23_000000_t10Ved14.xlsx,67,20,False,DATA,3212
10,ОБОРОТНЫЕ АКТИВЫ,T23_000000_t10Ved14.xlsx,67,21,False,DATA,3212
10,ОБОРОТНЫЕ АКТИВЫ,T23_000000_t10Ved14.xlsx,68,0,False,OKVED_CODE,"деятельность органов государственного управления по обеспечению военной безопасности, обязательному "
10,ОБОРОТНЫЕ АКТИВЫ,T23_000000_t10Ved14.xlsx,68,1,False,OKVED_NAME,-
10,ОБОРОТНЫЕ АКТИВЫ,T23_000000_t10Ved14.xlsx,68,2,False,DATA,-
10,ОБОРОТНЫЕ АКТИВЫ,T23_000000_t10Ved14.xlsx,68,3,False,DATA,-
10,ОБОРОТНЫЕ АКТИВЫ,T23_000000_t10Ved14.xlsx,68,4,False,DATA,-
10,ОБОРОТНЫЕ АКТИВЫ,T23_000000_t10Ved14.xlsx,68,5,False,DATA,-
10,ОБОРОТНЫЕ АКТИВЫ,T23_000000_t10Ved14.xlsx,68,6,False,DATA,-
10,ОБОРОТНЫЕ АКТИВЫ,T23_000000_t10Ved14.xlsx,68,7,False,DATA,-
10,ОБОРОТНЫЕ АКТИВЫ,T23_000000_t10Ved14.xlsx,68,8,False,DATA,-
10,ОБОРОТНЫЕ АКТИВЫ,T23_000000_t10Ved14.xlsx,68,9,False,DATA,803
10,ОБОРОТНЫЕ АКТИВЫ,T23_000000_t10Ved14.xlsx,68,10,False,DATA,803
10,ОБОРОТНЫЕ АКТИВЫ,T23_000000_t10Ved14.xlsx,68,11,False,DATA,803
10,ОБОРОТНЫЕ АКТИВЫ,T23_000000_t10Ved14.xlsx,68,12,False,DATA,803
10,ОБОРОТНЫЕ АКТИВЫ,T23_000000_t10Ved14.xlsx,68,13,False,DATA,9036
10,ОБОРОТНЫЕ АКТИВЫ,T23_000000_t10Ved14.xlsx,68,14,False,DATA,9036
10,ОБОРОТНЫЕ АКТИВЫ,T23_000000_t10Ved14.xlsx,68,15,False,DATA,9036
10,ОБОРОТНЫЕ АКТИВЫ,T23_000000_t10Ved14.xlsx,68,16,False,DATA,9036
10,ОБОРОТНЫЕ АКТИВЫ,T23_000000_t10Ved14.xlsx,68,17,False,DATA,6
10,ОБОРОТНЫЕ АКТИВЫ,T23_000000_t10Ved14.xlsx,68,18,False,DATA,6
10,ОБОРОТНЫЕ АКТИВЫ,T23_000000_t10Ved14.xlsx,68,19,False,DATA,3212
10,ОБОРОТНЫЕ АКТИВЫ,T23_000000_t10Ved14.xlsx,68,20,False,DATA,3212
10,ОБОРОТНЫЕ АКТИВЫ,T23_000000_t10Ved14.xlsx,68,21,False,DATA,3212
10,ОБОРОТНЫЕ АКТИВЫ,T23_000000_t10Ved14.xlsx,69,0,False,OKVED_CODE,Образование
10,ОБОРОТНЫЕ АКТИВЫ,T23_000000_t10Ved14.xlsx,69,1,False,OKVED_NAME,-
10,ОБОРОТНЫЕ АКТИВЫ,T23_000000_t10Ved14.xlsx,69,2,False,DATA,-
10,ОБОРОТНЫЕ АКТИВЫ,T23_000000_t10Ved14.xlsx,69,3,False,DATA,-
10,ОБОРОТНЫЕ АКТИВЫ,T23_000000_t10Ved14.xlsx,69,4,False,DATA,-
10,ОБОРОТНЫЕ АКТИВЫ,T23_000000_t10Ved14.xlsx,69,5,False,DATA,-
10,ОБОРОТНЫЕ АКТИВЫ,T23_000000_t10Ved14.xlsx,69,6,False,DATA,-
10,ОБОРОТНЫЕ АКТИВЫ,T23_000000_t10Ved14.xlsx,69,7,False,DATA,-
10,ОБОРОТНЫЕ АКТИВЫ,T23_000000_t10Ved14.xlsx,69,8,False,DATA,-
10,ОБОРОТНЫЕ АКТИВЫ,T23_000000_t10Ved14.xlsx,69,9,False,DATA,1
10,ОБОРОТНЫЕ АКТИВЫ,T23_000000_t10Ved14.xlsx,69,10,False,DATA,1
10,ОБОРОТНЫЕ АКТИВЫ,T23_000000_t10Ved14.xlsx,69,11,False,DATA,1
10,ОБОРОТНЫЕ АКТИВЫ,T23_000000_t10Ved14.xlsx,69,12,False,DATA,1
10,ОБОРОТНЫЕ АКТИВЫ,T23_000000_t10Ved14.xlsx,69,13,False,DATA,161
10,ОБОРОТНЫЕ АКТИВЫ,T23_000000_t10Ved14.xlsx,69,14,False,DATA,161
10,ОБОРОТНЫЕ АКТИВЫ,T23_000000_t10Ved14.xlsx,69,15,False,DATA,161
10,ОБОРОТНЫЕ АКТИВЫ,T23_000000_t10Ved14.xlsx,69,16,False,DATA,161
10,ОБОРОТНЫЕ АКТИВЫ,T23_000000_t10Ved14.xlsx,69,17,False,DATA,-
10,ОБОРОТНЫЕ АКТИВЫ,T23_000000_t10Ved14.xlsx,69,18,False,DATA,-
10,ОБОРОТНЫЕ АКТИВЫ,T23_000000_t10Ved14.xlsx,69,19,False,DATA,-
10,ОБОРОТНЫЕ АКТИВЫ,T23_000000_t10Ved14.xlsx,69,20,False,DATA,-
10,ОБОРОТНЫЕ АКТИВЫ,T23_000000_t10Ved14.xlsx,69,21,False,DATA,-
10,ОБОРОТНЫЕ АКТИВЫ,T23_000000_t10Ved14.xlsx,70,0,False,OKVED_CODE,образование
10,ОБОРОТНЫЕ АКТИВЫ,T23_000000_t10Ved14.xlsx,70,1,False,OKVED_NAME,-
10,ОБОРОТНЫЕ АКТИВЫ,T23_000000_t10Ved14.xlsx,70,2,False,DATA,-
10,ОБОРОТНЫЕ АКТИВЫ,T23_000000_t10Ved14.xlsx,70,3,False,DATA,-
10,ОБОРОТНЫЕ АКТИВЫ,T23_000000_t10Ved14.xlsx,70,4,False,DATA,-
10,ОБОРОТНЫЕ АКТИВЫ,T23_000000_t10Ved14.xlsx,70,5,False,DATA,-
10,ОБОРОТНЫЕ АКТИВЫ,T23_000000_t10Ved14.xlsx,70,6,False,DATA,-
10,ОБОРОТНЫЕ АКТИВЫ,T23_000000_t10Ved14.xlsx,70,7,False,DATA,-
10,ОБОРОТНЫЕ АКТИВЫ,T23_000000_t10Ved14.xlsx,70,8,False,DATA,-
10,ОБОРОТНЫЕ АКТИВЫ,T23_000000_t10Ved14.xlsx,70,9,False,DATA,1
10,ОБОРОТНЫЕ АКТИВЫ,T23_000000_t10Ved14.xlsx,70,10,False,DATA,1
10,ОБОРОТНЫЕ АКТИВЫ,T23_000000_t10Ved14.xlsx,70,11,False,DATA,1
10,ОБОРОТНЫЕ АКТИВЫ,T23_000000_t10Ved14.xlsx,70,12,False,DATA,1
10,ОБОРОТНЫЕ АКТИВЫ,T23_000000_t10Ved14.xlsx,70,13,False,DATA,161
10,ОБОРОТНЫЕ АКТИВЫ,T23_000000_t10Ved14.xlsx,70,14,False,DATA,161
10,ОБОРОТНЫЕ АКТИВЫ,T23_000000_t10Ved14.xlsx,70,15,False,DATA,161
10,ОБОРОТНЫЕ АКТИВЫ,T23_000000_t10Ved14.xlsx,70,16,False,DATA,161
10,ОБОРОТНЫЕ АКТИВЫ,T23_000000_t10Ved14.xlsx,70,17,False,DATA,-
10,ОБОРОТНЫЕ АКТИВЫ,T23_000000_t10Ved14.xlsx,70,18,False,DATA,-
10,ОБОРОТНЫЕ АКТИВЫ,T23_000000_t10Ved14.xlsx,70,19,False,DATA,-
10,ОБОРОТНЫЕ АКТИВЫ,T23_000000_t10Ved14.xlsx,70,20,False,DATA,-
10,ОБОРОТНЫЕ АКТИВЫ,T23_000000_t10Ved14.xlsx,70,21,False,DATA,-
10,ОБОРОТНЫЕ АКТИВЫ,T23_000000_t10Ved14.xlsx,71,0,False,OKVED_CODE,Деятельность в области здравоохранения и социальных услуг
10,ОБОРОТНЫЕ АКТИВЫ,T23_000000_t10Ved14.xlsx,71,1,False,OKVED_NAME,-
10,ОБОРОТНЫЕ АКТИВЫ,T23_000000_t10Ved14.xlsx,71,2,False,DATA,-
10,ОБОРОТНЫЕ АКТИВЫ,T23_000000_t10Ved14.xlsx,71,3,False,DATA,-
10,ОБОРОТНЫЕ АКТИВЫ,T23_000000_t10Ved14.xlsx,71,4,False,DATA,-
10,ОБОРОТНЫЕ АКТИВЫ,T23_000000_t10Ved14.xlsx,71,5,False,DATA,-
10,ОБОРОТНЫЕ АКТИВЫ,T23_000000_t10Ved14.xlsx,71,6,False,DATA,-
10,ОБОРОТНЫЕ АКТИВЫ,T23_000000_t10Ved14.xlsx,71,7,False,DATA,-
10,ОБОРОТНЫЕ АКТИВЫ,T23_000000_t10Ved14.xlsx,71,8,False,DATA,-
10,ОБОРОТНЫЕ АКТИВЫ,T23_000000_t10Ved14.xlsx,71,9,False,DATA,20291
10,ОБОРОТНЫЕ АКТИВЫ,T23_000000_t10Ved14.xlsx,71,10,False,DATA,20291
10,ОБОРОТНЫЕ АКТИВЫ,T23_000000_t10Ved14.xlsx,71,11,False,DATA,20291
10,ОБОРОТНЫЕ АКТИВЫ,T23_000000_t10Ved14.xlsx,71,12,False,DATA,20291
10,ОБОРОТНЫЕ АКТИВЫ,T23_000000_t10Ved14.xlsx,71,13,False,DATA,30953
10,ОБОРОТНЫЕ АКТИВЫ,T23_000000_t10Ved14.xlsx,71,14,False,DATA,30953
10,ОБОРОТНЫЕ АКТИВЫ,T23_000000_t10Ved14.xlsx,71,15,False,DATA,30953
10,ОБОРОТНЫЕ АКТИВЫ,T23_000000_t10Ved14.xlsx,71,16,False,DATA,30953
10,ОБОРОТНЫЕ АКТИВЫ,T23_000000_t10Ved14.xlsx,71,17,False,DATA,2
10,ОБОРОТНЫЕ АКТИВЫ,T23_000000_t10Ved14.xlsx,71,18,False,DATA,2
10,ОБОРОТНЫЕ АКТИВЫ,T23_000000_t10Ved14.xlsx,71,19,False,DATA,1
10,ОБОРОТНЫЕ АКТИВЫ,T23_000000_t10Ved14.xlsx,71,20,False,DATA,1
10,ОБОРОТНЫЕ АКТИВЫ,T23_000000_t10Ved14.xlsx,71,21,False,DATA,1
10,ОБОРОТНЫЕ АКТИВЫ,T23_000000_t10Ved14.xlsx,72,0,False,OKVED_CODE,деятельность в области здравоохранения
10,ОБОРОТНЫЕ АКТИВЫ,T23_000000_t10Ved14.xlsx,72,1,False,OKVED_NAME,-
10,ОБОРОТНЫЕ АКТИВЫ,T23_000000_t10Ved14.xlsx,72,2,False,DATA,-
10,ОБОРОТНЫЕ АКТИВЫ,T23_000000_t10Ved14.xlsx,72,3,False,DATA,-
10,ОБОРОТНЫЕ АКТИВЫ,T23_000000_t10Ved14.xlsx,72,4,False,DATA,-
10,ОБОРОТНЫЕ АКТИВЫ,T23_000000_t10Ved14.xlsx,72,5,False,DATA,-
10,ОБОРОТНЫЕ АКТИВЫ,T23_000000_t10Ved14.xlsx,72,6,False,DATA,-
10,ОБОРОТНЫЕ АКТИВЫ,T23_000000_t10Ved14.xlsx,72,7,False,DATA,-
10,ОБОРОТНЫЕ АКТИВЫ,T23_000000_t10Ved14.xlsx,72,8,False,DATA,-
10,ОБОРОТНЫЕ АКТИВЫ,T23_000000_t10Ved14.xlsx,72,9,False,DATA,19780
10,ОБОРОТНЫЕ АКТИВЫ,T23_000000_t10Ved14.xlsx,72,10,False,DATA,19780
10,ОБОРОТНЫЕ АКТИВЫ,T23_000000_t10Ved14.xlsx,72,11,False,DATA,19780
10,ОБОРОТНЫЕ АКТИВЫ,T23_000000_t10Ved14.xlsx,72,12,False,DATA,19780
10,ОБОРОТНЫЕ АКТИВЫ,T23_000000_t10Ved14.xlsx,72,13,False,DATA,30073
10,ОБОРОТНЫЕ АКТИВЫ,T23_000000_t10Ved14.xlsx,72,14,False,DATA,30073
10,ОБОРОТНЫЕ АКТИВЫ,T23_000000_t10Ved14.xlsx,72,15,False,DATA,30073
10,ОБОРОТНЫЕ АКТИВЫ,T23_000000_t10Ved14.xlsx,72,16,False,DATA,30073
10,ОБОРОТНЫЕ АКТИВЫ,T23_000000_t10Ved14.xlsx,72,17,False,DATA,1
10,ОБОРОТНЫЕ АКТИВЫ,T23_000000_t10Ved14.xlsx,72,18,False,DATA,1
10,ОБОРОТНЫЕ АКТИВЫ,T23_000000_t10Ved14.xlsx,72,19,False,DATA,-
10,ОБОРОТНЫЕ АКТИВЫ,T23_000000_t10Ved14.xlsx,72,20,False,DATA,-
10,ОБОРОТНЫЕ АКТИВЫ,T23_000000_t10Ved14.xlsx,72,21,False,DATA,-
10,ОБОРОТНЫЕ АКТИВЫ,T23_000000_t10Ved14.xlsx,73,0,False,OKVED_CODE,"предоставление социальных услуг
без обеспечения проживания"
10,ОБОРОТНЫЕ АКТИВЫ,T23_000000_t10Ved14.xlsx,73,1,False,OKVED_NAME,-
10,ОБОРОТНЫЕ АКТИВЫ,T23_000000_t10Ved14.xlsx,73,2,False,DATA,-
10,ОБОРОТНЫЕ АКТИВЫ,T23_000000_t10Ved14.xlsx,73,3,False,DATA,-
10,ОБОРОТНЫЕ АКТИВЫ,T23_000000_t10Ved14.xlsx,73,4,False,DATA,-
10,ОБОРОТНЫЕ АКТИВЫ,T23_000000_t10Ved14.xlsx,73,5,False,DATA,-
10,ОБОРОТНЫЕ АКТИВЫ,T23_000000_t10Ved14.xlsx,73,6,False,DATA,-
10,ОБОРОТНЫЕ АКТИВЫ,T23_000000_t10Ved14.xlsx,73,7,False,DATA,-
10,ОБОРОТНЫЕ АКТИВЫ,T23_000000_t10Ved14.xlsx,73,8,False,DATA,-
10,ОБОРОТНЫЕ АКТИВЫ,T23_000000_t10Ved14.xlsx,73,9,False,DATA,511
10,ОБОРОТНЫЕ АКТИВЫ,T23_000000_t10Ved14.xlsx,73,10,False,DATA,511
10,ОБОРОТНЫЕ АКТИВЫ,T23_000000_t10Ved14.xlsx,73,11,False,DATA,511
10,ОБОРОТНЫЕ АКТИВЫ,T23_000000_t10Ved14.xlsx,73,12,False,DATA,511
10,ОБОРОТНЫЕ АКТИВЫ,T23_000000_t10Ved14.xlsx,73,13,False,DATA,880
10,ОБОРОТНЫЕ АКТИВЫ,T23_000000_t10Ved14.xlsx,73,14,False,DATA,880
10,ОБОРОТНЫЕ АКТИВЫ,T23_000000_t10Ved14.xlsx,73,15,False,DATA,880
10,ОБОРОТНЫЕ АКТИВЫ,T23_000000_t10Ved14.xlsx,73,16,False,DATA,880
10,ОБОРОТНЫЕ АКТИВЫ,T23_000000_t10Ved14.xlsx,73,17,False,DATA,1
10,ОБОРОТНЫЕ АКТИВЫ,T23_000000_t10Ved14.xlsx,73,18,False,DATA,1
10,ОБОРОТНЫЕ АКТИВЫ,T23_000000_t10Ved14.xlsx,73,19,False,DATA,1
10,ОБОРОТНЫЕ АКТИВЫ,T23_000000_t10Ved14.xlsx,73,20,False,DATA,1
10,ОБОРОТНЫЕ АКТИВЫ,T23_000000_t10Ved14.xlsx,73,21,False,DATA,1
10,ОБОРОТНЫЕ АКТИВЫ,T23_000000_t10Ved14.xlsx,74,0,False,OKVED_CODE,
10,ОБОРОТНЫЕ АКТИВЫ,T23_000000_t10Ved14.xlsx,74,1,False,OKVED_NAME,
10,ОБОРОТНЫЕ АКТИВЫ,T23_000000_t10Ved14.xlsx,74,2,False,EMPTY,
10,ОБОРОТНЫЕ АКТИВЫ,T23_000000_t10Ved14.xlsx,74,3,False,EMPTY,
10,ОБОРОТНЫЕ АКТИВЫ,T23_000000_t10Ved14.xlsx,74,4,False,EMPTY,
10,ОБОРОТНЫЕ АКТИВЫ,T23_000000_t10Ved14.xlsx,74,5,False,EMPTY,
10,ОБОРОТНЫЕ АКТИВЫ,T23_000000_t10Ved14.xlsx,74,6,False,EMPTY,
10,ОБОРОТНЫЕ АКТИВЫ,T23_000000_t10Ved14.xlsx,74,7,False,EMPTY,
10,ОБОРОТНЫЕ АКТИВЫ,T23_000000_t10Ved14.xlsx,74,8,False,EMPTY,
10,ОБОРОТНЫЕ АКТИВЫ,T23_000000_t10Ved14.xlsx,74,9,False,EMPTY,
10,ОБОРОТНЫЕ АКТИВЫ,T23_000000_t10Ved14.xlsx,74,10,False,EMPTY,
10,ОБОРОТНЫЕ АКТИВЫ,T23_000000_t10Ved14.xlsx,74,11,False,EMPTY,
10,ОБОРОТНЫЕ АКТИВЫ,T23_000000_t10Ved14.xlsx,74,12,False,EMPTY,
10,ОБОРОТНЫЕ АКТИВЫ,T23_000000_t10Ved14.xlsx,74,13,False,EMPTY,
10,ОБОРОТНЫЕ АКТИВЫ,T23_000000_t10Ved14.xlsx,74,14,False,EMPTY,
10,ОБОРОТНЫЕ АКТИВЫ,T23_000000_t10Ved14.xlsx,74,15,False,EMPTY,
10,ОБОРОТНЫЕ АКТИВЫ,T23_000000_t10Ved14.xlsx,74,16,False,EMPTY,
10,ОБОРОТНЫЕ АКТИВЫ,T23_000000_t10Ved14.xlsx,74,17,False,EMPTY,
10,ОБОРОТНЫЕ АКТИВЫ,T23_000000_t10Ved14.xlsx,74,18,False,EMPTY,
10,ОБОРОТНЫЕ АКТИВЫ,T23_000000_t10Ved14.xlsx,74,19,False,EMPTY,
10,ОБОРОТНЫЕ АКТИВЫ,T23_000000_t10Ved14.xlsx,74,20,False,EMPTY,
10,ОБОРОТНЫЕ АКТИВЫ,T23_000000_t10Ved14.xlsx,74,21,False,EMPTY,
10,ОБОРОТНЫЕ АКТИВЫ,T23_000000_t10Ved14.xlsx,75,0,False,OKVED_CODE,
10,ОБОРОТНЫЕ АКТИВЫ,T23_000000_t10Ved14.xlsx,75,1,False,OKVED_NAME,
10,ОБОРОТНЫЕ АКТИВЫ,T23_000000_t10Ved14.xlsx,75,2,False,EMPTY,
10,ОБОРОТНЫЕ АКТИВЫ,T23_000000_t10Ved14.xlsx,75,3,False,EMPTY,
10,ОБОРОТНЫЕ АКТИВЫ,T23_000000_t10Ved14.xlsx,75,4,False,EMPTY,
10,ОБОРОТНЫЕ АКТИВЫ,T23_000000_t10Ved14.xlsx,75,5,False,EMPTY,
10,ОБОРОТНЫЕ АКТИВЫ,T23_000000_t10Ved14.xlsx,75,6,False,EMPTY,
10,ОБОРОТНЫЕ АКТИВЫ,T23_000000_t10Ved14.xlsx,75,7,False,EMPTY,
10,ОБОРОТНЫЕ АКТИВЫ,T23_000000_t10Ved14.xlsx,75,8,False,EMPTY,
10,ОБОРОТНЫЕ АКТИВЫ,T23_000000_t10Ved14.xlsx,75,9,False,EMPTY,
10,ОБОРОТНЫЕ АКТИВЫ,T23_000000_t10Ved14.xlsx,75,10,False,EMPTY,
10,ОБОРОТНЫЕ АКТИВЫ,T23_000000_t10Ved14.xlsx,75,11,False,EMPTY,
10,ОБОРОТНЫЕ АКТИВЫ,T23_000000_t10Ved14.xlsx,75,12,False,EMPTY,
10,ОБОРОТНЫЕ АКТИВЫ,T23_000000_t10Ved14.xlsx,75,13,False,EMPTY,
10,ОБОРОТНЫЕ АКТИВЫ,T23_000000_t10Ved14.xlsx,75,14,False,EMPTY,
10,ОБОРОТНЫЕ АКТИВЫ,T23_000000_t10Ved14.xlsx,75,15,False,EMPTY,
10,ОБОРОТНЫЕ АКТИВЫ,T23_000000_t10Ved14.xlsx,75,16,False,DATA,Продолжение таблицы 4.
10,ОБОРОТНЫЕ АКТИВЫ,T23_000000_t10Ved14.xlsx,75,17,False,DATA,Продолжение таблицы 4.
10,ОБОРОТНЫЕ АКТИВЫ,T23_000000_t10Ved14.xlsx,75,18,False,DATA,Продолжение таблицы 4.
10,ОБОРОТНЫЕ АКТИВЫ,T23_000000_t10Ved14.xlsx,75,19,False,DATA,Продолжение таблицы 4.
10,ОБОРОТНЫЕ АКТИВЫ,T23_000000_t10Ved14.xlsx,75,20,False,DATA,Продолжение таблицы 4.
10,ОБОРОТНЫЕ АКТИВЫ,T23_000000_t10Ved14.xlsx,76,0,False,OKVED_CODE,
10,ОБОРОТНЫЕ АКТИВЫ,T23_000000_t10Ved14.xlsx,76,1,False,OKVED_NAME,
10,ОБОРОТНЫЕ АКТИВЫ,T23_000000_t10Ved14.xlsx,76,2,False,DATA,в том числе из оборотных активов
10,ОБОРОТНЫЕ АКТИВЫ,T23_000000_t10Ved14.xlsx,76,3,False,DATA,в том числе из оборотных активов
10,ОБОРОТНЫЕ АКТИВЫ,T23_000000_t10Ved14.xlsx,76,4,False,DATA,в том числе из оборотных активов
10,ОБОРОТНЫЕ АКТИВЫ,T23_000000_t10Ved14.xlsx,76,5,False,DATA,в том числе из оборотных активов
10,ОБОРОТНЫЕ АКТИВЫ,T23_000000_t10Ved14.xlsx,76,6,False,DATA,в том числе из оборотных активов
10,ОБОРОТНЫЕ АКТИВЫ,T23_000000_t10Ved14.xlsx,76,7,False,DATA,в том числе из оборотных активов
10,ОБОРОТНЫЕ АКТИВЫ,T23_000000_t10Ved14.xlsx,76,8,False,DATA,в том числе из оборотных активов
10,ОБОРОТНЫЕ АКТИВЫ,T23_000000_t10Ved14.xlsx,76,9,False,DATA,в том числе из оборотных активов
10,ОБОРОТНЫЕ АКТИВЫ,T23_000000_t10Ved14.xlsx,76,10,False,DATA,в том числе из оборотных активов
10,ОБОРОТНЫЕ АКТИВЫ,T23_000000_t10Ved14.xlsx,76,11,False,DATA,в том числе из оборотных активов
10,ОБОРОТНЫЕ АКТИВЫ,T23_000000_t10Ved14.xlsx,76,12,False,DATA,в том числе из оборотных активов
10,ОБОРОТНЫЕ АКТИВЫ,T23_000000_t10Ved14.xlsx,76,13,False,DATA,в том числе из оборотных активов
10,ОБОРОТНЫЕ АКТИВЫ,T23_000000_t10Ved14.xlsx,76,14,False,DATA,в том числе из оборотных активов
10,ОБОРОТНЫЕ АКТИВЫ,T23_000000_t10Ved14.xlsx,76,15,False,DATA,в том числе из оборотных активов
10,ОБОРОТНЫЕ АКТИВЫ,T23_000000_t10Ved14.xlsx,76,16,False,DATA,в том числе из оборотных активов
10,ОБОРОТНЫЕ АКТИВЫ,T23_000000_t10Ved14.xlsx,76,17,False,DATA,в том числе из оборотных активов
10,ОБОРОТНЫЕ АКТИВЫ,T23_000000_t10Ved14.xlsx,76,18,False,DATA,в том числе из оборотных активов
10,ОБОРОТНЫЕ АКТИВЫ,T23_000000_t10Ved14.xlsx,76,19,False,DATA,в том числе из оборотных активов
10,ОБОРОТНЫЕ АКТИВЫ,T23_000000_t10Ved14.xlsx,76,20,False,DATA,в том числе из оборотных активов
10,ОБОРОТНЫЕ АКТИВЫ,T23_000000_t10Ved14.xlsx,77,0,False,OKVED_CODE,
10,ОБОРОТНЫЕ АКТИВЫ,T23_000000_t10Ved14.xlsx,77,1,False,OKVED_NAME,
10,ОБОРОТНЫЕ АКТИВЫ,T23_000000_t10Ved14.xlsx,77,2,False,DATA,краткосрочные финансовые вложения (за исключением денежных эквивалентов)
10,ОБОРОТНЫЕ АКТИВЫ,T23_000000_t10Ved14.xlsx,77,3,False,DATA,краткосрочные финансовые вложения (за исключением денежных эквивалентов)
10,ОБОРОТНЫЕ АКТИВЫ,T23_000000_t10Ved14.xlsx,77,4,False,DATA,краткосрочные финансовые вложения (за исключением денежных эквивалентов)
10,ОБОРОТНЫЕ АКТИВЫ,T23_000000_t10Ved14.xlsx,77,5,False,DATA,краткосрочные финансовые вложения (за исключением денежных эквивалентов)
10,ОБОРОТНЫЕ АКТИВЫ,T23_000000_t10Ved14.xlsx,77,6,False,DATA,краткосрочные финансовые вложения (за исключением денежных эквивалентов)
10,ОБОРОТНЫЕ АКТИВЫ,T23_000000_t10Ved14.xlsx,77,7,False,DATA,краткосрочные финансовые вложения (за исключением денежных эквивалентов)
10,ОБОРОТНЫЕ АКТИВЫ,T23_000000_t10Ved14.xlsx,77,8,False,DATA,краткосрочные финансовые вложения (за исключением денежных эквивалентов)
10,ОБОРОТНЫЕ АКТИВЫ,T23_000000_t10Ved14.xlsx,77,9,False,DATA,краткосрочные финансовые вложения (за исключением денежных эквивалентов)
10,ОБОРОТНЫЕ АКТИВЫ,T23_000000_t10Ved14.xlsx,77,10,False,DATA,денежные средства и денежные эквиваленты
10,ОБОРОТНЫЕ АКТИВЫ,T23_000000_t10Ved14.xlsx,77,11,False,DATA,денежные средства и денежные эквиваленты
10,ОБОРОТНЫЕ АКТИВЫ,T23_000000_t10Ved14.xlsx,77,12,False,DATA,денежные средства и денежные эквиваленты
10,ОБОРОТНЫЕ АКТИВЫ,T23_000000_t10Ved14.xlsx,77,13,False,DATA,денежные средства и денежные эквиваленты
10,ОБОРОТНЫЕ АКТИВЫ,T23_000000_t10Ved14.xlsx,77,14,False,DATA,денежные средства и денежные эквиваленты
10,ОБОРОТНЫЕ АКТИВЫ,T23_000000_t10Ved14.xlsx,77,15,False,DATA,денежные средства и денежные эквиваленты
10,ОБОРОТНЫЕ АКТИВЫ,T23_000000_t10Ved14.xlsx,77,16,False,DATA,денежные средства и денежные эквиваленты
10,ОБОРОТНЫЕ АКТИВЫ,T23_000000_t10Ved14.xlsx,77,17,False,DATA,денежные средства и денежные эквиваленты
10,ОБОРОТНЫЕ АКТИВЫ,T23_000000_t10Ved14.xlsx,77,18,False,DATA,прочие оборотные активы
10,ОБОРОТНЫЕ АКТИВЫ,T23_000000_t10Ved14.xlsx,77,19,False,DATA,прочие оборотные активы
10,ОБОРОТНЫЕ АКТИВЫ,T23_000000_t10Ved14.xlsx,77,20,False,DATA,прочие оборотные активы
10,ОБОРОТНЫЕ АКТИВЫ,T23_000000_t10Ved14.xlsx,78,0,False,OKVED_CODE,
10,ОБОРОТНЫЕ АКТИВЫ,T23_000000_t10Ved14.xlsx,78,1,False,OKVED_NAME,
10,ОБОРОТНЫЕ АКТИВЫ,T23_000000_t10Ved14.xlsx,78,2,False,DATA,краткосрочные финансовые вложения (за исключением денежных эквивалентов)
10,ОБОРОТНЫЕ АКТИВЫ,T23_000000_t10Ved14.xlsx,78,3,False,DATA,краткосрочные финансовые вложения (за исключением денежных эквивалентов)
10,ОБОРОТНЫЕ АКТИВЫ,T23_000000_t10Ved14.xlsx,78,4,False,DATA,краткосрочные финансовые вложения (за исключением денежных эквивалентов)
10,ОБОРОТНЫЕ АКТИВЫ,T23_000000_t10Ved14.xlsx,78,5,False,DATA,краткосрочные финансовые вложения (за исключением денежных эквивалентов)
10,ОБОРОТНЫЕ АКТИВЫ,T23_000000_t10Ved14.xlsx,78,6,False,DATA,краткосрочные финансовые вложения (за исключением денежных эквивалентов)
10,ОБОРОТНЫЕ АКТИВЫ,T23_000000_t10Ved14.xlsx,78,7,False,DATA,краткосрочные финансовые вложения (за исключением денежных эквивалентов)
10,ОБОРОТНЫЕ АКТИВЫ,T23_000000_t10Ved14.xlsx,78,8,False,DATA,краткосрочные финансовые вложения (за исключением денежных эквивалентов)
10,ОБОРОТНЫЕ АКТИВЫ,T23_000000_t10Ved14.xlsx,78,9,False,DATA,краткосрочные финансовые вложения (за исключением денежных эквивалентов)
10,ОБОРОТНЫЕ АКТИВЫ,T23_000000_t10Ved14.xlsx,78,10,False,DATA,денежные средства и денежные эквиваленты
10,ОБОРОТНЫЕ АКТИВЫ,T23_000000_t10Ved14.xlsx,78,11,False,DATA,денежные средства и денежные эквиваленты
10,ОБОРОТНЫЕ АКТИВЫ,T23_000000_t10Ved14.xlsx,78,12,False,DATA,денежные средства и денежные эквиваленты
10,ОБОРОТНЫЕ АКТИВЫ,T23_000000_t10Ved14.xlsx,78,13,False,DATA,денежные средства и денежные эквиваленты
10,ОБОРОТНЫЕ АКТИВЫ,T23_000000_t10Ved14.xlsx,78,14,False,DATA,денежные средства и денежные эквиваленты
10,ОБОРОТНЫЕ АКТИВЫ,T23_000000_t10Ved14.xlsx,78,15,False,DATA,денежные средства и денежные эквиваленты
10,ОБОРОТНЫЕ АКТИВЫ,T23_000000_t10Ved14.xlsx,78,16,False,DATA,денежные средства и денежные эквиваленты
10,ОБОРОТНЫЕ АКТИВЫ,T23_000000_t10Ved14.xlsx,78,17,False,DATA,денежные средства и денежные эквиваленты
10,ОБОРОТНЫЕ АКТИВЫ,T23_000000_t10Ved14.xlsx,78,18,False,DATA,прочие оборотные активы
10,ОБОРОТНЫЕ АКТИВЫ,T23_000000_t10Ved14.xlsx,78,19,False,DATA,прочие оборотные активы
10,ОБОРОТНЫЕ АКТИВЫ,T23_000000_t10Ved14.xlsx,78,20,False,DATA,прочие оборотные активы
10,ОБОРОТНЫЕ АКТИВЫ,T23_000000_t10Ved14.xlsx,79,0,False,OKVED_CODE,
10,ОБОРОТНЫЕ АКТИВЫ,T23_000000_t10Ved14.xlsx,79,1,False,OKVED_NAME,
10,ОБОРОТНЫЕ АКТИВЫ,T23_000000_t10Ved14.xlsx,79,2,False,DATA,2022
10,ОБОРОТНЫЕ АКТИВЫ,T23_000000_t10Ved14.xlsx,79,3,False,DATA,2022
10,ОБОРОТНЫЕ АКТИВЫ,T23_000000_t10Ved14.xlsx,79,4,False,DATA,2022
10,ОБОРОТНЫЕ АКТИВЫ,T23_000000_t10Ved14.xlsx,79,5,False,DATA,2022
10,ОБОРОТНЫЕ АКТИВЫ,T23_000000_t10Ved14.xlsx,79,6,False,DATA,2023
10,ОБОРОТНЫЕ АКТИВЫ,T23_000000_t10Ved14.xlsx,79,7,False,DATA,2023
10,ОБОРОТНЫЕ АКТИВЫ,T23_000000_t10Ved14.xlsx,79,8,False,DATA,2023
10,ОБОРОТНЫЕ АКТИВЫ,T23_000000_t10Ved14.xlsx,79,9,False,DATA,2023
10,ОБОРОТНЫЕ АКТИВЫ,T23_000000_t10Ved14.xlsx,79,10,False,DATA,2022
10,ОБОРОТНЫЕ АКТИВЫ,T23_000000_t10Ved14.xlsx,79,11,False,DATA,2022
10,ОБОРОТНЫЕ АКТИВЫ,T23_000000_t10Ved14.xlsx,79,12,False,DATA,2022
10,ОБОРОТНЫЕ АКТИВЫ,T23_000000_t10Ved14.xlsx,79,13,False,DATA,2022
10,ОБОРОТНЫЕ АКТИВЫ,T23_000000_t10Ved14.xlsx,79,14,False,DATA,2023
10,ОБОРОТНЫЕ АКТИВЫ,T23_000000_t10Ved14.xlsx,79,15,False,DATA,2023
10,ОБОРОТНЫЕ АКТИВЫ,T23_000000_t10Ved14.xlsx,79,16,False,DATA,2023
10,ОБОРОТНЫЕ АКТИВЫ,T23_000000_t10Ved14.xlsx,79,17,False,DATA,2023
10,ОБОРОТНЫЕ АКТИВЫ,T23_000000_t10Ved14.xlsx,79,18,False,DATA,2022
10,ОБОРОТНЫЕ АКТИВЫ,T23_000000_t10Ved14.xlsx,79,19,False,DATA,2022
10,ОБОРОТНЫЕ АКТИВЫ,T23_000000_t10Ved14.xlsx,79,20,False,DATA,2023
10,ОБОРОТНЫЕ АКТИВЫ,T23_000000_t10Ved14.xlsx,80,0,False,OKVED_CODE,"Деятельность в области культуры, спорта, организации досуга 
и развлечений"
10,ОБОРОТНЫЕ АКТИВЫ,T23_000000_t10Ved14.xlsx,80,1,False,OKVED_NAME,"Деятельность в области культуры, спорта, организации досуга 
и развлечений"
10,ОБОРОТНЫЕ АКТИВЫ,T23_000000_t10Ved14.xlsx,80,2,False,DATA,-
10,ОБОРОТНЫЕ АКТИВЫ,T23_000000_t10Ved14.xlsx,80,3,False,DATA,-
10,ОБОРОТНЫЕ АКТИВЫ,T23_000000_t10Ved14.xlsx,80,4,False,DATA,-
10,ОБОРОТНЫЕ АКТИВЫ,T23_000000_t10Ved14.xlsx,80,5,False,DATA,-
10,ОБОРОТНЫЕ АКТИВЫ,T23_000000_t10Ved14.xlsx,80,6,False,DATA,-
10,ОБОРОТНЫЕ АКТИВЫ,T23_000000_t10Ved14.xlsx,80,7,False,DATA,-
10,ОБОРОТНЫЕ АКТИВЫ,T23_000000_t10Ved14.xlsx,80,8,False,DATA,-
10,ОБОРОТНЫЕ АКТИВЫ,T23_000000_t10Ved14.xlsx,80,9,False,DATA,-
10,ОБОРОТНЫЕ АКТИВЫ,T23_000000_t10Ved14.xlsx,80,10,False,DATA,269
10,ОБОРОТНЫЕ АКТИВЫ,T23_000000_t10Ved14.xlsx,80,11,False,DATA,269
10,ОБОРОТНЫЕ АКТИВЫ,T23_000000_t10Ved14.xlsx,80,12,False,DATA,269
10,ОБОРОТНЫЕ АКТИВЫ,T23_000000_t10Ved14.xlsx,80,13,False,DATA,269
10,ОБОРОТНЫЕ АКТИВЫ,T23_000000_t10Ved14.xlsx,80,14,False,DATA,32
10,ОБОРОТНЫЕ АКТИВЫ,T23_000000_t10Ved14.xlsx,80,15,False,DATA,32
10,ОБОРОТНЫЕ АКТИВЫ,T23_000000_t10Ved14.xlsx,80,16,False,DATA,32
10,ОБОРОТНЫЕ АКТИВЫ,T23_000000_t10Ved14.xlsx,80,17,False,DATA,32
10,ОБОРОТНЫЕ АКТИВЫ,T23_000000_t10Ved14.xlsx,80,18,False,DATA,-
10,ОБОРОТНЫЕ АКТИВЫ,T23_000000_t10Ved14.xlsx,80,19,False,DATA,-
10,ОБОРОТНЫЕ АКТИВЫ,T23_000000_t10Ved14.xlsx,80,20,False,DATA,-
10,ОБОРОТНЫЕ АКТИВЫ,T23_000000_t10Ved14.xlsx,81,0,False,OKVED_CODE,"деятельность в области спорта, отдыха
и развлечений"
10,ОБОРОТНЫЕ АКТИВЫ,T23_000000_t10Ved14.xlsx,81,1,False,OKVED_NAME,"деятельность в области спорта, отдыха
и развлечений"
10,ОБОРОТНЫЕ АКТИВЫ,T23_000000_t10Ved14.xlsx,81,2,False,DATA,-
10,ОБОРОТНЫЕ АКТИВЫ,T23_000000_t10Ved14.xlsx,81,3,False,DATA,-
10,ОБОРОТНЫЕ АКТИВЫ,T23_000000_t10Ved14.xlsx,81,4,False,DATA,-
10,ОБОРОТНЫЕ АКТИВЫ,T23_000000_t10Ved14.xlsx,81,5,False,DATA,-
10,ОБОРОТНЫЕ АКТИВЫ,T23_000000_t10Ved14.xlsx,81,6,False,DATA,-
10,ОБОРОТНЫЕ АКТИВЫ,T23_000000_t10Ved14.xlsx,81,7,False,DATA,-
10,ОБОРОТНЫЕ АКТИВЫ,T23_000000_t10Ved14.xlsx,81,8,False,DATA,-
10,ОБОРОТНЫЕ АКТИВЫ,T23_000000_t10Ved14.xlsx,81,9,False,DATA,-
10,ОБОРОТНЫЕ АКТИВЫ,T23_000000_t10Ved14.xlsx,81,10,False,DATA,269
10,ОБОРОТНЫЕ АКТИВЫ,T23_000000_t10Ved14.xlsx,81,11,False,DATA,269
10,ОБОРОТНЫЕ АКТИВЫ,T23_000000_t10Ved14.xlsx,81,12,False,DATA,269
10,ОБОРОТНЫЕ АКТИВЫ,T23_000000_t10Ved14.xlsx,81,13,False,DATA,269
10,ОБОРОТНЫЕ АКТИВЫ,T23_000000_t10Ved14.xlsx,81,14,False,DATA,32
10,ОБОРОТНЫЕ АКТИВЫ,T23_000000_t10Ved14.xlsx,81,15,False,DATA,32
10,ОБОРОТНЫЕ АКТИВЫ,T23_000000_t10Ved14.xlsx,81,16,False,DATA,32
10,ОБОРОТНЫЕ АКТИВЫ,T23_000000_t10Ved14.xlsx,81,17,False,DATA,32
10,ОБОРОТНЫЕ АКТИВЫ,T23_000000_t10Ved14.xlsx,81,18,False,DATA,-
10,ОБОРОТНЫЕ АКТИВЫ,T23_000000_t10Ved14.xlsx,81,19,False,DATA,-
10,ОБОРОТНЫЕ АКТИВЫ,T23_000000_t10Ved14.xlsx,81,20,False,DATA,-
10,ОБОРОТНЫЕ АКТИВЫ,T23_000000_t10Ved14.xlsx,82,0,False,OKVED_CODE,Предоставление прочих видов услуг
10,ОБОРОТНЫЕ АКТИВЫ,T23_000000_t10Ved14.xlsx,82,1,False,OKVED_NAME,Предоставление прочих видов услуг
10,ОБОРОТНЫЕ АКТИВЫ,T23_000000_t10Ved14.xlsx,82,2,False,DATA,32000
10,ОБОРОТНЫЕ АКТИВЫ,T23_000000_t10Ved14.xlsx,82,3,False,DATA,32000
10,ОБОРОТНЫЕ АКТИВЫ,T23_000000_t10Ved14.xlsx,82,4,False,DATA,32000
10,ОБОРОТНЫЕ АКТИВЫ,T23_000000_t10Ved14.xlsx,82,5,False,DATA,32000
10,ОБОРОТНЫЕ АКТИВЫ,T23_000000_t10Ved14.xlsx,82,6,False,DATA,38800
10,ОБОРОТНЫЕ АКТИВЫ,T23_000000_t10Ved14.xlsx,82,7,False,DATA,38800
10,ОБОРОТНЫЕ АКТИВЫ,T23_000000_t10Ved14.xlsx,82,8,False,DATA,38800
10,ОБОРОТНЫЕ АКТИВЫ,T23_000000_t10Ved14.xlsx,82,9,False,DATA,38800
10,ОБОРОТНЫЕ АКТИВЫ,T23_000000_t10Ved14.xlsx,82,10,False,DATA,443529
10,ОБОРОТНЫЕ АКТИВЫ,T23_000000_t10Ved14.xlsx,82,11,False,DATA,443529
10,ОБОРОТНЫЕ АКТИВЫ,T23_000000_t10Ved14.xlsx,82,12,False,DATA,443529
10,ОБОРОТНЫЕ АКТИВЫ,T23_000000_t10Ved14.xlsx,82,13,False,DATA,443529
10,ОБОРОТНЫЕ АКТИВЫ,T23_000000_t10Ved14.xlsx,82,14,False,DATA,492938
10,ОБОРОТНЫЕ АКТИВЫ,T23_000000_t10Ved14.xlsx,82,15,False,DATA,492938
10,ОБОРОТНЫЕ АКТИВЫ,T23_000000_t10Ved14.xlsx,82,16,False,DATA,492938
10,ОБОРОТНЫЕ АКТИВЫ,T23_000000_t10Ved14.xlsx,82,17,False,DATA,492938
10,ОБОРОТНЫЕ АКТИВЫ,T23_000000_t10Ved14.xlsx,82,18,False,DATA,128
10,ОБОРОТНЫЕ АКТИВЫ,T23_000000_t10Ved14.xlsx,82,19,False,DATA,128
10,ОБОРОТНЫЕ АКТИВЫ,T23_000000_t10Ved14.xlsx,82,20,False,DATA,297
10,ОБОРОТНЫЕ АКТИВЫ,T23_000000_t10Ved14.xlsx,83,0,False,OKVED_CODE,деятельность общественных и прочих некоммерческих организаций
10,ОБОРОТНЫЕ АКТИВЫ,T23_000000_t10Ved14.xlsx,83,1,False,OKVED_NAME,деятельность общественных и прочих некоммерческих организаций
10,ОБОРОТНЫЕ АКТИВЫ,T23_000000_t10Ved14.xlsx,83,2,False,DATA,32000
10,ОБОРОТНЫЕ АКТИВЫ,T23_000000_t10Ved14.xlsx,83,3,False,DATA,32000
10,ОБОРОТНЫЕ АКТИВЫ,T23_000000_t10Ved14.xlsx,83,4,False,DATA,32000
10,ОБОРОТНЫЕ АКТИВЫ,T23_000000_t10Ved14.xlsx,83,5,False,DATA,32000
10,ОБОРОТНЫЕ АКТИВЫ,T23_000000_t10Ved14.xlsx,83,6,False,DATA,38800
10,ОБОРОТНЫЕ АКТИВЫ,T23_000000_t10Ved14.xlsx,83,7,False,DATA,38800
10,ОБОРОТНЫЕ АКТИВЫ,T23_000000_t10Ved14.xlsx,83,8,False,DATA,38800
10,ОБОРОТНЫЕ АКТИВЫ,T23_000000_t10Ved14.xlsx,83,9,False,DATA,38800
10,ОБОРОТНЫЕ АКТИВЫ,T23_000000_t10Ved14.xlsx,83,10,False,DATA,443467
10,ОБОРОТНЫЕ АКТИВЫ,T23_000000_t10Ved14.xlsx,83,11,False,DATA,443467
10,ОБОРОТНЫЕ АКТИВЫ,T23_000000_t10Ved14.xlsx,83,12,False,DATA,443467
10,ОБОРОТНЫЕ АКТИВЫ,T23_000000_t10Ved14.xlsx,83,13,False,DATA,443467
10,ОБОРОТНЫЕ АКТИВЫ,T23_000000_t10Ved14.xlsx,83,14,False,DATA,492885
10,ОБОРОТНЫЕ АКТИВЫ,T23_000000_t10Ved14.xlsx,83,15,False,DATA,492885
10,ОБОРОТНЫЕ АКТИВЫ,T23_000000_t10Ved14.xlsx,83,16,False,DATA,492885
10,ОБОРОТНЫЕ АКТИВЫ,T23_000000_t10Ved14.xlsx,83,17,False,DATA,492885
10,ОБОРОТНЫЕ АКТИВЫ,T23_000000_t10Ved14.xlsx,83,18,False,DATA,1
10,ОБОРОТНЫЕ АКТИВЫ,T23_000000_t10Ved14.xlsx,83,19,False,DATA,1
10,ОБОРОТНЫЕ АКТИВЫ,T23_000000_t10Ved14.xlsx,83,20,False,DATA,170
10,ОБОРОТНЫЕ АКТИВЫ,T23_000000_t10Ved14.xlsx,84,0,False,OKVED_CODE,деятельность по предоставлению прочих персональных услуг
10,ОБОРОТНЫЕ АКТИВЫ,T23_000000_t10Ved14.xlsx,84,1,False,OKVED_NAME,деятельность по предоставлению прочих персональных услуг
10,ОБОРОТНЫЕ АКТИВЫ,T23_000000_t10Ved14.xlsx,84,2,False,DATA,-
10,ОБОРОТНЫЕ АКТИВЫ,T23_000000_t10Ved14.xlsx,84,3,False,DATA,-
10,ОБОРОТНЫЕ АКТИВЫ,T23_000000_t10Ved14.xlsx,84,4,False,DATA,-
10,ОБОРОТНЫЕ АКТИВЫ,T23_000000_t10Ved14.xlsx,84,5,False,DATA,-
10,ОБОРОТНЫЕ АКТИВЫ,T23_000000_t10Ved14.xlsx,84,6,False,DATA,-
10,ОБОРОТНЫЕ АКТИВЫ,T23_000000_t10Ved14.xlsx,84,7,False,DATA,-
10,ОБОРОТНЫЕ АКТИВЫ,T23_000000_t10Ved14.xlsx,84,8,False,DATA,-
10,ОБОРОТНЫЕ АКТИВЫ,T23_000000_t10Ved14.xlsx,84,9,False,DATA,-
10,ОБОРОТНЫЕ АКТИВЫ,T23_000000_t10Ved14.xlsx,84,10,False,DATA,62
10,ОБОРОТНЫЕ АКТИВЫ,T23_000000_t10Ved14.xlsx,84,11,False,DATA,62
10,ОБОРОТНЫЕ АКТИВЫ,T23_000000_t10Ved14.xlsx,84,12,False,DATA,62
10,ОБОРОТНЫЕ АКТИВЫ,T23_000000_t10Ved14.xlsx,84,13,False,DATA,62
10,ОБОРОТНЫЕ АКТИВЫ,T23_000000_t10Ved14.xlsx,84,14,False,DATA,53
10,ОБОРОТНЫЕ АКТИВЫ,T23_000000_t10Ved14.xlsx,84,15,False,DATA,53
10,ОБОРОТНЫЕ АКТИВЫ,T23_000000_t10Ved14.xlsx,84,16,False,DATA,53
10,ОБОРОТНЫЕ АКТИВЫ,T23_000000_t10Ved14.xlsx,84,17,False,DATA,53
10,ОБОРОТНЫЕ АКТИВЫ,T23_000000_t10Ved14.xlsx,84,18,False,DATA,127
10,ОБОРОТНЫЕ АКТИВЫ,T23_000000_t10Ved14.xlsx,84,19,False,DATA,127
10,ОБОРОТНЫЕ АКТИВЫ,T23_000000_t10Ved14.xlsx,84,20,False,DATA,127
10,ОБОРОТНЫЕ АКТИВЫ,T23_000000_t10Ved14.xlsx,85,0,False,OKVED_CODE,
10,ОБОРОТНЫЕ АКТИВЫ,T23_000000_t10Ved14.xlsx,85,1,False,OKVED_NAME,
10,ОБОРОТНЫЕ АКТИВЫ,T23_000000_t10Ved14.xlsx,85,2,False,EMPTY,
10,ОБОРОТНЫЕ АКТИВЫ,T23_000000_t10Ved14.xlsx,85,3,False,EMPTY,
10,ОБОРОТНЫЕ АКТИВЫ,T23_000000_t10Ved14.xlsx,85,4,False,EMPTY,
10,ОБОРОТНЫЕ АКТИВЫ,T23_000000_t10Ved14.xlsx,85,5,False,EMPTY,
10,ОБОРОТНЫЕ АКТИВЫ,T23_000000_t10Ved14.xlsx,85,6,False,EMPTY,
10,ОБОРОТНЫЕ АКТИВЫ,T23_000000_t10Ved14.xlsx,85,7,False,EMPTY,
10,ОБОРОТНЫЕ АКТИВЫ,T23_000000_t10Ved14.xlsx,85,8,False,EMPTY,
10,ОБОРОТНЫЕ АКТИВЫ,T23_000000_t10Ved14.xlsx,85,9,False,EMPTY,
10,ОБОРОТНЫЕ АКТИВЫ,T23_000000_t10Ved14.xlsx,85,10,False,EMPTY,
10,ОБОРОТНЫЕ АКТИВЫ,T23_000000_t10Ved14.xlsx,85,11,False,EMPTY,
10,ОБОРОТНЫЕ АКТИВЫ,T23_000000_t10Ved14.xlsx,85,12,False,EMPTY,
10,ОБОРОТНЫЕ АКТИВЫ,T23_000000_t10Ved14.xlsx,85,13,False,EMPTY,
10,ОБОРОТНЫЕ АКТИВЫ,T23_000000_t10Ved14.xlsx,85,14,False,EMPTY,
10,ОБОРОТНЫЕ АКТИВЫ,T23_000000_t10Ved14.xlsx,85,15,False,EMPTY,
10,ОБОРОТНЫЕ АКТИВЫ,T23_000000_t10Ved14.xlsx,85,16,False,EMPTY,
10,ОБОРОТНЫЕ АКТИВЫ,T23_000000_t10Ved14.xlsx,85,17,False,EMPTY,
10,ОБОРОТНЫЕ АКТИВЫ,T23_000000_t10Ved14.xlsx,85,18,False,EMPTY,
10,ОБОРОТНЫЕ АКТИВЫ,T23_000000_t10Ved14.xlsx,85,19,False,EMPTY,
10,ОБОРОТНЫЕ АКТИВЫ,T23_000000_t10Ved14.xlsx,85,20,False,EMPTY,
11,ОБОРОТНЫЕ АКТИВЫ,T23_000000_t10Ved14.xlsx,0,0,True,HEADER,
11,ОБОРОТНЫЕ АКТИВЫ,T23_000000_t10Ved14.xlsx,0,1,True,HEADER,
11,ОБОРОТНЫЕ АКТИВЫ,T23_000000_t10Ved14.xlsx,0,2,True,HEADER,
11,ОБОРОТНЫЕ АКТИВЫ,T23_000000_t10Ved14.xlsx,0,3,True,HEADER,
11,ОБОРОТНЫЕ АКТИВЫ,T23_000000_t10Ved14.xlsx,0,4,True,HEADER,
11,ОБОРОТНЫЕ АКТИВЫ,T23_000000_t10Ved14.xlsx,0,5,True,HEADER,
11,ОБОРОТНЫЕ АКТИВЫ,T23_000000_t10Ved14.xlsx,0,6,True,HEADER,в днях
11,ОБОРОТНЫЕ АКТИВЫ,T23_000000_t10Ved14.xlsx,1,0,True,HEADER,
11,ОБОРОТНЫЕ АКТИВЫ,T23_000000_t10Ved14.xlsx,1,1,True,HEADER,Оборотные активы
11,ОБОРОТНЫЕ АКТИВЫ,T23_000000_t10Ved14.xlsx,1,2,True,HEADER,Запасы
11,ОБОРОТНЫЕ АКТИВЫ,T23_000000_t10Ved14.xlsx,1,3,True,HEADER,Краткосрочная кредиторская задолженность
11,ОБОРОТНЫЕ АКТИВЫ,T23_000000_t10Ved14.xlsx,1,4,True,HEADER,"Финансовые и другие активы (дебиторская, НДС по приобретенным ценностям, краткосрочные финансовые вл"
11,ОБОРОТНЫЕ АКТИВЫ,T23_000000_t10Ved14.xlsx,1,5,True,HEADER,"Финансовые и другие активы (дебиторская, НДС по приобретенным ценностям, краткосрочные финансовые вл"
11,ОБОРОТНЫЕ АКТИВЫ,T23_000000_t10Ved14.xlsx,1,6,True,HEADER,Дебиторская задолженность
11,ОБОРОТНЫЕ АКТИВЫ,T23_000000_t10Ved14.xlsx,2,0,False,OKVED_CODE,
11,ОБОРОТНЫЕ АКТИВЫ,T23_000000_t10Ved14.xlsx,2,1,False,OKVED_NAME,"длительность 
1 оборота"
11,ОБОРОТНЫЕ АКТИВЫ,T23_000000_t10Ved14.xlsx,2,2,False,DATA,"длительность 
1 оборота"
11,ОБОРОТНЫЕ АКТИВЫ,T23_000000_t10Ved14.xlsx,2,3,False,DATA,средний срок погашения
11,ОБОРОТНЫЕ АКТИВЫ,T23_000000_t10Ved14.xlsx,2,4,False,DATA,"средний срок 
погашения"
11,ОБОРОТНЫЕ АКТИВЫ,T23_000000_t10Ved14.xlsx,2,5,False,DATA,"средний срок 
погашения"
11,ОБОРОТНЫЕ АКТИВЫ,T23_000000_t10Ved14.xlsx,2,6,False,DATA,средний срок погашения
11,ОБОРОТНЫЕ АКТИВЫ,T23_000000_t10Ved14.xlsx,3,0,False,OKVED_CODE,Всего по обследуемым видам экономической деятельности
11,ОБОРОТНЫЕ АКТИВЫ,T23_000000_t10Ved14.xlsx,3,1,False,OKVED_NAME,"221,7"
11,ОБОРОТНЫЕ АКТИВЫ,T23_000000_t10Ved14.xlsx,3,2,False,DATA,"69,3"
11,ОБОРОТНЫЕ АКТИВЫ,T23_000000_t10Ved14.xlsx,3,3,False,DATA,"68,1"
11,ОБОРОТНЫЕ АКТИВЫ,T23_000000_t10Ved14.xlsx,3,4,False,DATA,"105,2"
11,ОБОРОТНЫЕ АКТИВЫ,T23_000000_t10Ved14.xlsx,3,5,False,DATA,"105,2"
11,ОБОРОТНЫЕ АКТИВЫ,T23_000000_t10Ved14.xlsx,3,6,False,DATA,"79,9"
11,ОБОРОТНЫЕ АКТИВЫ,T23_000000_t10Ved14.xlsx,4,0,False,OKVED_CODE,"Сельское, лесное хозяйство, охота, рыболовство и рыбоводство"
11,ОБОРОТНЫЕ АКТИВЫ,T23_000000_t10Ved14.xlsx,4,1,False,OKVED_NAME,"249,2"
11,ОБОРОТНЫЕ АКТИВЫ,T23_000000_t10Ved14.xlsx,4,2,False,DATA,"68,9"
11,ОБОРОТНЫЕ АКТИВЫ,T23_000000_t10Ved14.xlsx,4,3,False,DATA,"52,4"
11,ОБОРОТНЫЕ АКТИВЫ,T23_000000_t10Ved14.xlsx,4,4,False,DATA,"109,3"
11,ОБОРОТНЫЕ АКТИВЫ,T23_000000_t10Ved14.xlsx,4,5,False,DATA,"109,3"
11,ОБОРОТНЫЕ АКТИВЫ,T23_000000_t10Ved14.xlsx,4,6,False,DATA,"75,5"
11,ОБОРОТНЫЕ АКТИВЫ,T23_000000_t10Ved14.xlsx,5,0,False,OKVED_CODE,"растениеводство и животноводство, охота и предоставление соответствующих услуг 
в этих областях"
11,ОБОРОТНЫЕ АКТИВЫ,T23_000000_t10Ved14.xlsx,5,1,False,OKVED_NAME,"237,0"
11,ОБОРОТНЫЕ АКТИВЫ,T23_000000_t10Ved14.xlsx,5,2,False,DATA,"147,3"
11,ОБОРОТНЫЕ АКТИВЫ,T23_000000_t10Ved14.xlsx,5,3,False,DATA,"53,8"
11,ОБОРОТНЫЕ АКТИВЫ,T23_000000_t10Ved14.xlsx,5,4,False,DATA,"84,9"
11,ОБОРОТНЫЕ АКТИВЫ,T23_000000_t10Ved14.xlsx,5,5,False,DATA,"84,9"
11,ОБОРОТНЫЕ АКТИВЫ,T23_000000_t10Ved14.xlsx,5,6,False,DATA,"76,8"
11,ОБОРОТНЫЕ АКТИВЫ,T23_000000_t10Ved14.xlsx,6,0,False,OKVED_CODE,рыболовство и рыбоводство
11,ОБОРОТНЫЕ АКТИВЫ,T23_000000_t10Ved14.xlsx,6,1,False,OKVED_NAME,"249,1"
11,ОБОРОТНЫЕ АКТИВЫ,T23_000000_t10Ved14.xlsx,6,2,False,DATA,"67,2"
11,ОБОРОТНЫЕ АКТИВЫ,T23_000000_t10Ved14.xlsx,6,3,False,DATA,"52,4"
11,ОБОРОТНЫЕ АКТИВЫ,T23_000000_t10Ved14.xlsx,6,4,False,DATA,"109,8"
11,ОБОРОТНЫЕ АКТИВЫ,T23_000000_t10Ved14.xlsx,6,5,False,DATA,"109,8"
11,ОБОРОТНЫЕ АКТИВЫ,T23_000000_t10Ved14.xlsx,6,6,False,DATA,"75,5"
11,ОБОРОТНЫЕ АКТИВЫ,T23_000000_t10Ved14.xlsx,7,0,False,OKVED_CODE,Добыча полезных ископаемых
11,ОБОРОТНЫЕ АКТИВЫ,T23_000000_t10Ved14.xlsx,7,1,False,OKVED_NAME,"326,1"
11,ОБОРОТНЫЕ АКТИВЫ,T23_000000_t10Ved14.xlsx,7,2,False,DATA,"203,0"
11,ОБОРОТНЫЕ АКТИВЫ,T23_000000_t10Ved14.xlsx,7,3,False,DATA,"33,4"
11,ОБОРОТНЫЕ АКТИВЫ,T23_000000_t10Ved14.xlsx,7,4,False,DATA,"113,5"
11,ОБОРОТНЫЕ АКТИВЫ,T23_000000_t10Ved14.xlsx,7,5,False,DATA,"113,5"
11,ОБОРОТНЫЕ АКТИВЫ,T23_000000_t10Ved14.xlsx,7,6,False,DATA,"93,8"
11,ОБОРОТНЫЕ АКТИВЫ,T23_000000_t10Ved14.xlsx,8,0,False,OKVED_CODE,добыча металлических руд
11,ОБОРОТНЫЕ АКТИВЫ,T23_000000_t10Ved14.xlsx,8,1,False,OKVED_NAME,"326,1"
11,ОБОРОТНЫЕ АКТИВЫ,T23_000000_t10Ved14.xlsx,8,2,False,DATA,"203,0"
11,ОБОРОТНЫЕ АКТИВЫ,T23_000000_t10Ved14.xlsx,8,3,False,DATA,"33,4"
11,ОБОРОТНЫЕ АКТИВЫ,T23_000000_t10Ved14.xlsx,8,4,False,DATA,"113,5"
11,ОБОРОТНЫЕ АКТИВЫ,T23_000000_t10Ved14.xlsx,8,5,False,DATA,"113,5"
11,ОБОРОТНЫЕ АКТИВЫ,T23_000000_t10Ved14.xlsx,8,6,False,DATA,"93,8"
11,ОБОРОТНЫЕ АКТИВЫ,T23_000000_t10Ved14.xlsx,9,0,False,OKVED_CODE,Обрабатывающие производства
11,ОБОРОТНЫЕ АКТИВЫ,T23_000000_t10Ved14.xlsx,9,1,False,OKVED_NAME,"267,1"
11,ОБОРОТНЫЕ АКТИВЫ,T23_000000_t10Ved14.xlsx,9,2,False,DATA,"79,9"
11,ОБОРОТНЫЕ АКТИВЫ,T23_000000_t10Ved14.xlsx,9,3,False,DATA,"84,0"
11,ОБОРОТНЫЕ АКТИВЫ,T23_000000_t10Ved14.xlsx,9,4,False,DATA,"145,8"
11,ОБОРОТНЫЕ АКТИВЫ,T23_000000_t10Ved14.xlsx,9,5,False,DATA,"145,8"
11,ОБОРОТНЫЕ АКТИВЫ,T23_000000_t10Ved14.xlsx,9,6,False,DATA,"84,1"
11,ОБОРОТНЫЕ АКТИВЫ,T23_000000_t10Ved14.xlsx,10,0,False,OKVED_CODE,производство пищевых продуктов
11,ОБОРОТНЫЕ АКТИВЫ,T23_000000_t10Ved14.xlsx,10,1,False,OKVED_NAME,"220,4"
11,ОБОРОТНЫЕ АКТИВЫ,T23_000000_t10Ved14.xlsx,10,2,False,DATA,"68,4"
11,ОБОРОТНЫЕ АКТИВЫ,T23_000000_t10Ved14.xlsx,10,3,False,DATA,"51,8"
11,ОБОРОТНЫЕ АКТИВЫ,T23_000000_t10Ved14.xlsx,10,4,False,DATA,"111,9"
11,ОБОРОТНЫЕ АКТИВЫ,T23_000000_t10Ved14.xlsx,10,5,False,DATA,"111,9"
11,ОБОРОТНЫЕ АКТИВЫ,T23_000000_t10Ved14.xlsx,10,6,False,DATA,"82,3"
11,ОБОРОТНЫЕ АКТИВЫ,T23_000000_t10Ved14.xlsx,11,0,False,OKVED_CODE,производство напитков
11,ОБОРОТНЫЕ АКТИВЫ,T23_000000_t10Ved14.xlsx,11,1,False,OKVED_NAME,"271,7"
11,ОБОРОТНЫЕ АКТИВЫ,T23_000000_t10Ved14.xlsx,11,2,False,DATA,"100,2"
11,ОБОРОТНЫЕ АКТИВЫ,T23_000000_t10Ved14.xlsx,11,3,False,DATA,"27,8"
11,ОБОРОТНЫЕ АКТИВЫ,T23_000000_t10Ved14.xlsx,11,4,False,DATA,"86,4"
11,ОБОРОТНЫЕ АКТИВЫ,T23_000000_t10Ved14.xlsx,11,5,False,DATA,"86,4"
11,ОБОРОТНЫЕ АКТИВЫ,T23_000000_t10Ved14.xlsx,11,6,False,DATA,"72,7"
11,ОБОРОТНЫЕ АКТИВЫ,T23_000000_t10Ved14.xlsx,12,0,False,OKVED_CODE,производство прочих готовых изделий
11,ОБОРОТНЫЕ АКТИВЫ,T23_000000_t10Ved14.xlsx,12,1,False,OKVED_NAME,"77,7"
11,ОБОРОТНЫЕ АКТИВЫ,T23_000000_t10Ved14.xlsx,12,2,False,DATA,"65,2"
11,ОБОРОТНЫЕ АКТИВЫ,T23_000000_t10Ved14.xlsx,12,3,False,DATA,"56,8"
11,ОБОРОТНЫЕ АКТИВЫ,T23_000000_t10Ved14.xlsx,12,4,False,DATA,"8,3"
11,ОБОРОТНЫЕ АКТИВЫ,T23_000000_t10Ved14.xlsx,12,5,False,DATA,"8,3"
11,ОБОРОТНЫЕ АКТИВЫ,T23_000000_t10Ved14.xlsx,12,6,False,DATA,"8,1"
11,ОБОРОТНЫЕ АКТИВЫ,T23_000000_t10Ved14.xlsx,13,0,False,OKVED_CODE,"ремонт и монтаж машин 
и оборудования"
11,ОБОРОТНЫЕ АКТИВЫ,T23_000000_t10Ved14.xlsx,13,1,False,OKVED_NAME,"765,3"
11,ОБОРОТНЫЕ АКТИВЫ,T23_000000_t10Ved14.xlsx,13,2,False,DATA,"172,9"
11,ОБОРОТНЫЕ АКТИВЫ,T23_000000_t10Ved14.xlsx,13,3,False,DATA,"459,4"
11,ОБОРОТНЫЕ АКТИВЫ,T23_000000_t10Ved14.xlsx,13,4,False,DATA,"545,6"
11,ОБОРОТНЫЕ АКТИВЫ,T23_000000_t10Ved14.xlsx,13,5,False,DATA,"545,6"
11,ОБОРОТНЫЕ АКТИВЫ,T23_000000_t10Ved14.xlsx,13,6,False,DATA,"110,8"
11,ОБОРОТНЫЕ АКТИВЫ,T23_000000_t10Ved14.xlsx,14,0,False,OKVED_CODE,"Обеспечение электрической энергией, газом и паром; кондиционирование воздуха"
11,ОБОРОТНЫЕ АКТИВЫ,T23_000000_t10Ved14.xlsx,14,1,False,OKVED_NAME,"176,9"
11,ОБОРОТНЫЕ АКТИВЫ,T23_000000_t10Ved14.xlsx,14,2,False,DATA,"54,7"
11,ОБОРОТНЫЕ АКТИВЫ,T23_000000_t10Ved14.xlsx,14,3,False,DATA,"68,9"
11,ОБОРОТНЫЕ АКТИВЫ,T23_000000_t10Ved14.xlsx,14,4,False,DATA,"89,4"
11,ОБОРОТНЫЕ АКТИВЫ,T23_000000_t10Ved14.xlsx,14,5,False,DATA,"89,4"
11,ОБОРОТНЫЕ АКТИВЫ,T23_000000_t10Ved14.xlsx,14,6,False,DATA,"78,2"
11,ОБОРОТНЫЕ АКТИВЫ,T23_000000_t10Ved14.xlsx,15,0,False,OKVED_CODE,
11,ОБОРОТНЫЕ АКТИВЫ,T23_000000_t10Ved14.xlsx,15,1,False,OKVED_NAME,
11,ОБОРОТНЫЕ АКТИВЫ,T23_000000_t10Ved14.xlsx,15,2,False,EMPTY,
11,ОБОРОТНЫЕ АКТИВЫ,T23_000000_t10Ved14.xlsx,15,3,False,EMPTY,
11,ОБОРОТНЫЕ АКТИВЫ,T23_000000_t10Ved14.xlsx,15,4,False,EMPTY,
11,ОБОРОТНЫЕ АКТИВЫ,T23_000000_t10Ved14.xlsx,15,5,False,EMPTY,
11,ОБОРОТНЫЕ АКТИВЫ,T23_000000_t10Ved14.xlsx,15,6,False,EMPTY,
11,ОБОРОТНЫЕ АКТИВЫ,T23_000000_t10Ved14.xlsx,16,0,False,OKVED_CODE,
11,ОБОРОТНЫЕ АКТИВЫ,T23_000000_t10Ved14.xlsx,16,1,False,OKVED_NAME,
11,ОБОРОТНЫЕ АКТИВЫ,T23_000000_t10Ved14.xlsx,16,2,False,EMPTY,
11,ОБОРОТНЫЕ АКТИВЫ,T23_000000_t10Ved14.xlsx,16,3,False,EMPTY,
11,ОБОРОТНЫЕ АКТИВЫ,T23_000000_t10Ved14.xlsx,16,4,False,DATA,Продолжение таблицы 5.
11,ОБОРОТНЫЕ АКТИВЫ,T23_000000_t10Ved14.xlsx,16,5,False,DATA,Продолжение таблицы 5.
11,ОБОРОТНЫЕ АКТИВЫ,T23_000000_t10Ved14.xlsx,16,6,False,DATA,Продолжение таблицы 5.
11,ОБОРОТНЫЕ АКТИВЫ,T23_000000_t10Ved14.xlsx,17,0,False,OKVED_CODE,
11,ОБОРОТНЫЕ АКТИВЫ,T23_000000_t10Ved14.xlsx,17,1,False,OKVED_NAME,"Оборотные 
активы"
11,ОБОРОТНЫЕ АКТИВЫ,T23_000000_t10Ved14.xlsx,17,2,False,DATA,Запасы
11,ОБОРОТНЫЕ АКТИВЫ,T23_000000_t10Ved14.xlsx,17,3,False,DATA,"Краткосрочная 
кредиторская 
задолженность"
11,ОБОРОТНЫЕ АКТИВЫ,T23_000000_t10Ved14.xlsx,17,4,False,DATA,"Финансовые и другие 
активы (дебиторская, 
НДС по приобретенным 
ценностям, краткосрочные 
финансовы"
11,ОБОРОТНЫЕ АКТИВЫ,T23_000000_t10Ved14.xlsx,17,5,False,DATA,"Дебиторская 
задолженность"
11,ОБОРОТНЫЕ АКТИВЫ,T23_000000_t10Ved14.xlsx,17,6,False,DATA,"Дебиторская 
задолженность"
11,ОБОРОТНЫЕ АКТИВЫ,T23_000000_t10Ved14.xlsx,18,0,False,OKVED_CODE,
11,ОБОРОТНЫЕ АКТИВЫ,T23_000000_t10Ved14.xlsx,18,1,False,OKVED_NAME,"длительность 
1 оборота"
11,ОБОРОТНЫЕ АКТИВЫ,T23_000000_t10Ved14.xlsx,18,2,False,DATA,"длительность 
1 оборота"
11,ОБОРОТНЫЕ АКТИВЫ,T23_000000_t10Ved14.xlsx,18,3,False,DATA,"средний срок 
погашения"
11,ОБОРОТНЫЕ АКТИВЫ,T23_000000_t10Ved14.xlsx,18,4,False,DATA,"средний срок 
погашения"
11,ОБОРОТНЫЕ АКТИВЫ,T23_000000_t10Ved14.xlsx,18,5,False,DATA,"средний срок 
погашения"
11,ОБОРОТНЫЕ АКТИВЫ,T23_000000_t10Ved14.xlsx,18,6,False,DATA,"средний срок 
погашения"
11,ОБОРОТНЫЕ АКТИВЫ,T23_000000_t10Ved14.xlsx,19,0,False,OKVED_CODE,"обеспечение электрической энергией, газом и паром; кондиционирование воздуха"
11,ОБОРОТНЫЕ АКТИВЫ,T23_000000_t10Ved14.xlsx,19,1,False,OKVED_NAME,"176,9"
11,ОБОРОТНЫЕ АКТИВЫ,T23_000000_t10Ved14.xlsx,19,2,False,DATA,"54,7"
11,ОБОРОТНЫЕ АКТИВЫ,T23_000000_t10Ved14.xlsx,19,3,False,DATA,"68,9"
11,ОБОРОТНЫЕ АКТИВЫ,T23_000000_t10Ved14.xlsx,19,4,False,DATA,"89,4"
11,ОБОРОТНЫЕ АКТИВЫ,T23_000000_t10Ved14.xlsx,19,5,False,DATA,"78,2"
11,ОБОРОТНЫЕ АКТИВЫ,T23_000000_t10Ved14.xlsx,19,6,False,DATA,"78,2"
11,ОБОРОТНЫЕ АКТИВЫ,T23_000000_t10Ved14.xlsx,20,0,False,OKVED_CODE,"Водоснабжение; водоотведение, организация сбора и утилизации отходов, деятельность 
по ликвидации за"
11,ОБОРОТНЫЕ АКТИВЫ,T23_000000_t10Ved14.xlsx,20,1,False,OKVED_NAME,"174,0"
11,ОБОРОТНЫЕ АКТИВЫ,T23_000000_t10Ved14.xlsx,20,2,False,DATA,"57,1"
11,ОБОРОТНЫЕ АКТИВЫ,T23_000000_t10Ved14.xlsx,20,3,False,DATA,"96,0"
11,ОБОРОТНЫЕ АКТИВЫ,T23_000000_t10Ved14.xlsx,20,4,False,DATA,"100,6"
11,ОБОРОТНЫЕ АКТИВЫ,T23_000000_t10Ved14.xlsx,20,5,False,DATA,"97,8"
11,ОБОРОТНЫЕ АКТИВЫ,T23_000000_t10Ved14.xlsx,20,6,False,DATA,"97,8"
11,ОБОРОТНЫЕ АКТИВЫ,T23_000000_t10Ved14.xlsx,21,0,False,OKVED_CODE,"забор, очистка и распределение воды"
11,ОБОРОТНЫЕ АКТИВЫ,T23_000000_t10Ved14.xlsx,21,1,False,OKVED_NAME,"196,1"
11,ОБОРОТНЫЕ АКТИВЫ,T23_000000_t10Ved14.xlsx,21,2,False,DATA,"72,3"
11,ОБОРОТНЫЕ АКТИВЫ,T23_000000_t10Ved14.xlsx,21,3,False,DATA,"112,9"
11,ОБОРОТНЫЕ АКТИВЫ,T23_000000_t10Ved14.xlsx,21,4,False,DATA,"104,1"
11,ОБОРОТНЫЕ АКТИВЫ,T23_000000_t10Ved14.xlsx,21,5,False,DATA,"100,8"
11,ОБОРОТНЫЕ АКТИВЫ,T23_000000_t10Ved14.xlsx,21,6,False,DATA,"100,8"
11,ОБОРОТНЫЕ АКТИВЫ,T23_000000_t10Ved14.xlsx,22,0,False,OKVED_CODE,"сбор, обработка и утилизация отходов; обработка вторичного сырья"
11,ОБОРОТНЫЕ АКТИВЫ,T23_000000_t10Ved14.xlsx,22,1,False,OKVED_NAME,"104,5"
11,ОБОРОТНЫЕ АКТИВЫ,T23_000000_t10Ved14.xlsx,22,2,False,DATA,"11,1"
11,ОБОРОТНЫЕ АКТИВЫ,T23_000000_t10Ved14.xlsx,22,3,False,DATA,"38,8"
11,ОБОРОТНЫЕ АКТИВЫ,T23_000000_t10Ved14.xlsx,22,4,False,DATA,"88,8"
11,ОБОРОТНЫЕ АКТИВЫ,T23_000000_t10Ved14.xlsx,22,5,False,DATA,"87,6"
11,ОБОРОТНЫЕ АКТИВЫ,T23_000000_t10Ved14.xlsx,22,6,False,DATA,"87,6"
11,ОБОРОТНЫЕ АКТИВЫ,T23_000000_t10Ved14.xlsx,23,0,False,OKVED_CODE,Строительство
11,ОБОРОТНЫЕ АКТИВЫ,T23_000000_t10Ved14.xlsx,23,1,False,OKVED_NAME,"514,6"
11,ОБОРОТНЫЕ АКТИВЫ,T23_000000_t10Ved14.xlsx,23,2,False,DATA,"255,3"
11,ОБОРОТНЫЕ АКТИВЫ,T23_000000_t10Ved14.xlsx,23,3,False,DATA,"464,9"
11,ОБОРОТНЫЕ АКТИВЫ,T23_000000_t10Ved14.xlsx,23,4,False,DATA,"165,7"
11,ОБОРОТНЫЕ АКТИВЫ,T23_000000_t10Ved14.xlsx,23,5,False,DATA,"138,7"
11,ОБОРОТНЫЕ АКТИВЫ,T23_000000_t10Ved14.xlsx,23,6,False,DATA,"138,7"
11,ОБОРОТНЫЕ АКТИВЫ,T23_000000_t10Ved14.xlsx,24,0,False,OKVED_CODE,строительство зданий
11,ОБОРОТНЫЕ АКТИВЫ,T23_000000_t10Ved14.xlsx,24,1,False,OKVED_NAME,"605,1"
11,ОБОРОТНЫЕ АКТИВЫ,T23_000000_t10Ved14.xlsx,24,2,False,DATA,"342,5"
11,ОБОРОТНЫЕ АКТИВЫ,T23_000000_t10Ved14.xlsx,24,3,False,DATA,"541,9"
11,ОБОРОТНЫЕ АКТИВЫ,T23_000000_t10Ved14.xlsx,24,4,False,DATA,"190,9"
11,ОБОРОТНЫЕ АКТИВЫ,T23_000000_t10Ved14.xlsx,24,5,False,DATA,"168,8"
11,ОБОРОТНЫЕ АКТИВЫ,T23_000000_t10Ved14.xlsx,24,6,False,DATA,"168,8"
11,ОБОРОТНЫЕ АКТИВЫ,T23_000000_t10Ved14.xlsx,25,0,False,OKVED_CODE,строительство инженерных сооружений
11,ОБОРОТНЫЕ АКТИВЫ,T23_000000_t10Ved14.xlsx,25,1,False,OKVED_NAME,"351,0"
11,ОБОРОТНЫЕ АКТИВЫ,T23_000000_t10Ved14.xlsx,25,2,False,DATA,"99,8"
11,ОБОРОТНЫЕ АКТИВЫ,T23_000000_t10Ved14.xlsx,25,3,False,DATA,"315,1"
11,ОБОРОТНЫЕ АКТИВЫ,T23_000000_t10Ved14.xlsx,25,4,False,DATA,"116,3"
11,ОБОРОТНЫЕ АКТИВЫ,T23_000000_t10Ved14.xlsx,25,5,False,DATA,"81,9"
11,ОБОРОТНЫЕ АКТИВЫ,T23_000000_t10Ved14.xlsx,25,6,False,DATA,"81,9"
11,ОБОРОТНЫЕ АКТИВЫ,T23_000000_t10Ved14.xlsx,26,0,False,OKVED_CODE,работы строительные специализированные
11,ОБОРОТНЫЕ АКТИВЫ,T23_000000_t10Ved14.xlsx,26,1,False,OKVED_NAME,"7069,8"
11,ОБОРОТНЫЕ АКТИВЫ,T23_000000_t10Ved14.xlsx,26,2,False,DATA,"5400,4"
11,ОБОРОТНЫЕ АКТИВЫ,T23_000000_t10Ved14.xlsx,26,3,False,DATA,"4034,7"
11,ОБОРОТНЫЕ АКТИВЫ,T23_000000_t10Ved14.xlsx,26,4,False,DATA,"1669,2"
11,ОБОРОТНЫЕ АКТИВЫ,T23_000000_t10Ved14.xlsx,26,5,False,DATA,"232,0"
11,ОБОРОТНЫЕ АКТИВЫ,T23_000000_t10Ved14.xlsx,26,6,False,DATA,"232,0"
11,ОБОРОТНЫЕ АКТИВЫ,T23_000000_t10Ved14.xlsx,27,0,False,OKVED_CODE,Торговля оптовая и розничная; ремонт автотранспортных средств и мотоциклов
11,ОБОРОТНЫЕ АКТИВЫ,T23_000000_t10Ved14.xlsx,27,1,False,OKVED_NAME,"105,7"
11,ОБОРОТНЫЕ АКТИВЫ,T23_000000_t10Ved14.xlsx,27,2,False,DATA,"23,5"
11,ОБОРОТНЫЕ АКТИВЫ,T23_000000_t10Ved14.xlsx,27,3,False,DATA,"52,0"
11,ОБОРОТНЫЕ АКТИВЫ,T23_000000_t10Ved14.xlsx,27,4,False,DATA,"79,4"
11,ОБОРОТНЫЕ АКТИВЫ,T23_000000_t10Ved14.xlsx,27,5,False,DATA,"70,5"
11,ОБОРОТНЫЕ АКТИВЫ,T23_000000_t10Ved14.xlsx,27,6,False,DATA,"70,5"
11,ОБОРОТНЫЕ АКТИВЫ,T23_000000_t10Ved14.xlsx,28,0,False,OKVED_CODE,"торговля оптовая, кроме оптовой торговли автотранспортными средствами и мотоциклами"
11,ОБОРОТНЫЕ АКТИВЫ,T23_000000_t10Ved14.xlsx,28,1,False,OKVED_NAME,"114,5"
11,ОБОРОТНЫЕ АКТИВЫ,T23_000000_t10Ved14.xlsx,28,2,False,DATA,"21,8"
11,ОБОРОТНЫЕ АКТИВЫ,T23_000000_t10Ved14.xlsx,28,3,False,DATA,"51,1"
11,ОБОРОТНЫЕ АКТИВЫ,T23_000000_t10Ved14.xlsx,28,4,False,DATA,"90,8"
11,ОБОРОТНЫЕ АКТИВЫ,T23_000000_t10Ved14.xlsx,28,5,False,DATA,"80,5"
11,ОБОРОТНЫЕ АКТИВЫ,T23_000000_t10Ved14.xlsx,28,6,False,DATA,"80,5"
12,UNKNOWN,UNKNOWN,0,0,False,OKVED_CODE,
12,UNKNOWN,UNKNOWN,0,1,False,OKVED_NAME,
12,UNKNOWN,UNKNOWN,0,2,False,EMPTY,
12,UNKNOWN,UNKNOWN,0,3,False,EMPTY,
12,UNKNOWN,UNKNOWN,0,4,False,DATA,Продолжение таблицы 5.
12,UNKNOWN,UNKNOWN,0,5,False,DATA,Продолжение таблицы 5.
12,UNKNOWN,UNKNOWN,1,0,False,OKVED_CODE,
12,UNKNOWN,UNKNOWN,1,1,False,OKVED_NAME,"Оборотные 
активы"
12,UNKNOWN,UNKNOWN,1,2,False,DATA,Запасы
12,UNKNOWN,UNKNOWN,1,3,False,DATA,"Краткосрочная 
кредиторская 
задолженность"
12,UNKNOWN,UNKNOWN,1,4,False,DATA,"Финансовые и другие 
активы (дебиторская, 
НДС по приобретенным 
ценностям, краткосрочные 
финансовы"
12,UNKNOWN,UNKNOWN,1,5,False,DATA,"Дебиторская 
задолженность"
12,UNKNOWN,UNKNOWN,2,0,False,OKVED_CODE,
12,UNKNOWN,UNKNOWN,2,1,False,OKVED_NAME,"длительность 
1 оборота"
12,UNKNOWN,UNKNOWN,2,2,False,DATA,"длительность 
1 оборота"
12,UNKNOWN,UNKNOWN,2,3,False,DATA,"средний срок 
погашения"
12,UNKNOWN,UNKNOWN,2,4,False,DATA,"средний срок 
погашения"
12,UNKNOWN,UNKNOWN,2,5,False,DATA,"средний срок 
погашения"
12,UNKNOWN,UNKNOWN,3,0,False,OKVED_CODE,"торговля розничная, кроме торговли автотранспортными средствами
и мотоциклами"
12,UNKNOWN,UNKNOWN,3,1,False,OKVED_NAME,"53,7"
12,UNKNOWN,UNKNOWN,3,2,False,DATA,"32,7"
12,UNKNOWN,UNKNOWN,3,3,False,DATA,"57,9"
12,UNKNOWN,UNKNOWN,3,4,False,DATA,"13,0"
12,UNKNOWN,UNKNOWN,3,5,False,DATA,"11,6"
12,UNKNOWN,UNKNOWN,4,0,False,OKVED_CODE,Транспортировка и хранение
12,UNKNOWN,UNKNOWN,4,1,False,OKVED_NAME,"121,3"
12,UNKNOWN,UNKNOWN,4,2,False,DATA,"20,3"
12,UNKNOWN,UNKNOWN,4,3,False,DATA,"42,0"
12,UNKNOWN,UNKNOWN,4,4,False,DATA,"56,9"
12,UNKNOWN,UNKNOWN,4,5,False,DATA,"54,6"
12,UNKNOWN,UNKNOWN,5,0,False,OKVED_CODE,"деятельность сухопутного 
 трубопроводного транспорта"
12,UNKNOWN,UNKNOWN,5,1,False,OKVED_NAME,"187,0"
12,UNKNOWN,UNKNOWN,5,2,False,DATA,"11,2"
12,UNKNOWN,UNKNOWN,5,3,False,DATA,"55,6"
12,UNKNOWN,UNKNOWN,5,4,False,DATA,"32,2"
12,UNKNOWN,UNKNOWN,5,5,False,DATA,"31,7"
12,UNKNOWN,UNKNOWN,6,0,False,OKVED_CODE,деятельность водного транспорта
12,UNKNOWN,UNKNOWN,6,1,False,OKVED_NAME,"97,1"
12,UNKNOWN,UNKNOWN,6,2,False,DATA,"23,5"
12,UNKNOWN,UNKNOWN,6,3,False,DATA,"129,5"
12,UNKNOWN,UNKNOWN,6,4,False,DATA,"72,5"
12,UNKNOWN,UNKNOWN,6,5,False,DATA,"71,0"
12,UNKNOWN,UNKNOWN,7,0,False,OKVED_CODE,"деятельность воздушного 
и космического транспорта"
12,UNKNOWN,UNKNOWN,7,1,False,OKVED_NAME,"86,8"
12,UNKNOWN,UNKNOWN,7,2,False,DATA,"23,5"
12,UNKNOWN,UNKNOWN,7,3,False,DATA,"14,5"
12,UNKNOWN,UNKNOWN,7,4,False,DATA,"44,5"
12,UNKNOWN,UNKNOWN,7,5,False,DATA,"39,2"
12,UNKNOWN,UNKNOWN,8,0,False,OKVED_CODE,"складское хозяйство 
и вспомогательная транспортная деятельность"
12,UNKNOWN,UNKNOWN,8,1,False,OKVED_NAME,"134,4"
12,UNKNOWN,UNKNOWN,8,2,False,DATA,"19,1"
12,UNKNOWN,UNKNOWN,8,3,False,DATA,"33,9"
12,UNKNOWN,UNKNOWN,8,4,False,DATA,"58,5"
12,UNKNOWN,UNKNOWN,8,5,False,DATA,"56,9"
12,UNKNOWN,UNKNOWN,9,0,False,OKVED_CODE,"Деятельность гостиниц 
и предприятий общественного питания"
12,UNKNOWN,UNKNOWN,9,1,False,OKVED_NAME,"556,3"
12,UNKNOWN,UNKNOWN,9,2,False,DATA,"51,2"
12,UNKNOWN,UNKNOWN,9,3,False,DATA,"213,0"
12,UNKNOWN,UNKNOWN,9,4,False,DATA,"328,5"
12,UNKNOWN,UNKNOWN,9,5,False,DATA,"212,3"
12,UNKNOWN,UNKNOWN,10,0,False,OKVED_CODE,деятельность по предоставлению мест для временного проживания
12,UNKNOWN,UNKNOWN,10,1,False,OKVED_NAME,"556,3"
12,UNKNOWN,UNKNOWN,10,2,False,DATA,"51,2"
12,UNKNOWN,UNKNOWN,10,3,False,DATA,"213,0"
12,UNKNOWN,UNKNOWN,10,4,False,DATA,"328,5"
12,UNKNOWN,UNKNOWN,10,5,False,DATA,"212,3"
12,UNKNOWN,UNKNOWN,11,0,False,OKVED_CODE,"Деятельность финансовая 
и страховая"
12,UNKNOWN,UNKNOWN,11,1,False,OKVED_NAME,"297,0"
12,UNKNOWN,UNKNOWN,11,2,False,DATA,"3,7"
12,UNKNOWN,UNKNOWN,11,3,False,DATA,"57,8"
12,UNKNOWN,UNKNOWN,11,4,False,DATA,"126,6"
12,UNKNOWN,UNKNOWN,11,5,False,DATA,"75,8"
12,UNKNOWN,UNKNOWN,12,0,False,OKVED_CODE,
12,UNKNOWN,UNKNOWN,12,1,False,OKVED_NAME,
12,UNKNOWN,UNKNOWN,12,2,False,EMPTY,
12,UNKNOWN,UNKNOWN,12,3,False,EMPTY,
12,UNKNOWN,UNKNOWN,12,4,False,EMPTY,
12,UNKNOWN,UNKNOWN,12,5,False,EMPTY,
12,UNKNOWN,UNKNOWN,13,0,False,OKVED_CODE,
12,UNKNOWN,UNKNOWN,13,1,False,OKVED_NAME,
12,UNKNOWN,UNKNOWN,13,2,False,EMPTY,
12,UNKNOWN,UNKNOWN,13,3,False,EMPTY,
12,UNKNOWN,UNKNOWN,13,4,False,EMPTY,
12,UNKNOWN,UNKNOWN,13,5,False,EMPTY,
12,UNKNOWN,UNKNOWN,14,0,False,OKVED_CODE,
12,UNKNOWN,UNKNOWN,14,1,False,OKVED_NAME,
12,UNKNOWN,UNKNOWN,14,2,False,EMPTY,
12,UNKNOWN,UNKNOWN,14,3,False,EMPTY,
12,UNKNOWN,UNKNOWN,14,4,False,EMPTY,
12,UNKNOWN,UNKNOWN,14,5,False,EMPTY,
12,UNKNOWN,UNKNOWN,15,0,False,OKVED_CODE,
12,UNKNOWN,UNKNOWN,15,1,False,OKVED_NAME,
12,UNKNOWN,UNKNOWN,15,2,False,EMPTY,
12,UNKNOWN,UNKNOWN,15,3,False,EMPTY,
12,UNKNOWN,UNKNOWN,15,4,False,EMPTY,
12,UNKNOWN,UNKNOWN,15,5,False,EMPTY,
12,UNKNOWN,UNKNOWN,16,0,False,OKVED_CODE,
12,UNKNOWN,UNKNOWN,16,1,False,OKVED_NAME,
12,UNKNOWN,UNKNOWN,16,2,False,EMPTY,
12,UNKNOWN,UNKNOWN,16,3,False,EMPTY,
12,UNKNOWN,UNKNOWN,16,4,False,EMPTY,
12,UNKNOWN,UNKNOWN,16,5,False,EMPTY,
13,UNKNOWN,UNKNOWN,0,0,False,OKVED_CODE,
13,UNKNOWN,UNKNOWN,0,1,False,OKVED_NAME,
13,UNKNOWN,UNKNOWN,0,2,False,EMPTY,
13,UNKNOWN,UNKNOWN,0,3,False,EMPTY,
13,UNKNOWN,UNKNOWN,0,4,False,EMPTY,
13,UNKNOWN,UNKNOWN,0,5,False,DATA,Продолжение таблицы 5.
13,UNKNOWN,UNKNOWN,0,6,False,DATA,Продолжение таблицы 5.
13,UNKNOWN,UNKNOWN,1,0,False,OKVED_CODE,
13,UNKNOWN,UNKNOWN,1,1,False,OKVED_NAME,"Оборотные 
активы"
13,UNKNOWN,UNKNOWN,1,2,False,DATA,Запасы
13,UNKNOWN,UNKNOWN,1,3,False,DATA,"Краткосрочная 
кредиторская 
задолженность"
13,UNKNOWN,UNKNOWN,1,4,False,DATA,"Краткосрочная 
кредиторская 
задолженность"
13,UNKNOWN,UNKNOWN,1,5,False,DATA,"Финансовые и другие 
активы (дебиторская, 
НДС по приобретенным 
ценностям, краткосрочные 
финансовы"
13,UNKNOWN,UNKNOWN,1,6,False,DATA,"Дебиторская 
задолженность"
13,UNKNOWN,UNKNOWN,2,0,False,OKVED_CODE,
13,UNKNOWN,UNKNOWN,2,1,False,OKVED_NAME,"длительность 
1 оборота"
13,UNKNOWN,UNKNOWN,2,2,False,DATA,"длительность 
1 оборота"
13,UNKNOWN,UNKNOWN,2,3,False,DATA,"средний срок 
погашения"
13,UNKNOWN,UNKNOWN,2,4,False,DATA,"средний срок 
погашения"
13,UNKNOWN,UNKNOWN,2,5,False,DATA,"средний срок 
погашения"
13,UNKNOWN,UNKNOWN,2,6,False,DATA,"средний срок 
погашения"
13,UNKNOWN,UNKNOWN,3,0,False,OKVED_CODE,"деятельность по предоставлению финансовых услуг, кроме услуг 
по страхованию и пенсионному обеспечен"
13,UNKNOWN,UNKNOWN,3,1,False,OKVED_NAME,"297,0"
13,UNKNOWN,UNKNOWN,3,2,False,DATA,"3,7"
13,UNKNOWN,UNKNOWN,3,3,False,DATA,"57,8"
13,UNKNOWN,UNKNOWN,3,4,False,DATA,"57,8"
13,UNKNOWN,UNKNOWN,3,5,False,DATA,"126,6"
13,UNKNOWN,UNKNOWN,3,6,False,DATA,"75,8"
13,UNKNOWN,UNKNOWN,4,0,False,OKVED_CODE,"Деятельность по операциям 
с недвижимым имуществом"
13,UNKNOWN,UNKNOWN,4,1,False,OKVED_NAME,"170,0"
13,UNKNOWN,UNKNOWN,4,2,False,DATA,"7,9"
13,UNKNOWN,UNKNOWN,4,3,False,DATA,"297,2"
13,UNKNOWN,UNKNOWN,4,4,False,DATA,"297,2"
13,UNKNOWN,UNKNOWN,4,5,False,DATA,"123,0"
13,UNKNOWN,UNKNOWN,4,6,False,DATA,"81,9"
13,UNKNOWN,UNKNOWN,5,0,False,OKVED_CODE,операции с недвижимым имуществом
13,UNKNOWN,UNKNOWN,5,1,False,OKVED_NAME,"170,0"
13,UNKNOWN,UNKNOWN,5,2,False,DATA,"7,9"
13,UNKNOWN,UNKNOWN,5,3,False,DATA,"297,2"
13,UNKNOWN,UNKNOWN,5,4,False,DATA,"297,2"
13,UNKNOWN,UNKNOWN,5,5,False,DATA,"123,0"
13,UNKNOWN,UNKNOWN,5,6,False,DATA,"81,9"
13,UNKNOWN,UNKNOWN,6,0,False,OKVED_CODE,"Деятельность профессиональная, научная и техническая"
13,UNKNOWN,UNKNOWN,6,1,False,OKVED_NAME,"815,9"
13,UNKNOWN,UNKNOWN,6,2,False,DATA,"158,6"
13,UNKNOWN,UNKNOWN,6,3,False,DATA,"69,3"
13,UNKNOWN,UNKNOWN,6,4,False,DATA,"69,3"
13,UNKNOWN,UNKNOWN,6,5,False,DATA,"419,8"
13,UNKNOWN,UNKNOWN,6,6,False,DATA,"388,5"
13,UNKNOWN,UNKNOWN,7,0,False,OKVED_CODE,"деятельность в области права 
и бухгалтерского учета"
13,UNKNOWN,UNKNOWN,7,1,False,OKVED_NAME,"1470,2"
13,UNKNOWN,UNKNOWN,7,2,False,DATA,"3,4"
13,UNKNOWN,UNKNOWN,7,3,False,DATA,"295,3"
13,UNKNOWN,UNKNOWN,7,4,False,DATA,"295,3"
13,UNKNOWN,UNKNOWN,7,5,False,DATA,"1261,7"
13,UNKNOWN,UNKNOWN,7,6,False,DATA,"1259,5"
13,UNKNOWN,UNKNOWN,8,0,False,OKVED_CODE,деятельность головных офисов; консультирование по вопросам управления
13,UNKNOWN,UNKNOWN,8,1,False,OKVED_NAME,"866,9"
13,UNKNOWN,UNKNOWN,8,2,False,DATA,"174,9"
13,UNKNOWN,UNKNOWN,8,3,False,DATA,"63,3"
13,UNKNOWN,UNKNOWN,8,4,False,DATA,"63,3"
13,UNKNOWN,UNKNOWN,8,5,False,DATA,"424,1"
13,UNKNOWN,UNKNOWN,8,6,False,DATA,"423,9"
13,UNKNOWN,UNKNOWN,9,0,False,OKVED_CODE,"деятельность в области архитектуры и инженерно-технического проектирования; технических испытаний, и"
13,UNKNOWN,UNKNOWN,9,1,False,OKVED_NAME,"587,1"
13,UNKNOWN,UNKNOWN,9,2,False,DATA,"161,1"
13,UNKNOWN,UNKNOWN,9,3,False,DATA,"103,8"
13,UNKNOWN,UNKNOWN,9,4,False,DATA,"103,8"
13,UNKNOWN,UNKNOWN,9,5,False,DATA,"390,1"
13,UNKNOWN,UNKNOWN,9,6,False,DATA,"136,4"
13,UNKNOWN,UNKNOWN,10,0,False,OKVED_CODE,деятельность профессиональная научная и техническая прочая
13,UNKNOWN,UNKNOWN,10,1,False,OKVED_NAME,"22,7"
13,UNKNOWN,UNKNOWN,10,2,False,DATA,"4,1"
13,UNKNOWN,UNKNOWN,10,3,False,DATA,"103,2"
13,UNKNOWN,UNKNOWN,10,4,False,DATA,"103,2"
13,UNKNOWN,UNKNOWN,10,5,False,DATA,"18,0"
13,UNKNOWN,UNKNOWN,10,6,False,DATA,"16,7"
13,UNKNOWN,UNKNOWN,11,0,False,OKVED_CODE,"Деятельность административная
и сопутствующие дополнительные услуги"
13,UNKNOWN,UNKNOWN,11,1,False,OKVED_NAME,"118,8"
13,UNKNOWN,UNKNOWN,11,2,False,DATA,"49,1"
13,UNKNOWN,UNKNOWN,11,3,False,DATA,"189,1"
13,UNKNOWN,UNKNOWN,11,4,False,DATA,"189,1"
13,UNKNOWN,UNKNOWN,11,5,False,DATA,"55,0"
13,UNKNOWN,UNKNOWN,11,6,False,DATA,"32,7"
13,UNKNOWN,UNKNOWN,12,0,False,OKVED_CODE,аренда и лизинг
13,UNKNOWN,UNKNOWN,12,1,False,OKVED_NAME,"2913,2"
13,UNKNOWN,UNKNOWN,12,2,False,DATA,"0,0"
13,UNKNOWN,UNKNOWN,12,3,False,DATA,"16,4"
13,UNKNOWN,UNKNOWN,12,4,False,DATA,"16,4"
13,UNKNOWN,UNKNOWN,12,5,False,DATA,"2210,5"
13,UNKNOWN,UNKNOWN,12,6,False,DATA,"520,9"
13,UNKNOWN,UNKNOWN,13,0,False,OKVED_CODE,
13,UNKNOWN,UNKNOWN,13,1,False,OKVED_NAME,Продолжение таблицы 5.
13,UNKNOWN,UNKNOWN,13,2,False,DATA,Продолжение таблицы 5.
13,UNKNOWN,UNKNOWN,13,3,False,DATA,Продолжение таблицы 5.
13,UNKNOWN,UNKNOWN,13,4,False,DATA,Продолжение таблицы 5.
13,UNKNOWN,UNKNOWN,13,5,False,DATA,Продолжение таблицы 5.
13,UNKNOWN,UNKNOWN,13,6,False,DATA,Продолжение таблицы 5.
13,UNKNOWN,UNKNOWN,14,0,False,OKVED_CODE,
13,UNKNOWN,UNKNOWN,14,1,False,OKVED_NAME,"Оборотные 
активы"
13,UNKNOWN,UNKNOWN,14,2,False,DATA,Запасы
13,UNKNOWN,UNKNOWN,14,3,False,DATA,Запасы
13,UNKNOWN,UNKNOWN,14,4,False,DATA,"Краткосрочная 
кредиторская 
задолженность"
13,UNKNOWN,UNKNOWN,14,5,False,DATA,"Финансовые и другие 
активы (дебиторская, 
НДС по приобретенным 
ценностям, краткосрочные 
финансовы"
13,UNKNOWN,UNKNOWN,14,6,False,DATA,"Дебиторская 
задолженность"
13,UNKNOWN,UNKNOWN,15,0,False,OKVED_CODE,
13,UNKNOWN,UNKNOWN,15,1,False,OKVED_NAME,"длительность 
1 оборота"
13,UNKNOWN,UNKNOWN,15,2,False,DATA,"длительность 
1 оборота"
13,UNKNOWN,UNKNOWN,15,3,False,DATA,"длительность 
1 оборота"
13,UNKNOWN,UNKNOWN,15,4,False,DATA,"средний срок 
погашения"
13,UNKNOWN,UNKNOWN,15,5,False,DATA,"средний срок 
погашения"
13,UNKNOWN,UNKNOWN,15,6,False,DATA,"средний срок 
погашения"
13,UNKNOWN,UNKNOWN,16,0,False,OKVED_CODE,"деятельность туристических агентств и прочих организаций, предоставляющих услуги в сфере туризма"
13,UNKNOWN,UNKNOWN,16,1,False,OKVED_NAME,"17456,1"
13,UNKNOWN,UNKNOWN,16,2,False,DATA,"359,4"
13,UNKNOWN,UNKNOWN,16,3,False,DATA,"359,4"
13,UNKNOWN,UNKNOWN,16,4,False,DATA,"13277,8"
13,UNKNOWN,UNKNOWN,16,5,False,DATA,"16808,9"
13,UNKNOWN,UNKNOWN,16,6,False,DATA,"16737,6"
13,UNKNOWN,UNKNOWN,17,0,False,OKVED_CODE,деятельность по обслуживанию зданий и территорий
13,UNKNOWN,UNKNOWN,17,1,False,OKVED_NAME,"91,1"
13,UNKNOWN,UNKNOWN,17,2,False,DATA,"49,2"
13,UNKNOWN,UNKNOWN,17,3,False,DATA,"49,2"
13,UNKNOWN,UNKNOWN,17,4,False,DATA,"189,4"
13,UNKNOWN,UNKNOWN,17,5,False,DATA,"32,9"
13,UNKNOWN,UNKNOWN,17,6,False,DATA,"24,5"
13,UNKNOWN,UNKNOWN,18,0,False,OKVED_CODE,"деятельность административно-хозяйственная, вспомогательная деятельность по обеспечению функциониров"
13,UNKNOWN,UNKNOWN,18,1,False,OKVED_NAME,"34,9"
13,UNKNOWN,UNKNOWN,18,2,False,DATA,"8,8"
13,UNKNOWN,UNKNOWN,18,3,False,DATA,"8,8"
13,UNKNOWN,UNKNOWN,18,4,False,DATA,"14,1"
13,UNKNOWN,UNKNOWN,18,5,False,DATA,"9,9"
13,UNKNOWN,UNKNOWN,18,6,False,DATA,"9,9"
13,UNKNOWN,UNKNOWN,19,0,False,OKVED_CODE,"Государственное управление 
и обеспечение военной безопасности; социальное обеспечение"
13,UNKNOWN,UNKNOWN,19,1,False,OKVED_NAME,"493,1"
13,UNKNOWN,UNKNOWN,19,2,False,DATA,"478,5"
13,UNKNOWN,UNKNOWN,19,3,False,DATA,"478,5"
13,UNKNOWN,UNKNOWN,19,4,False,DATA,"3,6"
13,UNKNOWN,UNKNOWN,19,5,False,DATA,"4,2"
13,UNKNOWN,UNKNOWN,19,6,False,DATA,"0,8"
13,UNKNOWN,UNKNOWN,20,0,False,OKVED_CODE,"деятельность органов государственного управления
по обеспечению военной безопасности, обязательному "
13,UNKNOWN,UNKNOWN,20,1,False,OKVED_NAME,"493,1"
13,UNKNOWN,UNKNOWN,20,2,False,DATA,"478,5"
13,UNKNOWN,UNKNOWN,20,3,False,DATA,"478,5"
13,UNKNOWN,UNKNOWN,20,4,False,DATA,"3,6"
13,UNKNOWN,UNKNOWN,20,5,False,DATA,"4,2"
13,UNKNOWN,UNKNOWN,20,6,False,DATA,"0,8"
13,UNKNOWN,UNKNOWN,21,0,False,OKVED_CODE,Образование
13,UNKNOWN,UNKNOWN,21,1,False,OKVED_NAME,"79,2"
13,UNKNOWN,UNKNOWN,21,2,False,DATA,"59,6"
13,UNKNOWN,UNKNOWN,21,3,False,DATA,"59,6"
13,UNKNOWN,UNKNOWN,21,4,False,DATA,"35,1"
13,UNKNOWN,UNKNOWN,21,5,False,DATA,"13,8"
13,UNKNOWN,UNKNOWN,21,6,False,DATA,"13,8"
13,UNKNOWN,UNKNOWN,22,0,False,OKVED_CODE,образование
13,UNKNOWN,UNKNOWN,22,1,False,OKVED_NAME,"79,2"
13,UNKNOWN,UNKNOWN,22,2,False,DATA,"59,6"
13,UNKNOWN,UNKNOWN,22,3,False,DATA,"59,6"
13,UNKNOWN,UNKNOWN,22,4,False,DATA,"35,1"
13,UNKNOWN,UNKNOWN,22,5,False,DATA,"13,8"
13,UNKNOWN,UNKNOWN,22,6,False,DATA,"13,8"
13,UNKNOWN,UNKNOWN,23,0,False,OKVED_CODE,
13,UNKNOWN,UNKNOWN,23,1,False,OKVED_NAME,
13,UNKNOWN,UNKNOWN,23,2,False,EMPTY,
13,UNKNOWN,UNKNOWN,23,3,False,EMPTY,
13,UNKNOWN,UNKNOWN,23,4,False,EMPTY,
13,UNKNOWN,UNKNOWN,23,5,False,EMPTY,
13,UNKNOWN,UNKNOWN,23,6,False,EMPTY,
13,UNKNOWN,UNKNOWN,24,0,False,OKVED_CODE,
13,UNKNOWN,UNKNOWN,24,1,False,OKVED_NAME,Продолжение таблицы 5.
13,UNKNOWN,UNKNOWN,24,2,False,DATA,Продолжение таблицы 5.
13,UNKNOWN,UNKNOWN,24,3,False,DATA,Продолжение таблицы 5.
13,UNKNOWN,UNKNOWN,24,4,False,DATA,Продолжение таблицы 5.
13,UNKNOWN,UNKNOWN,24,5,False,DATA,Продолжение таблицы 5.
13,UNKNOWN,UNKNOWN,24,6,False,DATA,Продолжение таблицы 5.
13,UNKNOWN,UNKNOWN,25,0,False,OKVED_CODE,
13,UNKNOWN,UNKNOWN,25,1,False,OKVED_NAME,"Оборотные 
активы"
13,UNKNOWN,UNKNOWN,25,2,False,DATA,Запасы
13,UNKNOWN,UNKNOWN,25,3,False,DATA,Запасы
13,UNKNOWN,UNKNOWN,25,4,False,DATA,"Краткосрочная 
кредиторская 
задолженность"
13,UNKNOWN,UNKNOWN,25,5,False,DATA,"Финансовые и другие 
активы (дебиторская, 
НДС по приобретенным 
ценностям, краткосрочные 
финансовы"
13,UNKNOWN,UNKNOWN,25,6,False,DATA,"Дебиторская 
задолженность"
13,UNKNOWN,UNKNOWN,26,0,False,OKVED_CODE,
13,UNKNOWN,UNKNOWN,26,1,False,OKVED_NAME,"длительность 
1 оборота"
13,UNKNOWN,UNKNOWN,26,2,False,DATA,"длительность 
1 оборота"
13,UNKNOWN,UNKNOWN,26,3,False,DATA,"длительность 
1 оборота"
13,UNKNOWN,UNKNOWN,26,4,False,DATA,"средний срок 
погашения"
13,UNKNOWN,UNKNOWN,26,5,False,DATA,"средний срок 
погашения"
13,UNKNOWN,UNKNOWN,26,6,False,DATA,"средний срок 
погашения"
13,UNKNOWN,UNKNOWN,27,0,False,OKVED_CODE,Деятельность в области здравоохранения и социальных услуг
13,UNKNOWN,UNKNOWN,27,1,False,OKVED_NAME,"274,3"
13,UNKNOWN,UNKNOWN,27,2,False,DATA,"3,6"
13,UNKNOWN,UNKNOWN,27,3,False,DATA,"3,6"
13,UNKNOWN,UNKNOWN,27,4,False,DATA,"31,3"
13,UNKNOWN,UNKNOWN,27,5,False,DATA,"179,7"
13,UNKNOWN,UNKNOWN,27,6,False,DATA,"179,7"
13,UNKNOWN,UNKNOWN,28,0,False,OKVED_CODE,деятельность в области здравоохранения
13,UNKNOWN,UNKNOWN,28,1,False,OKVED_NAME,"271,3"
13,UNKNOWN,UNKNOWN,28,2,False,DATA,"3,6"
13,UNKNOWN,UNKNOWN,28,3,False,DATA,"3,6"
13,UNKNOWN,UNKNOWN,28,4,False,DATA,"30,4"
13,UNKNOWN,UNKNOWN,28,5,False,DATA,"179,2"
13,UNKNOWN,UNKNOWN,28,6,False,DATA,"179,1"
13,UNKNOWN,UNKNOWN,29,0,False,OKVED_CODE,"Деятельность в области культуры, спорта, организации досуга 
и развлечений"
13,UNKNOWN,UNKNOWN,29,1,False,OKVED_NAME,"75,9"
13,UNKNOWN,UNKNOWN,29,2,False,DATA,"0,0"
13,UNKNOWN,UNKNOWN,29,3,False,DATA,"0,0"
13,UNKNOWN,UNKNOWN,29,4,False,DATA,-
13,UNKNOWN,UNKNOWN,29,5,False,DATA,"27,4"
13,UNKNOWN,UNKNOWN,29,6,False,DATA,"27,4"
13,UNKNOWN,UNKNOWN,30,0,False,OKVED_CODE,"деятельность в области спорта, отдыха и развлечений"
13,UNKNOWN,UNKNOWN,30,1,False,OKVED_NAME,"75,9"
13,UNKNOWN,UNKNOWN,30,2,False,DATA,"0,0"
13,UNKNOWN,UNKNOWN,30,3,False,DATA,"0,0"
13,UNKNOWN,UNKNOWN,30,4,False,DATA,-
13,UNKNOWN,UNKNOWN,30,5,False,DATA,"27,4"
13,UNKNOWN,UNKNOWN,30,6,False,DATA,"27,4"
13,UNKNOWN,UNKNOWN,31,0,False,OKVED_CODE,Предоставление прочих видов услуг
13,UNKNOWN,UNKNOWN,31,1,False,OKVED_NAME,"8880,1"
13,UNKNOWN,UNKNOWN,31,2,False,DATA,"11,8"
13,UNKNOWN,UNKNOWN,31,3,False,DATA,"11,8"
13,UNKNOWN,UNKNOWN,31,4,False,DATA,"341,3"
13,UNKNOWN,UNKNOWN,31,5,False,DATA,"954,1"
13,UNKNOWN,UNKNOWN,31,6,False,DATA,"352,1"
13,UNKNOWN,UNKNOWN,32,0,False,OKVED_CODE,деятельность общественных и прочих некоммерческих организаций
13,UNKNOWN,UNKNOWN,32,1,False,OKVED_NAME,"18047,6"
13,UNKNOWN,UNKNOWN,32,2,False,DATA,"54,4"
13,UNKNOWN,UNKNOWN,32,3,False,DATA,"54,4"
13,UNKNOWN,UNKNOWN,32,4,False,DATA,"133,1"
13,UNKNOWN,UNKNOWN,32,5,False,DATA,"1409,1"
13,UNKNOWN,UNKNOWN,32,6,False,DATA,"152,2"
13,UNKNOWN,UNKNOWN,33,0,False,OKVED_CODE,деятельность по предоставлению прочих персональных услуг
13,UNKNOWN,UNKNOWN,33,1,False,OKVED_NAME,"546,7"
13,UNKNOWN,UNKNOWN,33,2,False,DATA,"6,1"
13,UNKNOWN,UNKNOWN,33,3,False,DATA,"6,1"
13,UNKNOWN,UNKNOWN,33,4,False,DATA,"531,3"
13,UNKNOWN,UNKNOWN,33,5,False,DATA,"538,8"
13,UNKNOWN,UNKNOWN,33,6,False,DATA,"534,7"
13,UNKNOWN,UNKNOWN,34,0,False,OKVED_CODE,
13,UNKNOWN,UNKNOWN,34,1,False,OKVED_NAME,
13,UNKNOWN,UNKNOWN,34,2,False,EMPTY,
13,UNKNOWN,UNKNOWN,34,3,False,EMPTY,
13,UNKNOWN,UNKNOWN,34,4,False,EMPTY,
13,UNKNOWN,UNKNOWN,34,5,False,EMPTY,
13,UNKNOWN,UNKNOWN,34,6,False,EMPTY,
13,UNKNOWN,UNKNOWN,35,0,False,OKVED_CODE,
13,UNKNOWN,UNKNOWN,35,1,False,OKVED_NAME,
13,UNKNOWN,UNKNOWN,35,2,False,EMPTY,
13,UNKNOWN,UNKNOWN,35,3,False,EMPTY,
13,UNKNOWN,UNKNOWN,35,4,False,EMPTY,
13,UNKNOWN,UNKNOWN,35,5,False,EMPTY,
13,UNKNOWN,UNKNOWN,35,6,False,EMPTY,
13,UNKNOWN,UNKNOWN,36,0,False,OKVED_CODE,
13,UNKNOWN,UNKNOWN,36,1,False,OKVED_NAME,
13,UNKNOWN,UNKNOWN,36,2,False,EMPTY,
13,UNKNOWN,UNKNOWN,36,3,False,EMPTY,
13,UNKNOWN,UNKNOWN,36,4,False,EMPTY,
13,UNKNOWN,UNKNOWN,36,5,False,EMPTY,
13,UNKNOWN,UNKNOWN,36,6,False,EMPTY,
13,UNKNOWN,UNKNOWN,37,0,False,OKVED_CODE,
13,UNKNOWN,UNKNOWN,37,1,False,OKVED_NAME,
13,UNKNOWN,UNKNOWN,37,2,False,EMPTY,
13,UNKNOWN,UNKNOWN,37,3,False,EMPTY,
13,UNKNOWN,UNKNOWN,37,4,False,EMPTY,
13,UNKNOWN,UNKNOWN,37,5,False,EMPTY,
13,UNKNOWN,UNKNOWN,37,6,False,EMPTY,
13,UNKNOWN,UNKNOWN,38,0,False,OKVED_CODE,
13,UNKNOWN,UNKNOWN,38,1,False,OKVED_NAME,
13,UNKNOWN,UNKNOWN,38,2,False,EMPTY,
13,UNKNOWN,UNKNOWN,38,3,False,EMPTY,
13,UNKNOWN,UNKNOWN,38,4,False,EMPTY,
13,UNKNOWN,UNKNOWN,38,5,False,EMPTY,
13,UNKNOWN,UNKNOWN,38,6,False,EMPTY,
13,UNKNOWN,UNKNOWN,39,0,False,OKVED_CODE,
13,UNKNOWN,UNKNOWN,39,1,False,OKVED_NAME,
13,UNKNOWN,UNKNOWN,39,2,False,EMPTY,
13,UNKNOWN,UNKNOWN,39,3,False,EMPTY,
13,UNKNOWN,UNKNOWN,39,4,False,EMPTY,
13,UNKNOWN,UNKNOWN,39,5,False,EMPTY,
13,UNKNOWN,UNKNOWN,39,6,False,EMPTY,
13,UNKNOWN,UNKNOWN,40,0,False,OKVED_CODE,
13,UNKNOWN,UNKNOWN,40,1,False,OKVED_NAME,
13,UNKNOWN,UNKNOWN,40,2,False,EMPTY,
13,UNKNOWN,UNKNOWN,40,3,False,EMPTY,
13,UNKNOWN,UNKNOWN,40,4,False,EMPTY,
13,UNKNOWN,UNKNOWN,40,5,False,EMPTY,
13,UNKNOWN,UNKNOWN,40,6,False,EMPTY,
14,UNKNOWN,UNKNOWN,0,0,True,HEADER,
14,UNKNOWN,UNKNOWN,0,1,True,HEADER,
14,UNKNOWN,UNKNOWN,0,2,True,HEADER,
14,UNKNOWN,UNKNOWN,0,3,True,HEADER,
14,UNKNOWN,UNKNOWN,0,4,True,HEADER,
14,UNKNOWN,UNKNOWN,0,5,True,HEADER,"на конец года, тысяч рублей"
14,UNKNOWN,UNKNOWN,0,6,True,HEADER,"на конец года, тысяч рублей"
14,UNKNOWN,UNKNOWN,0,7,True,HEADER,"на конец года, тысяч рублей"
14,UNKNOWN,UNKNOWN,0,8,True,HEADER,"на конец года, тысяч рублей"
14,UNKNOWN,UNKNOWN,1,0,True,HEADER,
14,UNKNOWN,UNKNOWN,1,1,True,HEADER,"Уставный капитал
(паевой фонд)"
14,UNKNOWN,UNKNOWN,1,2,True,HEADER,"Уставный капитал
(паевой фонд)"
14,UNKNOWN,UNKNOWN,1,3,True,HEADER,"Уставный капитал
(паевой фонд)"
14,UNKNOWN,UNKNOWN,1,4,True,HEADER,"Собственные акции,
выкупленные у акционеров 
(целевой капитал)"
14,UNKNOWN,UNKNOWN,1,5,True,HEADER,"Собственные акции,
выкупленные у акционеров 
(целевой капитал)"
14,UNKNOWN,UNKNOWN,1,6,True,HEADER,"Собственные акции,
выкупленные у акционеров 
(целевой капитал)"
14,UNKNOWN,UNKNOWN,1,7,True,HEADER,"Нераспределенная прибыль 
(непокрытый убыток) 
(Резервные и иные целевые фонды)"
14,UNKNOWN,UNKNOWN,1,8,True,HEADER,"Нераспределенная прибыль 
(непокрытый убыток) 
(Резервные и иные целевые фонды)"
14,UNKNOWN,UNKNOWN,2,0,False,OKVED_CODE,
14,UNKNOWN,UNKNOWN,2,1,False,OKVED_NAME,2022
14,UNKNOWN,UNKNOWN,2,2,False,DATA,2023
14,UNKNOWN,UNKNOWN,2,3,False,DATA,2023
14,UNKNOWN,UNKNOWN,2,4,False,DATA,2022
14,UNKNOWN,UNKNOWN,2,5,False,DATA,2022
14,UNKNOWN,UNKNOWN,2,6,False,DATA,2023
14,UNKNOWN,UNKNOWN,2,7,False,DATA,2022
14,UNKNOWN,UNKNOWN,2,8,False,DATA,2023
14,UNKNOWN,UNKNOWN,3,0,False,OKVED_CODE,Всего по обследуемым видам экономической деятельности
14,UNKNOWN,UNKNOWN,3,1,False,OKVED_NAME,34333656
14,UNKNOWN,UNKNOWN,3,2,False,DATA,38826909
14,UNKNOWN,UNKNOWN,3,3,False,DATA,38826909
14,UNKNOWN,UNKNOWN,3,4,False,DATA,-1972
14,UNKNOWN,UNKNOWN,3,5,False,DATA,-1972
14,UNKNOWN,UNKNOWN,3,6,False,DATA,-1334726
14,UNKNOWN,UNKNOWN,3,7,False,DATA,137716700
14,UNKNOWN,UNKNOWN,3,8,False,DATA,151209897
14,UNKNOWN,UNKNOWN,4,0,False,OKVED_CODE,"Сельское, лесное хозяйство, охота, рыболовство
и рыбоводство"
14,UNKNOWN,UNKNOWN,4,1,False,OKVED_NAME,2779936
14,UNKNOWN,UNKNOWN,4,2,False,DATA,2929982
14,UNKNOWN,UNKNOWN,4,3,False,DATA,2929982
14,UNKNOWN,UNKNOWN,4,4,False,DATA,-1100
14,UNKNOWN,UNKNOWN,4,5,False,DATA,-1100
14,UNKNOWN,UNKNOWN,4,6,False,DATA,-23192
14,UNKNOWN,UNKNOWN,4,7,False,DATA,93816757
14,UNKNOWN,UNKNOWN,4,8,False,DATA,101630034
14,UNKNOWN,UNKNOWN,5,0,False,OKVED_CODE,"растениеводство и животноводство, охота
и предоставление соответствующих услуг 
в этих областях"
14,UNKNOWN,UNKNOWN,5,1,False,OKVED_NAME,1505081
14,UNKNOWN,UNKNOWN,5,2,False,DATA,1505128
14,UNKNOWN,UNKNOWN,5,3,False,DATA,1505128
14,UNKNOWN,UNKNOWN,5,4,False,DATA,-
14,UNKNOWN,UNKNOWN,5,5,False,DATA,-
14,UNKNOWN,UNKNOWN,5,6,False,DATA,-
14,UNKNOWN,UNKNOWN,5,7,False,DATA,589943
14,UNKNOWN,UNKNOWN,5,8,False,DATA,529339
14,UNKNOWN,UNKNOWN,6,0,False,OKVED_CODE,рыболовство и рыбоводство
14,UNKNOWN,UNKNOWN,6,1,False,OKVED_NAME,1274855
14,UNKNOWN,UNKNOWN,6,2,False,DATA,1424854
14,UNKNOWN,UNKNOWN,6,3,False,DATA,1424854
14,UNKNOWN,UNKNOWN,6,4,False,DATA,-1100
14,UNKNOWN,UNKNOWN,6,5,False,DATA,-1100
14,UNKNOWN,UNKNOWN,6,6,False,DATA,-23192
14,UNKNOWN,UNKNOWN,6,7,False,DATA,93226814
14,UNKNOWN,UNKNOWN,6,8,False,DATA,101100695
14,UNKNOWN,UNKNOWN,7,0,False,OKVED_CODE,Добыча полезных ископаемых
14,UNKNOWN,UNKNOWN,7,1,False,OKVED_NAME,5027037
14,UNKNOWN,UNKNOWN,7,2,False,DATA,5027037
14,UNKNOWN,UNKNOWN,7,3,False,DATA,5027037
14,UNKNOWN,UNKNOWN,7,4,False,DATA,-872
14,UNKNOWN,UNKNOWN,7,5,False,DATA,-872
14,UNKNOWN,UNKNOWN,7,6,False,DATA,-
14,UNKNOWN,UNKNOWN,7,7,False,DATA,2179398
14,UNKNOWN,UNKNOWN,7,8,False,DATA,-2893872
14,UNKNOWN,UNKNOWN,8,0,False,OKVED_CODE,добыча металлических руд
14,UNKNOWN,UNKNOWN,8,1,False,OKVED_NAME,5027037
14,UNKNOWN,UNKNOWN,8,2,False,DATA,5027037
14,UNKNOWN,UNKNOWN,8,3,False,DATA,5027037
14,UNKNOWN,UNKNOWN,8,4,False,DATA,-872
14,UNKNOWN,UNKNOWN,8,5,False,DATA,-872
14,UNKNOWN,UNKNOWN,8,6,False,DATA,-
14,UNKNOWN,UNKNOWN,8,7,False,DATA,2179398
14,UNKNOWN,UNKNOWN,8,8,False,DATA,-2893872
14,UNKNOWN,UNKNOWN,9,0,False,OKVED_CODE,Обрабатывающие производства
14,UNKNOWN,UNKNOWN,9,1,False,OKVED_NAME,2202538
14,UNKNOWN,UNKNOWN,9,2,False,DATA,2202538
14,UNKNOWN,UNKNOWN,9,3,False,DATA,2202538
14,UNKNOWN,UNKNOWN,9,4,False,DATA,-
14,UNKNOWN,UNKNOWN,9,5,False,DATA,-
14,UNKNOWN,UNKNOWN,9,6,False,DATA,-1311544
14,UNKNOWN,UNKNOWN,9,7,False,DATA,22080085
14,UNKNOWN,UNKNOWN,9,8,False,DATA,25850663
14,UNKNOWN,UNKNOWN,10,0,False,OKVED_CODE,производство пищевых продуктов
14,UNKNOWN,UNKNOWN,10,1,False,OKVED_NAME,1714464
14,UNKNOWN,UNKNOWN,10,2,False,DATA,1714464
14,UNKNOWN,UNKNOWN,10,3,False,DATA,1714464
14,UNKNOWN,UNKNOWN,10,4,False,DATA,-
14,UNKNOWN,UNKNOWN,10,5,False,DATA,-
14,UNKNOWN,UNKNOWN,10,6,False,DATA,-1311544
14,UNKNOWN,UNKNOWN,10,7,False,DATA,19921696
14,UNKNOWN,UNKNOWN,10,8,False,DATA,23577995
14,UNKNOWN,UNKNOWN,11,0,False,OKVED_CODE,производство напитков
14,UNKNOWN,UNKNOWN,11,1,False,OKVED_NAME,26
14,UNKNOWN,UNKNOWN,11,2,False,DATA,26
14,UNKNOWN,UNKNOWN,11,3,False,DATA,26
14,UNKNOWN,UNKNOWN,11,4,False,DATA,-
14,UNKNOWN,UNKNOWN,11,5,False,DATA,-
14,UNKNOWN,UNKNOWN,11,6,False,DATA,-
14,UNKNOWN,UNKNOWN,11,7,False,DATA,1319813
14,UNKNOWN,UNKNOWN,11,8,False,DATA,1397029
14,UNKNOWN,UNKNOWN,12,0,False,OKVED_CODE,производство прочих готовых изделий
14,UNKNOWN,UNKNOWN,12,1,False,OKVED_NAME,21488
14,UNKNOWN,UNKNOWN,12,2,False,DATA,21488
14,UNKNOWN,UNKNOWN,12,3,False,DATA,21488
14,UNKNOWN,UNKNOWN,12,4,False,DATA,-
14,UNKNOWN,UNKNOWN,12,5,False,DATA,-
14,UNKNOWN,UNKNOWN,12,6,False,DATA,-
14,UNKNOWN,UNKNOWN,12,7,False,DATA,-18843
14,UNKNOWN,UNKNOWN,12,8,False,DATA,-12780
14,UNKNOWN,UNKNOWN,13,0,False,OKVED_CODE,ремонт и монтаж машин и оборудования
14,UNKNOWN,UNKNOWN,13,1,False,OKVED_NAME,466550
14,UNKNOWN,UNKNOWN,13,2,False,DATA,466550
14,UNKNOWN,UNKNOWN,13,3,False,DATA,466550
14,UNKNOWN,UNKNOWN,13,4,False,DATA,-
14,UNKNOWN,UNKNOWN,13,5,False,DATA,-
14,UNKNOWN,UNKNOWN,13,6,False,DATA,-
14,UNKNOWN,UNKNOWN,13,7,False,DATA,857388
14,UNKNOWN,UNKNOWN,13,8,False,DATA,888388
14,UNKNOWN,UNKNOWN,14,0,False,OKVED_CODE,"Обеспечение электрической энергией, газом 
и паром; кондиционирование воздуха"
14,UNKNOWN,UNKNOWN,14,1,False,OKVED_NAME,7859512
14,UNKNOWN,UNKNOWN,14,2,False,DATA,9210514
14,UNKNOWN,UNKNOWN,14,3,False,DATA,9210514
14,UNKNOWN,UNKNOWN,14,4,False,DATA,-
14,UNKNOWN,UNKNOWN,14,5,False,DATA,-
14,UNKNOWN,UNKNOWN,14,6,False,DATA,-
14,UNKNOWN,UNKNOWN,14,7,False,DATA,7110976
14,UNKNOWN,UNKNOWN,14,8,False,DATA,9714075
14,UNKNOWN,UNKNOWN,15,0,False,OKVED_CODE,"обеспечение электрической энергией, газом и паром; кондиционирование воздуха"
14,UNKNOWN,UNKNOWN,15,1,False,OKVED_NAME,7859512
14,UNKNOWN,UNKNOWN,15,2,False,DATA,9210514
14,UNKNOWN,UNKNOWN,15,3,False,DATA,9210514
14,UNKNOWN,UNKNOWN,15,4,False,DATA,-
14,UNKNOWN,UNKNOWN,15,5,False,DATA,-
14,UNKNOWN,UNKNOWN,15,6,False,DATA,-
14,UNKNOWN,UNKNOWN,15,7,False,DATA,7110976
14,UNKNOWN,UNKNOWN,15,8,False,DATA,9714075
14,UNKNOWN,UNKNOWN,16,0,False,OKVED_CODE,"Водоснабжение; водоотведение, организация сбора 
и утилизации отходов, деятельность по ликвидации за"
14,UNKNOWN,UNKNOWN,16,1,False,OKVED_NAME,435748
14,UNKNOWN,UNKNOWN,16,2,False,DATA,975476
14,UNKNOWN,UNKNOWN,16,3,False,DATA,975476
14,UNKNOWN,UNKNOWN,16,4,False,DATA,-
14,UNKNOWN,UNKNOWN,16,5,False,DATA,-
14,UNKNOWN,UNKNOWN,16,6,False,DATA,-
14,UNKNOWN,UNKNOWN,16,7,False,DATA,1618669
14,UNKNOWN,UNKNOWN,16,8,False,DATA,2441550
14,UNKNOWN,UNKNOWN,17,0,False,OKVED_CODE,"забор, очистка и распределение воды"
14,UNKNOWN,UNKNOWN,17,1,False,OKVED_NAME,410970
14,UNKNOWN,UNKNOWN,17,2,False,DATA,410970
14,UNKNOWN,UNKNOWN,17,3,False,DATA,410970
14,UNKNOWN,UNKNOWN,17,4,False,DATA,-
14,UNKNOWN,UNKNOWN,17,5,False,DATA,-
14,UNKNOWN,UNKNOWN,17,6,False,DATA,-
14,UNKNOWN,UNKNOWN,17,7,False,DATA,1579824
14,UNKNOWN,UNKNOWN,17,8,False,DATA,1823402
14,UNKNOWN,UNKNOWN,18,0,False,OKVED_CODE,
14,UNKNOWN,UNKNOWN,18,1,False,OKVED_NAME,
14,UNKNOWN,UNKNOWN,18,2,False,EMPTY,
14,UNKNOWN,UNKNOWN,18,3,False,EMPTY,
14,UNKNOWN,UNKNOWN,18,4,False,EMPTY,
14,UNKNOWN,UNKNOWN,18,5,False,EMPTY,
14,UNKNOWN,UNKNOWN,18,6,False,EMPTY,
14,UNKNOWN,UNKNOWN,18,7,False,EMPTY,
14,UNKNOWN,UNKNOWN,18,8,False,EMPTY,
14,UNKNOWN,UNKNOWN,19,0,False,OKVED_CODE,
14,UNKNOWN,UNKNOWN,19,1,False,OKVED_NAME,
14,UNKNOWN,UNKNOWN,19,2,False,EMPTY,
14,UNKNOWN,UNKNOWN,19,3,False,EMPTY,
14,UNKNOWN,UNKNOWN,19,4,False,EMPTY,
14,UNKNOWN,UNKNOWN,19,5,False,EMPTY,
14,UNKNOWN,UNKNOWN,19,6,False,EMPTY,
14,UNKNOWN,UNKNOWN,19,7,False,EMPTY,
14,UNKNOWN,UNKNOWN,19,8,False,EMPTY,
14,UNKNOWN,UNKNOWN,20,0,False,OKVED_CODE,
14,UNKNOWN,UNKNOWN,20,1,False,OKVED_NAME,
14,UNKNOWN,UNKNOWN,20,2,False,EMPTY,
14,UNKNOWN,UNKNOWN,20,3,False,EMPTY,
14,UNKNOWN,UNKNOWN,20,4,False,EMPTY,
14,UNKNOWN,UNKNOWN,20,5,False,DATA,Продолжение таблицы 6.
14,UNKNOWN,UNKNOWN,20,6,False,DATA,Продолжение таблицы 6.
14,UNKNOWN,UNKNOWN,20,7,False,DATA,Продолжение таблицы 6.
14,UNKNOWN,UNKNOWN,20,8,False,DATA,Продолжение таблицы 6.
14,UNKNOWN,UNKNOWN,21,0,False,OKVED_CODE,6
14,UNKNOWN,UNKNOWN,21,1,False,OKVED_NAME,"Уставный капитал
(паевой фонд)"
14,UNKNOWN,UNKNOWN,21,2,False,DATA,"Уставный капитал
(паевой фонд)"
14,UNKNOWN,UNKNOWN,21,3,False,DATA,"Уставный капитал
(паевой фонд)"
14,UNKNOWN,UNKNOWN,21,4,False,DATA,"Собственные акции,
выкупленные у акционеров 
(целевой капитал)"
14,UNKNOWN,UNKNOWN,21,5,False,DATA,"Собственные акции,
выкупленные у акционеров 
(целевой капитал)"
14,UNKNOWN,UNKNOWN,21,6,False,DATA,"Собственные акции,
выкупленные у акционеров 
(целевой капитал)"
14,UNKNOWN,UNKNOWN,21,7,False,DATA,"Нераспределенная прибыль 
(непокрытый убыток) 
(Резервные и иные целевые фонды)"
14,UNKNOWN,UNKNOWN,21,8,False,DATA,"Нераспределенная прибыль 
(непокрытый убыток) 
(Резервные и иные целевые фонды)"
14,UNKNOWN,UNKNOWN,22,0,False,OKVED_CODE,6
14,UNKNOWN,UNKNOWN,22,1,False,OKVED_NAME,2022
14,UNKNOWN,UNKNOWN,22,2,False,DATA,2023
14,UNKNOWN,UNKNOWN,22,3,False,DATA,2023
14,UNKNOWN,UNKNOWN,22,4,False,DATA,2022
14,UNKNOWN,UNKNOWN,22,5,False,DATA,2022
14,UNKNOWN,UNKNOWN,22,6,False,DATA,2023
14,UNKNOWN,UNKNOWN,22,7,False,DATA,2022
14,UNKNOWN,UNKNOWN,22,8,False,DATA,2023
14,UNKNOWN,UNKNOWN,23,0,False,OKVED_CODE,"сбор, обработка и утилизация отходов; обработка вторичного сырья"
14,UNKNOWN,UNKNOWN,23,1,False,OKVED_NAME,24778
14,UNKNOWN,UNKNOWN,23,2,False,DATA,564506
14,UNKNOWN,UNKNOWN,23,3,False,DATA,564506
14,UNKNOWN,UNKNOWN,23,4,False,DATA,-
14,UNKNOWN,UNKNOWN,23,5,False,DATA,-
14,UNKNOWN,UNKNOWN,23,6,False,DATA,-
14,UNKNOWN,UNKNOWN,23,7,False,DATA,38845
14,UNKNOWN,UNKNOWN,23,8,False,DATA,618148
14,UNKNOWN,UNKNOWN,24,0,False,OKVED_CODE,Строительство
14,UNKNOWN,UNKNOWN,24,1,False,OKVED_NAME,28596
14,UNKNOWN,UNKNOWN,24,2,False,DATA,28596
14,UNKNOWN,UNKNOWN,24,3,False,DATA,28596
14,UNKNOWN,UNKNOWN,24,4,False,DATA,-
14,UNKNOWN,UNKNOWN,24,5,False,DATA,-
14,UNKNOWN,UNKNOWN,24,6,False,DATA,-
14,UNKNOWN,UNKNOWN,24,7,False,DATA,1434932
14,UNKNOWN,UNKNOWN,24,8,False,DATA,1381217
14,UNKNOWN,UNKNOWN,25,0,False,OKVED_CODE,строительство зданий
14,UNKNOWN,UNKNOWN,25,1,False,OKVED_NAME,1975
14,UNKNOWN,UNKNOWN,25,2,False,DATA,1975
14,UNKNOWN,UNKNOWN,25,3,False,DATA,1975
14,UNKNOWN,UNKNOWN,25,4,False,DATA,-
14,UNKNOWN,UNKNOWN,25,5,False,DATA,-
14,UNKNOWN,UNKNOWN,25,6,False,DATA,-
14,UNKNOWN,UNKNOWN,25,7,False,DATA,377211
14,UNKNOWN,UNKNOWN,25,8,False,DATA,752739
14,UNKNOWN,UNKNOWN,26,0,False,OKVED_CODE,строительство инженерных сооружений
14,UNKNOWN,UNKNOWN,26,1,False,OKVED_NAME,26521
14,UNKNOWN,UNKNOWN,26,2,False,DATA,26521
14,UNKNOWN,UNKNOWN,26,3,False,DATA,26521
14,UNKNOWN,UNKNOWN,26,4,False,DATA,-
14,UNKNOWN,UNKNOWN,26,5,False,DATA,-
14,UNKNOWN,UNKNOWN,26,6,False,DATA,-
14,UNKNOWN,UNKNOWN,26,7,False,DATA,1080434
14,UNKNOWN,UNKNOWN,26,8,False,DATA,651503
14,UNKNOWN,UNKNOWN,27,0,False,OKVED_CODE,работы строительные специализированные
14,UNKNOWN,UNKNOWN,27,1,False,OKVED_NAME,100
14,UNKNOWN,UNKNOWN,27,2,False,DATA,100
14,UNKNOWN,UNKNOWN,27,3,False,DATA,100
14,UNKNOWN,UNKNOWN,27,4,False,DATA,-
14,UNKNOWN,UNKNOWN,27,5,False,DATA,-
14,UNKNOWN,UNKNOWN,27,6,False,DATA,-
14,UNKNOWN,UNKNOWN,27,7,False,DATA,-22713
14,UNKNOWN,UNKNOWN,27,8,False,DATA,-23025
14,UNKNOWN,UNKNOWN,28,0,False,OKVED_CODE,Торговля оптовая и розничная; ремонт автотранспортных средств и мотоциклов
14,UNKNOWN,UNKNOWN,28,1,False,OKVED_NAME,2593011
14,UNKNOWN,UNKNOWN,28,2,False,DATA,2593011
14,UNKNOWN,UNKNOWN,28,3,False,DATA,2593011
14,UNKNOWN,UNKNOWN,28,4,False,DATA,-
14,UNKNOWN,UNKNOWN,28,5,False,DATA,-
14,UNKNOWN,UNKNOWN,28,6,False,DATA,-
14,UNKNOWN,UNKNOWN,28,7,False,DATA,5241906
14,UNKNOWN,UNKNOWN,28,8,False,DATA,5225961
14,UNKNOWN,UNKNOWN,29,0,False,OKVED_CODE,"торговля оптовая, кроме оптовой торговли автотранспортными средствами и мотоциклами"
14,UNKNOWN,UNKNOWN,29,1,False,OKVED_NAME,2538146
14,UNKNOWN,UNKNOWN,29,2,False,DATA,2538146
14,UNKNOWN,UNKNOWN,29,3,False,DATA,2538146
14,UNKNOWN,UNKNOWN,29,4,False,DATA,-
14,UNKNOWN,UNKNOWN,29,5,False,DATA,-
14,UNKNOWN,UNKNOWN,29,6,False,DATA,-
14,UNKNOWN,UNKNOWN,29,7,False,DATA,5086748
14,UNKNOWN,UNKNOWN,29,8,False,DATA,5089362
14,UNKNOWN,UNKNOWN,30,0,False,OKVED_CODE,"торговля розничная, кроме торговли автотранспортными средствами и мотоциклами"
14,UNKNOWN,UNKNOWN,30,1,False,OKVED_NAME,54865
14,UNKNOWN,UNKNOWN,30,2,False,DATA,54865
14,UNKNOWN,UNKNOWN,30,3,False,DATA,54865
14,UNKNOWN,UNKNOWN,30,4,False,DATA,-
14,UNKNOWN,UNKNOWN,30,5,False,DATA,-
14,UNKNOWN,UNKNOWN,30,6,False,DATA,-
14,UNKNOWN,UNKNOWN,30,7,False,DATA,155158
14,UNKNOWN,UNKNOWN,30,8,False,DATA,136599
14,UNKNOWN,UNKNOWN,31,0,False,OKVED_CODE,Транспортировка и хранение
14,UNKNOWN,UNKNOWN,31,1,False,OKVED_NAME,5479682
14,UNKNOWN,UNKNOWN,31,2,False,DATA,6598845
14,UNKNOWN,UNKNOWN,31,3,False,DATA,6598845
14,UNKNOWN,UNKNOWN,31,4,False,DATA,-
14,UNKNOWN,UNKNOWN,31,5,False,DATA,-
14,UNKNOWN,UNKNOWN,31,6,False,DATA,-
14,UNKNOWN,UNKNOWN,31,7,False,DATA,6150029
14,UNKNOWN,UNKNOWN,31,8,False,DATA,7182229
14,UNKNOWN,UNKNOWN,32,0,False,OKVED_CODE,деятельность сухопутного и трубопроводного транспорта
14,UNKNOWN,UNKNOWN,32,1,False,OKVED_NAME,331962
14,UNKNOWN,UNKNOWN,32,2,False,DATA,740125
14,UNKNOWN,UNKNOWN,32,3,False,DATA,740125
14,UNKNOWN,UNKNOWN,32,4,False,DATA,-
14,UNKNOWN,UNKNOWN,32,5,False,DATA,-
14,UNKNOWN,UNKNOWN,32,6,False,DATA,-
14,UNKNOWN,UNKNOWN,32,7,False,DATA,-122850
14,UNKNOWN,UNKNOWN,32,8,False,DATA,-116901
14,UNKNOWN,UNKNOWN,33,0,False,OKVED_CODE,деятельность водного транспорта
14,UNKNOWN,UNKNOWN,33,1,False,OKVED_NAME,316635
14,UNKNOWN,UNKNOWN,33,2,False,DATA,316635
14,UNKNOWN,UNKNOWN,33,3,False,DATA,316635
14,UNKNOWN,UNKNOWN,33,4,False,DATA,-
14,UNKNOWN,UNKNOWN,33,5,False,DATA,-
14,UNKNOWN,UNKNOWN,33,6,False,DATA,-
14,UNKNOWN,UNKNOWN,33,7,False,DATA,326311
14,UNKNOWN,UNKNOWN,33,8,False,DATA,627404
14,UNKNOWN,UNKNOWN,34,0,False,OKVED_CODE,деятельность воздушного и космического транспорта
14,UNKNOWN,UNKNOWN,34,1,False,OKVED_NAME,981188
14,UNKNOWN,UNKNOWN,34,2,False,DATA,981188
14,UNKNOWN,UNKNOWN,34,3,False,DATA,981188
14,UNKNOWN,UNKNOWN,34,4,False,DATA,-
14,UNKNOWN,UNKNOWN,34,5,False,DATA,-
14,UNKNOWN,UNKNOWN,34,6,False,DATA,-
14,UNKNOWN,UNKNOWN,34,7,False,DATA,1517842
14,UNKNOWN,UNKNOWN,34,8,False,DATA,1812281
14,UNKNOWN,UNKNOWN,35,0,False,OKVED_CODE,складское хозяйство и вспомогательная транспортная деятельность
14,UNKNOWN,UNKNOWN,35,1,False,OKVED_NAME,3849897
14,UNKNOWN,UNKNOWN,35,2,False,DATA,4560897
14,UNKNOWN,UNKNOWN,35,3,False,DATA,4560897
14,UNKNOWN,UNKNOWN,35,4,False,DATA,-
14,UNKNOWN,UNKNOWN,35,5,False,DATA,-
14,UNKNOWN,UNKNOWN,35,6,False,DATA,-
14,UNKNOWN,UNKNOWN,35,7,False,DATA,4428726
14,UNKNOWN,UNKNOWN,35,8,False,DATA,4859445
14,UNKNOWN,UNKNOWN,36,0,False,OKVED_CODE,Деятельность гостиниц и предприятий общественного питания
14,UNKNOWN,UNKNOWN,36,1,False,OKVED_NAME,2646781
14,UNKNOWN,UNKNOWN,36,2,False,DATA,3946781
14,UNKNOWN,UNKNOWN,36,3,False,DATA,3946781
14,UNKNOWN,UNKNOWN,36,4,False,DATA,-
14,UNKNOWN,UNKNOWN,36,5,False,DATA,-
14,UNKNOWN,UNKNOWN,36,6,False,DATA,-
14,UNKNOWN,UNKNOWN,36,7,False,DATA,-927612
14,UNKNOWN,UNKNOWN,36,8,False,DATA,-1658121
14,UNKNOWN,UNKNOWN,37,0,False,OKVED_CODE,деятельность по предоставлению мест для временного проживания
14,UNKNOWN,UNKNOWN,37,1,False,OKVED_NAME,2646781
14,UNKNOWN,UNKNOWN,37,2,False,DATA,3946781
14,UNKNOWN,UNKNOWN,37,3,False,DATA,3946781
14,UNKNOWN,UNKNOWN,37,4,False,DATA,-
14,UNKNOWN,UNKNOWN,37,5,False,DATA,-
14,UNKNOWN,UNKNOWN,37,6,False,DATA,-
14,UNKNOWN,UNKNOWN,37,7,False,DATA,-927612
14,UNKNOWN,UNKNOWN,37,8,False,DATA,-1658121
14,UNKNOWN,UNKNOWN,38,0,False,OKVED_CODE,
14,UNKNOWN,UNKNOWN,38,1,False,OKVED_NAME,
14,UNKNOWN,UNKNOWN,38,2,False,EMPTY,
14,UNKNOWN,UNKNOWN,38,3,False,EMPTY,
14,UNKNOWN,UNKNOWN,38,4,False,EMPTY,
14,UNKNOWN,UNKNOWN,38,5,False,EMPTY,
14,UNKNOWN,UNKNOWN,38,6,False,EMPTY,
14,UNKNOWN,UNKNOWN,38,7,False,EMPTY,
14,UNKNOWN,UNKNOWN,38,8,False,EMPTY,
14,UNKNOWN,UNKNOWN,39,0,False,OKVED_CODE,
14,UNKNOWN,UNKNOWN,39,1,False,OKVED_NAME,
14,UNKNOWN,UNKNOWN,39,2,False,EMPTY,
14,UNKNOWN,UNKNOWN,39,3,False,EMPTY,
14,UNKNOWN,UNKNOWN,39,4,False,EMPTY,
14,UNKNOWN,UNKNOWN,39,5,False,EMPTY,
14,UNKNOWN,UNKNOWN,39,6,False,EMPTY,
14,UNKNOWN,UNKNOWN,39,7,False,EMPTY,
14,UNKNOWN,UNKNOWN,39,8,False,EMPTY,
14,UNKNOWN,UNKNOWN,40,0,False,OKVED_CODE,
14,UNKNOWN,UNKNOWN,40,1,False,OKVED_NAME,
14,UNKNOWN,UNKNOWN,40,2,False,EMPTY,
14,UNKNOWN,UNKNOWN,40,3,False,EMPTY,
14,UNKNOWN,UNKNOWN,40,4,False,EMPTY,
14,UNKNOWN,UNKNOWN,40,5,False,EMPTY,
14,UNKNOWN,UNKNOWN,40,6,False,EMPTY,
14,UNKNOWN,UNKNOWN,40,7,False,EMPTY,
14,UNKNOWN,UNKNOWN,40,8,False,EMPTY,
14,UNKNOWN,UNKNOWN,41,0,False,OKVED_CODE,
14,UNKNOWN,UNKNOWN,41,1,False,OKVED_NAME,
14,UNKNOWN,UNKNOWN,41,2,False,EMPTY,
14,UNKNOWN,UNKNOWN,41,3,False,EMPTY,
14,UNKNOWN,UNKNOWN,41,4,False,EMPTY,
14,UNKNOWN,UNKNOWN,41,5,False,EMPTY,
14,UNKNOWN,UNKNOWN,41,6,False,EMPTY,
14,UNKNOWN,UNKNOWN,41,7,False,EMPTY,
14,UNKNOWN,UNKNOWN,41,8,False,EMPTY,
14,UNKNOWN,UNKNOWN,42,0,False,OKVED_CODE,
14,UNKNOWN,UNKNOWN,42,1,False,OKVED_NAME,
14,UNKNOWN,UNKNOWN,42,2,False,EMPTY,
14,UNKNOWN,UNKNOWN,42,3,False,EMPTY,
14,UNKNOWN,UNKNOWN,42,4,False,EMPTY,
14,UNKNOWN,UNKNOWN,42,5,False,DATA,Продолжение таблицы 6.
14,UNKNOWN,UNKNOWN,42,6,False,DATA,Продолжение таблицы 6.
14,UNKNOWN,UNKNOWN,42,7,False,DATA,Продолжение таблицы 6.
14,UNKNOWN,UNKNOWN,42,8,False,DATA,Продолжение таблицы 6.
14,UNKNOWN,UNKNOWN,43,0,False,OKVED_CODE,
14,UNKNOWN,UNKNOWN,43,1,False,OKVED_NAME,"Уставный капитал
(паевой фонд)"
14,UNKNOWN,UNKNOWN,43,2,False,DATA,"Уставный капитал
(паевой фонд)"
14,UNKNOWN,UNKNOWN,43,3,False,DATA,"Уставный капитал
(паевой фонд)"
14,UNKNOWN,UNKNOWN,43,4,False,DATA,"Собственные акции,
выкупленные у акционеров 
(целевой капитал)"
14,UNKNOWN,UNKNOWN,43,5,False,DATA,"Собственные акции,
выкупленные у акционеров 
(целевой капитал)"
14,UNKNOWN,UNKNOWN,43,6,False,DATA,"Собственные акции,
выкупленные у акционеров 
(целевой капитал)"
14,UNKNOWN,UNKNOWN,43,7,False,DATA,"Нераспределенная прибыль 
(непокрытый убыток) 
(Резервные и иные целевые фонды)"
14,UNKNOWN,UNKNOWN,43,8,False,DATA,"Нераспределенная прибыль 
(непокрытый убыток) 
(Резервные и иные целевые фонды)"
14,UNKNOWN,UNKNOWN,44,0,False,OKVED_CODE,
14,UNKNOWN,UNKNOWN,44,1,False,OKVED_NAME,2022
14,UNKNOWN,UNKNOWN,44,2,False,DATA,2023
14,UNKNOWN,UNKNOWN,44,3,False,DATA,2023
14,UNKNOWN,UNKNOWN,44,4,False,DATA,2022
14,UNKNOWN,UNKNOWN,44,5,False,DATA,2022
14,UNKNOWN,UNKNOWN,44,6,False,DATA,2023
14,UNKNOWN,UNKNOWN,44,7,False,DATA,2022
14,UNKNOWN,UNKNOWN,44,8,False,DATA,2023
14,UNKNOWN,UNKNOWN,45,0,False,OKVED_CODE,Деятельность в области информации и связи
14,UNKNOWN,UNKNOWN,45,1,False,OKVED_NAME,-
14,UNKNOWN,UNKNOWN,45,2,False,DATA,-
14,UNKNOWN,UNKNOWN,45,3,False,DATA,-
14,UNKNOWN,UNKNOWN,45,4,False,DATA,-
14,UNKNOWN,UNKNOWN,45,5,False,DATA,-
14,UNKNOWN,UNKNOWN,45,6,False,DATA,-
14,UNKNOWN,UNKNOWN,45,7,False,DATA,-1
14,UNKNOWN,UNKNOWN,45,8,False,DATA,-
14,UNKNOWN,UNKNOWN,46,0,False,OKVED_CODE,деятельность в области информационных технологий
14,UNKNOWN,UNKNOWN,46,1,False,OKVED_NAME,-
14,UNKNOWN,UNKNOWN,46,2,False,DATA,-
14,UNKNOWN,UNKNOWN,46,3,False,DATA,-
14,UNKNOWN,UNKNOWN,46,4,False,DATA,-
14,UNKNOWN,UNKNOWN,46,5,False,DATA,-
14,UNKNOWN,UNKNOWN,46,6,False,DATA,-
14,UNKNOWN,UNKNOWN,46,7,False,DATA,-1
14,UNKNOWN,UNKNOWN,46,8,False,DATA,-
14,UNKNOWN,UNKNOWN,47,0,False,OKVED_CODE,Деятельность финансовая и страховая
14,UNKNOWN,UNKNOWN,47,1,False,OKVED_NAME,1676703
14,UNKNOWN,UNKNOWN,47,2,False,DATA,1922417
14,UNKNOWN,UNKNOWN,47,3,False,DATA,1922417
14,UNKNOWN,UNKNOWN,47,4,False,DATA,-
14,UNKNOWN,UNKNOWN,47,5,False,DATA,-
14,UNKNOWN,UNKNOWN,47,6,False,DATA,-
14,UNKNOWN,UNKNOWN,47,7,False,DATA,943845
14,UNKNOWN,UNKNOWN,47,8,False,DATA,2558666
14,UNKNOWN,UNKNOWN,48,0,False,OKVED_CODE,"деятельность по предоставлению финансовых услуг, кроме услуг по страхованию и пенсионному обеспечени"
14,UNKNOWN,UNKNOWN,48,1,False,OKVED_NAME,1676703
14,UNKNOWN,UNKNOWN,48,2,False,DATA,1922417
14,UNKNOWN,UNKNOWN,48,3,False,DATA,1922417
14,UNKNOWN,UNKNOWN,48,4,False,DATA,-
14,UNKNOWN,UNKNOWN,48,5,False,DATA,-
14,UNKNOWN,UNKNOWN,48,6,False,DATA,-
14,UNKNOWN,UNKNOWN,48,7,False,DATA,943845
14,UNKNOWN,UNKNOWN,48,8,False,DATA,2558666
14,UNKNOWN,UNKNOWN,49,0,False,OKVED_CODE,Деятельность по операциям с недвижимым имуществом
14,UNKNOWN,UNKNOWN,49,1,False,OKVED_NAME,1727221
14,UNKNOWN,UNKNOWN,49,2,False,DATA,1514356
14,UNKNOWN,UNKNOWN,49,3,False,DATA,1514356
14,UNKNOWN,UNKNOWN,49,4,False,DATA,-
14,UNKNOWN,UNKNOWN,49,5,False,DATA,-
14,UNKNOWN,UNKNOWN,49,6,False,DATA,-
14,UNKNOWN,UNKNOWN,49,7,False,DATA,-295048
14,UNKNOWN,UNKNOWN,49,8,False,DATA,-200208
14,UNKNOWN,UNKNOWN,50,0,False,OKVED_CODE,операции с недвижимым имуществом
14,UNKNOWN,UNKNOWN,50,1,False,OKVED_NAME,1727221
14,UNKNOWN,UNKNOWN,50,2,False,DATA,1514356
14,UNKNOWN,UNKNOWN,50,3,False,DATA,1514356
14,UNKNOWN,UNKNOWN,50,4,False,DATA,-
14,UNKNOWN,UNKNOWN,50,5,False,DATA,-
14,UNKNOWN,UNKNOWN,50,6,False,DATA,-
14,UNKNOWN,UNKNOWN,50,7,False,DATA,-295048
14,UNKNOWN,UNKNOWN,50,8,False,DATA,-200208
14,UNKNOWN,UNKNOWN,51,0,False,OKVED_CODE,"Деятельность профессиональная, научная 
и техническая"
14,UNKNOWN,UNKNOWN,51,1,False,OKVED_NAME,1263622
14,UNKNOWN,UNKNOWN,51,2,False,DATA,1264043
14,UNKNOWN,UNKNOWN,51,3,False,DATA,1264043
14,UNKNOWN,UNKNOWN,51,4,False,DATA,-
14,UNKNOWN,UNKNOWN,51,5,False,DATA,-
14,UNKNOWN,UNKNOWN,51,6,False,DATA,-
14,UNKNOWN,UNKNOWN,51,7,False,DATA,-1145335
14,UNKNOWN,UNKNOWN,51,8,False,DATA,451518
14,UNKNOWN,UNKNOWN,52,0,False,OKVED_CODE,деятельность в области права и бухгалтерского учета
14,UNKNOWN,UNKNOWN,52,1,False,OKVED_NAME,10
14,UNKNOWN,UNKNOWN,52,2,False,DATA,10
14,UNKNOWN,UNKNOWN,52,3,False,DATA,10
14,UNKNOWN,UNKNOWN,52,4,False,DATA,-
14,UNKNOWN,UNKNOWN,52,5,False,DATA,-
14,UNKNOWN,UNKNOWN,52,6,False,DATA,-
14,UNKNOWN,UNKNOWN,52,7,False,DATA,-500297
14,UNKNOWN,UNKNOWN,52,8,False,DATA,-516843
14,UNKNOWN,UNKNOWN,53,0,False,OKVED_CODE,"деятельность головных офисов; консультирование 
по вопросам управления"
14,UNKNOWN,UNKNOWN,53,1,False,OKVED_NAME,1243241
14,UNKNOWN,UNKNOWN,53,2,False,DATA,1243241
14,UNKNOWN,UNKNOWN,53,3,False,DATA,1243241
14,UNKNOWN,UNKNOWN,53,4,False,DATA,-
14,UNKNOWN,UNKNOWN,53,5,False,DATA,-
14,UNKNOWN,UNKNOWN,53,6,False,DATA,-
14,UNKNOWN,UNKNOWN,53,7,False,DATA,-456077
14,UNKNOWN,UNKNOWN,53,8,False,DATA,1181167
14,UNKNOWN,UNKNOWN,54,0,False,OKVED_CODE,"деятельность в области архитектуры и инженерно-технического проектирования; технических испытаний, и"
14,UNKNOWN,UNKNOWN,54,1,False,OKVED_NAME,18723
14,UNKNOWN,UNKNOWN,54,2,False,DATA,19144
14,UNKNOWN,UNKNOWN,54,3,False,DATA,19144
14,UNKNOWN,UNKNOWN,54,4,False,DATA,-
14,UNKNOWN,UNKNOWN,54,5,False,DATA,-
14,UNKNOWN,UNKNOWN,54,6,False,DATA,-
14,UNKNOWN,UNKNOWN,54,7,False,DATA,-189108
14,UNKNOWN,UNKNOWN,54,8,False,DATA,-209784
14,UNKNOWN,UNKNOWN,55,0,False,OKVED_CODE,деятельность профессиональная научная и техническая прочая
14,UNKNOWN,UNKNOWN,55,1,False,OKVED_NAME,1648
14,UNKNOWN,UNKNOWN,55,2,False,DATA,1648
14,UNKNOWN,UNKNOWN,55,3,False,DATA,1648
14,UNKNOWN,UNKNOWN,55,4,False,DATA,-
14,UNKNOWN,UNKNOWN,55,5,False,DATA,-
14,UNKNOWN,UNKNOWN,55,6,False,DATA,-
14,UNKNOWN,UNKNOWN,55,7,False,DATA,147
14,UNKNOWN,UNKNOWN,55,8,False,DATA,-3022
14,UNKNOWN,UNKNOWN,56,0,False,OKVED_CODE,Деятельность административная и сопутствующие дополнительные услуги
14,UNKNOWN,UNKNOWN,56,1,False,OKVED_NAME,611095
14,UNKNOWN,UNKNOWN,56,2,False,DATA,611095
14,UNKNOWN,UNKNOWN,56,3,False,DATA,611095
14,UNKNOWN,UNKNOWN,56,4,False,DATA,-
14,UNKNOWN,UNKNOWN,56,5,False,DATA,-
14,UNKNOWN,UNKNOWN,56,6,False,DATA,-
14,UNKNOWN,UNKNOWN,56,7,False,DATA,-799460
14,UNKNOWN,UNKNOWN,56,8,False,DATA,-805962
14,UNKNOWN,UNKNOWN,57,0,False,OKVED_CODE,аренда и лизинг
14,UNKNOWN,UNKNOWN,57,1,False,OKVED_NAME,171858
14,UNKNOWN,UNKNOWN,57,2,False,DATA,171858
14,UNKNOWN,UNKNOWN,57,3,False,DATA,171858
14,UNKNOWN,UNKNOWN,57,4,False,DATA,-
14,UNKNOWN,UNKNOWN,57,5,False,DATA,-
14,UNKNOWN,UNKNOWN,57,6,False,DATA,-
14,UNKNOWN,UNKNOWN,57,7,False,DATA,-77920
14,UNKNOWN,UNKNOWN,57,8,False,DATA,-72840
14,UNKNOWN,UNKNOWN,58,0,False,OKVED_CODE,"деятельность туристических агентств и прочих организаций, предоставляющих услуги в сфере туризма"
14,UNKNOWN,UNKNOWN,58,1,False,OKVED_NAME,10
14,UNKNOWN,UNKNOWN,58,2,False,DATA,10
14,UNKNOWN,UNKNOWN,58,3,False,DATA,10
14,UNKNOWN,UNKNOWN,58,4,False,DATA,-
14,UNKNOWN,UNKNOWN,58,5,False,DATA,-
14,UNKNOWN,UNKNOWN,58,6,False,DATA,-
14,UNKNOWN,UNKNOWN,58,7,False,DATA,-1347
14,UNKNOWN,UNKNOWN,58,8,False,DATA,-1925
14,UNKNOWN,UNKNOWN,59,0,False,OKVED_CODE,
14,UNKNOWN,UNKNOWN,59,1,False,OKVED_NAME,
14,UNKNOWN,UNKNOWN,59,2,False,EMPTY,
14,UNKNOWN,UNKNOWN,59,3,False,EMPTY,
14,UNKNOWN,UNKNOWN,59,4,False,EMPTY,
14,UNKNOWN,UNKNOWN,59,5,False,EMPTY,
14,UNKNOWN,UNKNOWN,59,6,False,EMPTY,
14,UNKNOWN,UNKNOWN,59,7,False,EMPTY,
14,UNKNOWN,UNKNOWN,59,8,False,EMPTY,
14,UNKNOWN,UNKNOWN,60,0,False,OKVED_CODE,
14,UNKNOWN,UNKNOWN,60,1,False,OKVED_NAME,
14,UNKNOWN,UNKNOWN,60,2,False,EMPTY,
14,UNKNOWN,UNKNOWN,60,3,False,EMPTY,
14,UNKNOWN,UNKNOWN,60,4,False,EMPTY,
14,UNKNOWN,UNKNOWN,60,5,False,EMPTY,
14,UNKNOWN,UNKNOWN,60,6,False,EMPTY,
14,UNKNOWN,UNKNOWN,60,7,False,EMPTY,
14,UNKNOWN,UNKNOWN,60,8,False,EMPTY,
14,UNKNOWN,UNKNOWN,61,0,False,OKVED_CODE,
14,UNKNOWN,UNKNOWN,61,1,False,OKVED_NAME,
14,UNKNOWN,UNKNOWN,61,2,False,EMPTY,
14,UNKNOWN,UNKNOWN,61,3,False,EMPTY,
14,UNKNOWN,UNKNOWN,61,4,False,EMPTY,
14,UNKNOWN,UNKNOWN,61,5,False,DATA,Продолжение таблицы 6.
14,UNKNOWN,UNKNOWN,61,6,False,DATA,Продолжение таблицы 6.
14,UNKNOWN,UNKNOWN,61,7,False,DATA,Продолжение таблицы 6.
14,UNKNOWN,UNKNOWN,61,8,False,DATA,Продолжение таблицы 6.
14,UNKNOWN,UNKNOWN,62,0,False,OKVED_CODE,
14,UNKNOWN,UNKNOWN,62,1,False,OKVED_NAME,"Уставный капитал
(паевой фонд)"
14,UNKNOWN,UNKNOWN,62,2,False,DATA,"Уставный капитал
(паевой фонд)"
14,UNKNOWN,UNKNOWN,62,3,False,DATA,"Уставный капитал
(паевой фонд)"
14,UNKNOWN,UNKNOWN,62,4,False,DATA,"Собственные акции,
выкупленные у акционеров 
(целевой капитал)"
14,UNKNOWN,UNKNOWN,62,5,False,DATA,"Собственные акции,
выкупленные у акционеров 
(целевой капитал)"
14,UNKNOWN,UNKNOWN,62,6,False,DATA,"Собственные акции,
выкупленные у акционеров 
(целевой капитал)"
14,UNKNOWN,UNKNOWN,62,7,False,DATA,"Нераспределенная прибыль 
(непокрытый убыток) 
(Резервные и иные целевые фонды)"
14,UNKNOWN,UNKNOWN,62,8,False,DATA,"Нераспределенная прибыль 
(непокрытый убыток) 
(Резервные и иные целевые фонды)"
14,UNKNOWN,UNKNOWN,63,0,False,OKVED_CODE,
14,UNKNOWN,UNKNOWN,63,1,False,OKVED_NAME,2022
14,UNKNOWN,UNKNOWN,63,2,False,DATA,2023
14,UNKNOWN,UNKNOWN,63,3,False,DATA,2023
14,UNKNOWN,UNKNOWN,63,4,False,DATA,2022
14,UNKNOWN,UNKNOWN,63,5,False,DATA,2022
14,UNKNOWN,UNKNOWN,63,6,False,DATA,2023
14,UNKNOWN,UNKNOWN,63,7,False,DATA,2022
14,UNKNOWN,UNKNOWN,63,8,False,DATA,2023
14,UNKNOWN,UNKNOWN,64,0,False,OKVED_CODE,деятельность по обслуживанию зданий и территорий
14,UNKNOWN,UNKNOWN,64,1,False,OKVED_NAME,439127
14,UNKNOWN,UNKNOWN,64,2,False,DATA,439127
14,UNKNOWN,UNKNOWN,64,3,False,DATA,439127
14,UNKNOWN,UNKNOWN,64,4,False,DATA,-
14,UNKNOWN,UNKNOWN,64,5,False,DATA,-
14,UNKNOWN,UNKNOWN,64,6,False,DATA,-
14,UNKNOWN,UNKNOWN,64,7,False,DATA,-725769
14,UNKNOWN,UNKNOWN,64,8,False,DATA,-736909
14,UNKNOWN,UNKNOWN,65,0,False,OKVED_CODE,"деятельность административно-хозяйственная, вспомогательная деятельность по обеспечению функциониров"
14,UNKNOWN,UNKNOWN,65,1,False,OKVED_NAME,100
14,UNKNOWN,UNKNOWN,65,2,False,DATA,100
14,UNKNOWN,UNKNOWN,65,3,False,DATA,100
14,UNKNOWN,UNKNOWN,65,4,False,DATA,-
14,UNKNOWN,UNKNOWN,65,5,False,DATA,-
14,UNKNOWN,UNKNOWN,65,6,False,DATA,-
14,UNKNOWN,UNKNOWN,65,7,False,DATA,5576
14,UNKNOWN,UNKNOWN,65,8,False,DATA,5712
14,UNKNOWN,UNKNOWN,66,0,False,OKVED_CODE,Государственное управление и обеспечение военной безопасности; социальное обеспечение
14,UNKNOWN,UNKNOWN,66,1,False,OKVED_NAME,-
14,UNKNOWN,UNKNOWN,66,2,False,DATA,-
14,UNKNOWN,UNKNOWN,66,3,False,DATA,-
14,UNKNOWN,UNKNOWN,66,4,False,DATA,-
14,UNKNOWN,UNKNOWN,66,5,False,DATA,-
14,UNKNOWN,UNKNOWN,66,6,False,DATA,-
14,UNKNOWN,UNKNOWN,66,7,False,DATA,-50054
14,UNKNOWN,UNKNOWN,66,8,False,DATA,-45561
14,UNKNOWN,UNKNOWN,67,0,False,OKVED_CODE,"деятельность органов государственного управления
по обеспечению военной безопасности, обязательному "
14,UNKNOWN,UNKNOWN,67,1,False,OKVED_NAME,-
14,UNKNOWN,UNKNOWN,67,2,False,DATA,-
14,UNKNOWN,UNKNOWN,67,3,False,DATA,-
14,UNKNOWN,UNKNOWN,67,4,False,DATA,-
14,UNKNOWN,UNKNOWN,67,5,False,DATA,-
14,UNKNOWN,UNKNOWN,67,6,False,DATA,-
14,UNKNOWN,UNKNOWN,67,7,False,DATA,-50054
14,UNKNOWN,UNKNOWN,67,8,False,DATA,-45561
14,UNKNOWN,UNKNOWN,68,0,False,OKVED_CODE,"Деятельность в области здравоохранения 
и социальных услуг"
14,UNKNOWN,UNKNOWN,68,1,False,OKVED_NAME,1074
14,UNKNOWN,UNKNOWN,68,2,False,DATA,1074
14,UNKNOWN,UNKNOWN,68,3,False,DATA,1074
14,UNKNOWN,UNKNOWN,68,4,False,DATA,-
14,UNKNOWN,UNKNOWN,68,5,False,DATA,-
14,UNKNOWN,UNKNOWN,68,6,False,DATA,-
14,UNKNOWN,UNKNOWN,68,7,False,DATA,-84143
14,UNKNOWN,UNKNOWN,68,8,False,DATA,-120012
14,UNKNOWN,UNKNOWN,69,0,False,OKVED_CODE,деятельность в области здравоохранения
14,UNKNOWN,UNKNOWN,69,1,False,OKVED_NAME,1074
14,UNKNOWN,UNKNOWN,69,2,False,DATA,1074
14,UNKNOWN,UNKNOWN,69,3,False,DATA,1074
14,UNKNOWN,UNKNOWN,69,4,False,DATA,-
14,UNKNOWN,UNKNOWN,69,5,False,DATA,-
14,UNKNOWN,UNKNOWN,69,6,False,DATA,-
14,UNKNOWN,UNKNOWN,69,7,False,DATA,-84649
14,UNKNOWN,UNKNOWN,69,8,False,DATA,-120825
14,UNKNOWN,UNKNOWN,70,0,False,OKVED_CODE,предоставление социальных услуг без обеспечения проживания
14,UNKNOWN,UNKNOWN,70,1,False,OKVED_NAME,-
14,UNKNOWN,UNKNOWN,70,2,False,DATA,-
14,UNKNOWN,UNKNOWN,70,3,False,DATA,-
14,UNKNOWN,UNKNOWN,70,4,False,DATA,-
14,UNKNOWN,UNKNOWN,70,5,False,DATA,-
14,UNKNOWN,UNKNOWN,70,6,False,DATA,-
14,UNKNOWN,UNKNOWN,70,7,False,DATA,506
14,UNKNOWN,UNKNOWN,70,8,False,DATA,813
14,UNKNOWN,UNKNOWN,71,0,False,OKVED_CODE,"Деятельность в области культуры, спорта, организации досуга и развлечений"
14,UNKNOWN,UNKNOWN,71,1,False,OKVED_NAME,-
14,UNKNOWN,UNKNOWN,71,2,False,DATA,11
14,UNKNOWN,UNKNOWN,71,3,False,DATA,11
14,UNKNOWN,UNKNOWN,71,4,False,DATA,-
14,UNKNOWN,UNKNOWN,71,5,False,DATA,-
14,UNKNOWN,UNKNOWN,71,6,False,DATA,-
14,UNKNOWN,UNKNOWN,71,7,False,DATA,354
14,UNKNOWN,UNKNOWN,71,8,False,DATA,113
14,UNKNOWN,UNKNOWN,72,0,False,OKVED_CODE,"деятельность в области спорта, отдыха и развлечений"
14,UNKNOWN,UNKNOWN,72,1,False,OKVED_NAME,-
14,UNKNOWN,UNKNOWN,72,2,False,DATA,11
14,UNKNOWN,UNKNOWN,72,3,False,DATA,11
14,UNKNOWN,UNKNOWN,72,4,False,DATA,-
14,UNKNOWN,UNKNOWN,72,5,False,DATA,-
14,UNKNOWN,UNKNOWN,72,6,False,DATA,-
14,UNKNOWN,UNKNOWN,72,7,False,DATA,354
14,UNKNOWN,UNKNOWN,72,8,False,DATA,113
14,UNKNOWN,UNKNOWN,73,0,False,OKVED_CODE,Предоставление прочих видов услуг
14,UNKNOWN,UNKNOWN,73,1,False,OKVED_NAME,1100
14,UNKNOWN,UNKNOWN,73,2,False,DATA,1133
14,UNKNOWN,UNKNOWN,73,3,False,DATA,1133
14,UNKNOWN,UNKNOWN,73,4,False,DATA,-
14,UNKNOWN,UNKNOWN,73,5,False,DATA,-
14,UNKNOWN,UNKNOWN,73,6,False,DATA,10
14,UNKNOWN,UNKNOWN,73,7,False,DATA,441402
14,UNKNOWN,UNKNOWN,73,8,False,DATA,497607
14,UNKNOWN,UNKNOWN,74,0,False,OKVED_CODE,деятельность общественных и прочих некоммерческих организаций
14,UNKNOWN,UNKNOWN,74,1,False,OKVED_NAME,-
14,UNKNOWN,UNKNOWN,74,2,False,DATA,-
14,UNKNOWN,UNKNOWN,74,3,False,DATA,-
14,UNKNOWN,UNKNOWN,74,4,False,DATA,-
14,UNKNOWN,UNKNOWN,74,5,False,DATA,-
14,UNKNOWN,UNKNOWN,74,6,False,DATA,10
14,UNKNOWN,UNKNOWN,74,7,False,DATA,441428
14,UNKNOWN,UNKNOWN,74,8,False,DATA,497661
14,UNKNOWN,UNKNOWN,75,0,False,OKVED_CODE,деятельность по предоставлению прочих персональных услуг
14,UNKNOWN,UNKNOWN,75,1,False,OKVED_NAME,1100
14,UNKNOWN,UNKNOWN,75,2,False,DATA,1133
14,UNKNOWN,UNKNOWN,75,3,False,DATA,1133
14,UNKNOWN,UNKNOWN,75,4,False,DATA,-
14,UNKNOWN,UNKNOWN,75,5,False,DATA,-
14,UNKNOWN,UNKNOWN,75,6,False,DATA,-
14,UNKNOWN,UNKNOWN,75,7,False,DATA,-26
14,UNKNOWN,UNKNOWN,75,8,False,DATA,-54
15,UNKNOWN,UNKNOWN,0,0,False,OKVED_CODE,
15,UNKNOWN,UNKNOWN,0,1,False,OKVED_NAME,
15,UNKNOWN,UNKNOWN,0,2,False,EMPTY,
15,UNKNOWN,UNKNOWN,0,3,False,EMPTY,
15,UNKNOWN,UNKNOWN,0,4,False,DATA,Продолжение таблицы 6.
15,UNKNOWN,UNKNOWN,0,5,False,DATA,Продолжение таблицы 6.
15,UNKNOWN,UNKNOWN,0,6,False,DATA,Продолжение таблицы 6.
15,UNKNOWN,UNKNOWN,0,7,False,DATA,Продолжение таблицы 6.
15,UNKNOWN,UNKNOWN,0,8,False,DATA,Продолжение таблицы 6.
15,UNKNOWN,UNKNOWN,0,9,False,DATA,Продолжение таблицы 6.
15,UNKNOWN,UNKNOWN,0,10,False,DATA,Продолжение таблицы 6.
15,UNKNOWN,UNKNOWN,0,11,False,DATA,Продолжение таблицы 6.
15,UNKNOWN,UNKNOWN,1,0,False,OKVED_CODE,
15,UNKNOWN,UNKNOWN,1,1,False,OKVED_NAME,"Добавочный 
капитал"
15,UNKNOWN,UNKNOWN,1,2,False,DATA,"Добавочный 
капитал"
15,UNKNOWN,UNKNOWN,1,3,False,DATA,"Добавочный 
капитал"
15,UNKNOWN,UNKNOWN,1,4,False,DATA,в том числе
15,UNKNOWN,UNKNOWN,1,5,False,DATA,в том числе
15,UNKNOWN,UNKNOWN,1,6,False,DATA,в том числе
15,UNKNOWN,UNKNOWN,1,7,False,DATA,в том числе
15,UNKNOWN,UNKNOWN,1,8,False,DATA,в том числе
15,UNKNOWN,UNKNOWN,1,9,False,DATA,в том числе
15,UNKNOWN,UNKNOWN,1,10,False,DATA,"Резервный капитал 
(Фонд недвижимого 
и особо целевого движимого имущества)"
15,UNKNOWN,UNKNOWN,1,11,False,DATA,"Резервный капитал 
(Фонд недвижимого 
и особо целевого движимого имущества)"
15,UNKNOWN,UNKNOWN,2,0,False,OKVED_CODE,
15,UNKNOWN,UNKNOWN,2,1,False,OKVED_NAME,"Добавочный 
капитал"
15,UNKNOWN,UNKNOWN,2,2,False,DATA,"Добавочный 
капитал"
15,UNKNOWN,UNKNOWN,2,3,False,DATA,"Добавочный 
капитал"
15,UNKNOWN,UNKNOWN,2,4,False,DATA,"переоценка 
внеоборотных 
активов"
15,UNKNOWN,UNKNOWN,2,5,False,DATA,"переоценка 
внеоборотных 
активов"
15,UNKNOWN,UNKNOWN,2,6,False,DATA,"добавочный капитал 
(без переоценки)
(целевые средства)"
15,UNKNOWN,UNKNOWN,2,7,False,DATA,"добавочный капитал 
(без переоценки)
(целевые средства)"
15,UNKNOWN,UNKNOWN,2,8,False,DATA,"добавочный капитал 
(без переоценки)
(целевые средства)"
15,UNKNOWN,UNKNOWN,2,9,False,DATA,"добавочный капитал 
(без переоценки)
(целевые средства)"
15,UNKNOWN,UNKNOWN,2,10,False,DATA,"Резервный капитал 
(Фонд недвижимого 
и особо целевого движимого имущества)"
15,UNKNOWN,UNKNOWN,2,11,False,DATA,"Резервный капитал 
(Фонд недвижимого 
и особо целевого движимого имущества)"
15,UNKNOWN,UNKNOWN,3,0,False,OKVED_CODE,
15,UNKNOWN,UNKNOWN,3,1,False,OKVED_NAME,2022
15,UNKNOWN,UNKNOWN,3,2,False,DATA,2023
15,UNKNOWN,UNKNOWN,3,3,False,DATA,2023
15,UNKNOWN,UNKNOWN,3,4,False,DATA,2022
15,UNKNOWN,UNKNOWN,3,5,False,DATA,2023
15,UNKNOWN,UNKNOWN,3,6,False,DATA,2022
15,UNKNOWN,UNKNOWN,3,7,False,DATA,2022
15,UNKNOWN,UNKNOWN,3,8,False,DATA,2023
15,UNKNOWN,UNKNOWN,3,9,False,DATA,2023
15,UNKNOWN,UNKNOWN,3,10,False,DATA,2022
15,UNKNOWN,UNKNOWN,3,11,False,DATA,2023
15,UNKNOWN,UNKNOWN,4,0,False,OKVED_CODE,Всего по обследуемым видам экономической деятельности
15,UNKNOWN,UNKNOWN,4,1,False,OKVED_NAME,37254865
15,UNKNOWN,UNKNOWN,4,2,False,DATA,44195900
15,UNKNOWN,UNKNOWN,4,3,False,DATA,44195900
15,UNKNOWN,UNKNOWN,4,4,False,DATA,13817688
15,UNKNOWN,UNKNOWN,4,5,False,DATA,17071165
15,UNKNOWN,UNKNOWN,4,6,False,DATA,23437177
15,UNKNOWN,UNKNOWN,4,7,False,DATA,23437177
15,UNKNOWN,UNKNOWN,4,8,False,DATA,27124735
15,UNKNOWN,UNKNOWN,4,9,False,DATA,27124735
15,UNKNOWN,UNKNOWN,4,10,False,DATA,902437
15,UNKNOWN,UNKNOWN,4,11,False,DATA,918423
15,UNKNOWN,UNKNOWN,5,0,False,OKVED_CODE,"Сельское, лесное хозяйство, охота, рыболовство и рыбоводство"
15,UNKNOWN,UNKNOWN,5,1,False,OKVED_NAME,1370547
15,UNKNOWN,UNKNOWN,5,2,False,DATA,2551218
15,UNKNOWN,UNKNOWN,5,3,False,DATA,2551218
15,UNKNOWN,UNKNOWN,5,4,False,DATA,391187
15,UNKNOWN,UNKNOWN,5,5,False,DATA,1221770
15,UNKNOWN,UNKNOWN,5,6,False,DATA,979360
15,UNKNOWN,UNKNOWN,5,7,False,DATA,979360
15,UNKNOWN,UNKNOWN,5,8,False,DATA,1329448
15,UNKNOWN,UNKNOWN,5,9,False,DATA,1329448
15,UNKNOWN,UNKNOWN,5,10,False,DATA,411225
15,UNKNOWN,UNKNOWN,5,11,False,DATA,430411
15,UNKNOWN,UNKNOWN,6,0,False,OKVED_CODE,"растениеводство и животноводство, охота и предоставление соответствующих услуг в этих областях"
15,UNKNOWN,UNKNOWN,6,1,False,OKVED_NAME,242232
15,UNKNOWN,UNKNOWN,6,2,False,DATA,203143
15,UNKNOWN,UNKNOWN,6,3,False,DATA,203143
15,UNKNOWN,UNKNOWN,6,4,False,DATA,14991
15,UNKNOWN,UNKNOWN,6,5,False,DATA,15003
15,UNKNOWN,UNKNOWN,6,6,False,DATA,227241
15,UNKNOWN,UNKNOWN,6,7,False,DATA,227241
15,UNKNOWN,UNKNOWN,6,8,False,DATA,188140
15,UNKNOWN,UNKNOWN,6,9,False,DATA,188140
15,UNKNOWN,UNKNOWN,6,10,False,DATA,2155
15,UNKNOWN,UNKNOWN,6,11,False,DATA,4086
15,UNKNOWN,UNKNOWN,7,0,False,OKVED_CODE,рыболовство и рыбоводство
15,UNKNOWN,UNKNOWN,7,1,False,OKVED_NAME,1128315
15,UNKNOWN,UNKNOWN,7,2,False,DATA,2348075
15,UNKNOWN,UNKNOWN,7,3,False,DATA,2348075
15,UNKNOWN,UNKNOWN,7,4,False,DATA,376196
15,UNKNOWN,UNKNOWN,7,5,False,DATA,1206767
15,UNKNOWN,UNKNOWN,7,6,False,DATA,752119
15,UNKNOWN,UNKNOWN,7,7,False,DATA,752119
15,UNKNOWN,UNKNOWN,7,8,False,DATA,1141308
15,UNKNOWN,UNKNOWN,7,9,False,DATA,1141308
15,UNKNOWN,UNKNOWN,7,10,False,DATA,409070
15,UNKNOWN,UNKNOWN,7,11,False,DATA,426325
15,UNKNOWN,UNKNOWN,8,0,False,OKVED_CODE,Добыча полезных ископаемых
15,UNKNOWN,UNKNOWN,8,1,False,OKVED_NAME,12938612
15,UNKNOWN,UNKNOWN,8,2,False,DATA,12938612
15,UNKNOWN,UNKNOWN,8,3,False,DATA,12938612
15,UNKNOWN,UNKNOWN,8,4,False,DATA,11860528
15,UNKNOWN,UNKNOWN,8,5,False,DATA,11860528
15,UNKNOWN,UNKNOWN,8,6,False,DATA,1078084
15,UNKNOWN,UNKNOWN,8,7,False,DATA,1078084
15,UNKNOWN,UNKNOWN,8,8,False,DATA,1078084
15,UNKNOWN,UNKNOWN,8,9,False,DATA,1078084
15,UNKNOWN,UNKNOWN,8,10,False,DATA,44
15,UNKNOWN,UNKNOWN,8,11,False,DATA,172
15,UNKNOWN,UNKNOWN,9,0,False,OKVED_CODE,добыча металлических руд
15,UNKNOWN,UNKNOWN,9,1,False,OKVED_NAME,12938612
15,UNKNOWN,UNKNOWN,9,2,False,DATA,12938612
15,UNKNOWN,UNKNOWN,9,3,False,DATA,12938612
15,UNKNOWN,UNKNOWN,9,4,False,DATA,11860528
15,UNKNOWN,UNKNOWN,9,5,False,DATA,11860528
15,UNKNOWN,UNKNOWN,9,6,False,DATA,1078084
15,UNKNOWN,UNKNOWN,9,7,False,DATA,1078084
15,UNKNOWN,UNKNOWN,9,8,False,DATA,1078084
15,UNKNOWN,UNKNOWN,9,9,False,DATA,1078084
15,UNKNOWN,UNKNOWN,9,10,False,DATA,44
15,UNKNOWN,UNKNOWN,9,11,False,DATA,172
15,UNKNOWN,UNKNOWN,10,0,False,OKVED_CODE,Обрабатывающие производства
15,UNKNOWN,UNKNOWN,10,1,False,OKVED_NAME,151156
15,UNKNOWN,UNKNOWN,10,2,False,DATA,151126
15,UNKNOWN,UNKNOWN,10,3,False,DATA,151126
15,UNKNOWN,UNKNOWN,10,4,False,DATA,68702
15,UNKNOWN,UNKNOWN,10,5,False,DATA,68672
15,UNKNOWN,UNKNOWN,10,6,False,DATA,82454
15,UNKNOWN,UNKNOWN,10,7,False,DATA,82454
15,UNKNOWN,UNKNOWN,10,8,False,DATA,82454
15,UNKNOWN,UNKNOWN,10,9,False,DATA,82454
15,UNKNOWN,UNKNOWN,10,10,False,DATA,37933
15,UNKNOWN,UNKNOWN,10,11,False,DATA,40676
15,UNKNOWN,UNKNOWN,11,0,False,OKVED_CODE,производство пищевых продуктов
15,UNKNOWN,UNKNOWN,11,1,False,OKVED_NAME,151156
15,UNKNOWN,UNKNOWN,11,2,False,DATA,151126
15,UNKNOWN,UNKNOWN,11,3,False,DATA,151126
15,UNKNOWN,UNKNOWN,11,4,False,DATA,68702
15,UNKNOWN,UNKNOWN,11,5,False,DATA,68672
15,UNKNOWN,UNKNOWN,11,6,False,DATA,82454
15,UNKNOWN,UNKNOWN,11,7,False,DATA,82454
15,UNKNOWN,UNKNOWN,11,8,False,DATA,82454
15,UNKNOWN,UNKNOWN,11,9,False,DATA,82454
15,UNKNOWN,UNKNOWN,11,10,False,DATA,16668
15,UNKNOWN,UNKNOWN,11,11,False,DATA,19092
15,UNKNOWN,UNKNOWN,12,0,False,OKVED_CODE,производство напитков
15,UNKNOWN,UNKNOWN,12,1,False,OKVED_NAME,-
15,UNKNOWN,UNKNOWN,12,2,False,DATA,-
15,UNKNOWN,UNKNOWN,12,3,False,DATA,-
15,UNKNOWN,UNKNOWN,12,4,False,DATA,-
15,UNKNOWN,UNKNOWN,12,5,False,DATA,-
15,UNKNOWN,UNKNOWN,12,6,False,DATA,-
15,UNKNOWN,UNKNOWN,12,7,False,DATA,-
15,UNKNOWN,UNKNOWN,12,8,False,DATA,-
15,UNKNOWN,UNKNOWN,12,9,False,DATA,-
15,UNKNOWN,UNKNOWN,12,10,False,DATA,29
15,UNKNOWN,UNKNOWN,12,11,False,DATA,29
15,UNKNOWN,UNKNOWN,13,0,False,OKVED_CODE,производство прочих готовых изделий
15,UNKNOWN,UNKNOWN,13,1,False,OKVED_NAME,-
15,UNKNOWN,UNKNOWN,13,2,False,DATA,-
15,UNKNOWN,UNKNOWN,13,3,False,DATA,-
15,UNKNOWN,UNKNOWN,13,4,False,DATA,-
15,UNKNOWN,UNKNOWN,13,5,False,DATA,-
15,UNKNOWN,UNKNOWN,13,6,False,DATA,-
15,UNKNOWN,UNKNOWN,13,7,False,DATA,-
15,UNKNOWN,UNKNOWN,13,8,False,DATA,-
15,UNKNOWN,UNKNOWN,13,9,False,DATA,-
15,UNKNOWN,UNKNOWN,13,10,False,DATA,-
15,UNKNOWN,UNKNOWN,13,11,False,DATA,319
15,UNKNOWN,UNKNOWN,14,0,False,OKVED_CODE,"ремонт и монтаж машин 
и оборудования"
15,UNKNOWN,UNKNOWN,14,1,False,OKVED_NAME,-
15,UNKNOWN,UNKNOWN,14,2,False,DATA,-
15,UNKNOWN,UNKNOWN,14,3,False,DATA,-
15,UNKNOWN,UNKNOWN,14,4,False,DATA,-
15,UNKNOWN,UNKNOWN,14,5,False,DATA,-
15,UNKNOWN,UNKNOWN,14,6,False,DATA,-
15,UNKNOWN,UNKNOWN,14,7,False,DATA,-
15,UNKNOWN,UNKNOWN,14,8,False,DATA,-
15,UNKNOWN,UNKNOWN,14,9,False,DATA,-
15,UNKNOWN,UNKNOWN,14,10,False,DATA,21236
15,UNKNOWN,UNKNOWN,14,11,False,DATA,21236
15,UNKNOWN,UNKNOWN,15,0,False,OKVED_CODE,"Обеспечение электрической энергией, газом и паром; кондиционирование воздуха"
15,UNKNOWN,UNKNOWN,15,1,False,OKVED_NAME,2984076
15,UNKNOWN,UNKNOWN,15,2,False,DATA,4059333
15,UNKNOWN,UNKNOWN,15,3,False,DATA,4059333
15,UNKNOWN,UNKNOWN,15,4,False,DATA,80714
15,UNKNOWN,UNKNOWN,15,5,False,DATA,71201
15,UNKNOWN,UNKNOWN,15,6,False,DATA,2903362
15,UNKNOWN,UNKNOWN,15,7,False,DATA,2903362
15,UNKNOWN,UNKNOWN,15,8,False,DATA,3988132
15,UNKNOWN,UNKNOWN,15,9,False,DATA,3988132
15,UNKNOWN,UNKNOWN,15,10,False,DATA,335059
15,UNKNOWN,UNKNOWN,15,11,False,DATA,337531
15,UNKNOWN,UNKNOWN,16,0,False,OKVED_CODE,"обеспечение электрической энергией, газом и паром; кондиционирование воздуха"
15,UNKNOWN,UNKNOWN,16,1,False,OKVED_NAME,2984076
15,UNKNOWN,UNKNOWN,16,2,False,DATA,4059333
15,UNKNOWN,UNKNOWN,16,3,False,DATA,4059333
15,UNKNOWN,UNKNOWN,16,4,False,DATA,80714
15,UNKNOWN,UNKNOWN,16,5,False,DATA,71201
15,UNKNOWN,UNKNOWN,16,6,False,DATA,2903362
15,UNKNOWN,UNKNOWN,16,7,False,DATA,2903362
15,UNKNOWN,UNKNOWN,16,8,False,DATA,3988132
15,UNKNOWN,UNKNOWN,16,9,False,DATA,3988132
15,UNKNOWN,UNKNOWN,16,10,False,DATA,335059
15,UNKNOWN,UNKNOWN,16,11,False,DATA,337531
15,UNKNOWN,UNKNOWN,17,0,False,OKVED_CODE,
15,UNKNOWN,UNKNOWN,17,1,False,OKVED_NAME,
15,UNKNOWN,UNKNOWN,17,2,False,EMPTY,
15,UNKNOWN,UNKNOWN,17,3,False,EMPTY,
15,UNKNOWN,UNKNOWN,17,4,False,EMPTY,
15,UNKNOWN,UNKNOWN,17,5,False,EMPTY,
15,UNKNOWN,UNKNOWN,17,6,False,EMPTY,
15,UNKNOWN,UNKNOWN,17,7,False,EMPTY,
15,UNKNOWN,UNKNOWN,17,8,False,EMPTY,
15,UNKNOWN,UNKNOWN,17,9,False,EMPTY,
15,UNKNOWN,UNKNOWN,17,10,False,EMPTY,
15,UNKNOWN,UNKNOWN,17,11,False,EMPTY,
15,UNKNOWN,UNKNOWN,18,0,False,OKVED_CODE,
15,UNKNOWN,UNKNOWN,18,1,False,OKVED_NAME,
15,UNKNOWN,UNKNOWN,18,2,False,EMPTY,
15,UNKNOWN,UNKNOWN,18,3,False,EMPTY,
15,UNKNOWN,UNKNOWN,18,4,False,EMPTY,
15,UNKNOWN,UNKNOWN,18,5,False,EMPTY,
15,UNKNOWN,UNKNOWN,18,6,False,EMPTY,
15,UNKNOWN,UNKNOWN,18,7,False,EMPTY,
15,UNKNOWN,UNKNOWN,18,8,False,EMPTY,
15,UNKNOWN,UNKNOWN,18,9,False,EMPTY,
15,UNKNOWN,UNKNOWN,18,10,False,EMPTY,
15,UNKNOWN,UNKNOWN,18,11,False,EMPTY,
15,UNKNOWN,UNKNOWN,19,0,False,OKVED_CODE,
15,UNKNOWN,UNKNOWN,19,1,False,OKVED_NAME,
15,UNKNOWN,UNKNOWN,19,2,False,EMPTY,
15,UNKNOWN,UNKNOWN,19,3,False,EMPTY,
15,UNKNOWN,UNKNOWN,19,4,False,EMPTY,
15,UNKNOWN,UNKNOWN,19,5,False,EMPTY,
15,UNKNOWN,UNKNOWN,19,6,False,EMPTY,
15,UNKNOWN,UNKNOWN,19,7,False,EMPTY,
15,UNKNOWN,UNKNOWN,19,8,False,EMPTY,
15,UNKNOWN,UNKNOWN,19,9,False,EMPTY,
15,UNKNOWN,UNKNOWN,19,10,False,EMPTY,
15,UNKNOWN,UNKNOWN,19,11,False,EMPTY,
15,UNKNOWN,UNKNOWN,20,0,False,OKVED_CODE,
15,UNKNOWN,UNKNOWN,20,1,False,OKVED_NAME,
15,UNKNOWN,UNKNOWN,20,2,False,EMPTY,
15,UNKNOWN,UNKNOWN,20,3,False,EMPTY,
15,UNKNOWN,UNKNOWN,20,4,False,EMPTY,
15,UNKNOWN,UNKNOWN,20,5,False,EMPTY,
15,UNKNOWN,UNKNOWN,20,6,False,EMPTY,
15,UNKNOWN,UNKNOWN,20,7,False,EMPTY,
15,UNKNOWN,UNKNOWN,20,8,False,EMPTY,
15,UNKNOWN,UNKNOWN,20,9,False,EMPTY,
15,UNKNOWN,UNKNOWN,20,10,False,EMPTY,
15,UNKNOWN,UNKNOWN,20,11,False,EMPTY,
15,UNKNOWN,UNKNOWN,21,0,False,OKVED_CODE,
15,UNKNOWN,UNKNOWN,21,1,False,OKVED_NAME,
15,UNKNOWN,UNKNOWN,21,2,False,EMPTY,
15,UNKNOWN,UNKNOWN,21,3,False,EMPTY,
15,UNKNOWN,UNKNOWN,21,4,False,EMPTY,
15,UNKNOWN,UNKNOWN,21,5,False,EMPTY,
15,UNKNOWN,UNKNOWN,21,6,False,EMPTY,
15,UNKNOWN,UNKNOWN,21,7,False,EMPTY,
15,UNKNOWN,UNKNOWN,21,8,False,EMPTY,
15,UNKNOWN,UNKNOWN,21,9,False,EMPTY,
15,UNKNOWN,UNKNOWN,21,10,False,DATA,Продолжение таблицы 6.
15,UNKNOWN,UNKNOWN,21,11,False,DATA,Продолжение таблицы 6.
15,UNKNOWN,UNKNOWN,22,0,False,OKVED_CODE,
15,UNKNOWN,UNKNOWN,22,1,False,OKVED_NAME,"Добавочный 
капитал"
15,UNKNOWN,UNKNOWN,22,2,False,DATA,"Добавочный 
капитал"
15,UNKNOWN,UNKNOWN,22,3,False,DATA,"Добавочный 
капитал"
15,UNKNOWN,UNKNOWN,22,4,False,DATA,в том числе
15,UNKNOWN,UNKNOWN,22,5,False,DATA,в том числе
15,UNKNOWN,UNKNOWN,22,6,False,DATA,в том числе
15,UNKNOWN,UNKNOWN,22,7,False,DATA,в том числе
15,UNKNOWN,UNKNOWN,22,8,False,DATA,в том числе
15,UNKNOWN,UNKNOWN,22,9,False,DATA,в том числе
15,UNKNOWN,UNKNOWN,22,10,False,DATA,"Резервный капитал 
(Фонд недвижимого 
и особо целевого движимого имущества)"
15,UNKNOWN,UNKNOWN,22,11,False,DATA,"Резервный капитал 
(Фонд недвижимого 
и особо целевого движимого имущества)"
15,UNKNOWN,UNKNOWN,23,0,False,OKVED_CODE,
15,UNKNOWN,UNKNOWN,23,1,False,OKVED_NAME,"Добавочный 
капитал"
15,UNKNOWN,UNKNOWN,23,2,False,DATA,"Добавочный 
капитал"
15,UNKNOWN,UNKNOWN,23,3,False,DATA,"Добавочный 
капитал"
15,UNKNOWN,UNKNOWN,23,4,False,DATA,"переоценка 
внеоборотных 
активов"
15,UNKNOWN,UNKNOWN,23,5,False,DATA,"переоценка 
внеоборотных 
активов"
15,UNKNOWN,UNKNOWN,23,6,False,DATA,"добавочный капитал 
(без переоценки)
(целевые средства)"
15,UNKNOWN,UNKNOWN,23,7,False,DATA,"добавочный капитал 
(без переоценки)
(целевые средства)"
15,UNKNOWN,UNKNOWN,23,8,False,DATA,"добавочный капитал 
(без переоценки)
(целевые средства)"
15,UNKNOWN,UNKNOWN,23,9,False,DATA,"добавочный капитал 
(без переоценки)
(целевые средства)"
15,UNKNOWN,UNKNOWN,23,10,False,DATA,"Резервный капитал 
(Фонд недвижимого 
и особо целевого движимого имущества)"
15,UNKNOWN,UNKNOWN,23,11,False,DATA,"Резервный капитал 
(Фонд недвижимого 
и особо целевого движимого имущества)"
15,UNKNOWN,UNKNOWN,24,0,False,OKVED_CODE,
15,UNKNOWN,UNKNOWN,24,1,False,OKVED_NAME,2022
15,UNKNOWN,UNKNOWN,24,2,False,DATA,2023
15,UNKNOWN,UNKNOWN,24,3,False,DATA,2023
15,UNKNOWN,UNKNOWN,24,4,False,DATA,2022
15,UNKNOWN,UNKNOWN,24,5,False,DATA,2023
15,UNKNOWN,UNKNOWN,24,6,False,DATA,2022
15,UNKNOWN,UNKNOWN,24,7,False,DATA,2022
15,UNKNOWN,UNKNOWN,24,8,False,DATA,2023
15,UNKNOWN,UNKNOWN,24,9,False,DATA,2023
15,UNKNOWN,UNKNOWN,24,10,False,DATA,2022
15,UNKNOWN,UNKNOWN,24,11,False,DATA,2023
15,UNKNOWN,UNKNOWN,25,0,False,OKVED_CODE,"Водоснабжение; водоотведение, организация сбора и утилизации отходов, деятельность по ликвидации заг"
15,UNKNOWN,UNKNOWN,25,1,False,OKVED_NAME,3217796
15,UNKNOWN,UNKNOWN,25,2,False,DATA,2360187
15,UNKNOWN,UNKNOWN,25,3,False,DATA,2360187
15,UNKNOWN,UNKNOWN,25,4,False,DATA,431768
15,UNKNOWN,UNKNOWN,25,5,False,DATA,436591
15,UNKNOWN,UNKNOWN,25,6,False,DATA,2786028
15,UNKNOWN,UNKNOWN,25,7,False,DATA,2786028
15,UNKNOWN,UNKNOWN,25,8,False,DATA,1923596
15,UNKNOWN,UNKNOWN,25,9,False,DATA,1923596
15,UNKNOWN,UNKNOWN,25,10,False,DATA,53793
15,UNKNOWN,UNKNOWN,25,11,False,DATA,41904
15,UNKNOWN,UNKNOWN,26,0,False,OKVED_CODE,"забор, очистка и распределение воды"
15,UNKNOWN,UNKNOWN,26,1,False,OKVED_NAME,2357874
15,UNKNOWN,UNKNOWN,26,2,False,DATA,2360187
15,UNKNOWN,UNKNOWN,26,3,False,DATA,2360187
15,UNKNOWN,UNKNOWN,26,4,False,DATA,431768
15,UNKNOWN,UNKNOWN,26,5,False,DATA,436591
15,UNKNOWN,UNKNOWN,26,6,False,DATA,1926106
15,UNKNOWN,UNKNOWN,26,7,False,DATA,1926106
15,UNKNOWN,UNKNOWN,26,8,False,DATA,1923596
15,UNKNOWN,UNKNOWN,26,9,False,DATA,1923596
15,UNKNOWN,UNKNOWN,26,10,False,DATA,53231
15,UNKNOWN,UNKNOWN,26,11,False,DATA,41077
15,UNKNOWN,UNKNOWN,27,0,False,OKVED_CODE,"сбор, обработка и утилизация отходов; обработка вторичного сырья"
15,UNKNOWN,UNKNOWN,27,1,False,OKVED_NAME,859922
15,UNKNOWN,UNKNOWN,27,2,False,DATA,-
15,UNKNOWN,UNKNOWN,27,3,False,DATA,-
15,UNKNOWN,UNKNOWN,27,4,False,DATA,-
15,UNKNOWN,UNKNOWN,27,5,False,DATA,-
15,UNKNOWN,UNKNOWN,27,6,False,DATA,859922
15,UNKNOWN,UNKNOWN,27,7,False,DATA,859922
15,UNKNOWN,UNKNOWN,27,8,False,DATA,-
15,UNKNOWN,UNKNOWN,27,9,False,DATA,-
15,UNKNOWN,UNKNOWN,27,10,False,DATA,562
15,UNKNOWN,UNKNOWN,27,11,False,DATA,827
15,UNKNOWN,UNKNOWN,28,0,False,OKVED_CODE,Строительство
15,UNKNOWN,UNKNOWN,28,1,False,OKVED_NAME,55908
15,UNKNOWN,UNKNOWN,28,2,False,DATA,1377615
15,UNKNOWN,UNKNOWN,28,3,False,DATA,1377615
15,UNKNOWN,UNKNOWN,28,4,False,DATA,-
15,UNKNOWN,UNKNOWN,28,5,False,DATA,1301763
15,UNKNOWN,UNKNOWN,28,6,False,DATA,55908
15,UNKNOWN,UNKNOWN,28,7,False,DATA,55908
15,UNKNOWN,UNKNOWN,28,8,False,DATA,75852
15,UNKNOWN,UNKNOWN,28,9,False,DATA,75852
15,UNKNOWN,UNKNOWN,28,10,False,DATA,-
15,UNKNOWN,UNKNOWN,28,11,False,DATA,-
15,UNKNOWN,UNKNOWN,29,0,False,OKVED_CODE,строительство зданий
15,UNKNOWN,UNKNOWN,29,1,False,OKVED_NAME,9000
15,UNKNOWN,UNKNOWN,29,2,False,DATA,9000
15,UNKNOWN,UNKNOWN,29,3,False,DATA,9000
15,UNKNOWN,UNKNOWN,29,4,False,DATA,-
15,UNKNOWN,UNKNOWN,29,5,False,DATA,-
15,UNKNOWN,UNKNOWN,29,6,False,DATA,9000
15,UNKNOWN,UNKNOWN,29,7,False,DATA,9000
15,UNKNOWN,UNKNOWN,29,8,False,DATA,9000
15,UNKNOWN,UNKNOWN,29,9,False,DATA,9000
15,UNKNOWN,UNKNOWN,29,10,False,DATA,-
15,UNKNOWN,UNKNOWN,29,11,False,DATA,-
15,UNKNOWN,UNKNOWN,30,0,False,OKVED_CODE,строительство инженерных сооружений
15,UNKNOWN,UNKNOWN,30,1,False,OKVED_NAME,46908
15,UNKNOWN,UNKNOWN,30,2,False,DATA,1368615
15,UNKNOWN,UNKNOWN,30,3,False,DATA,1368615
15,UNKNOWN,UNKNOWN,30,4,False,DATA,-
15,UNKNOWN,UNKNOWN,30,5,False,DATA,1301763
15,UNKNOWN,UNKNOWN,30,6,False,DATA,46908
15,UNKNOWN,UNKNOWN,30,7,False,DATA,46908
15,UNKNOWN,UNKNOWN,30,8,False,DATA,66852
15,UNKNOWN,UNKNOWN,30,9,False,DATA,66852
15,UNKNOWN,UNKNOWN,30,10,False,DATA,-
15,UNKNOWN,UNKNOWN,30,11,False,DATA,-
15,UNKNOWN,UNKNOWN,31,0,False,OKVED_CODE,работы строительные специализированные
15,UNKNOWN,UNKNOWN,31,1,False,OKVED_NAME,-
15,UNKNOWN,UNKNOWN,31,2,False,DATA,-
15,UNKNOWN,UNKNOWN,31,3,False,DATA,-
15,UNKNOWN,UNKNOWN,31,4,False,DATA,-
15,UNKNOWN,UNKNOWN,31,5,False,DATA,-
15,UNKNOWN,UNKNOWN,31,6,False,DATA,-
15,UNKNOWN,UNKNOWN,31,7,False,DATA,-
15,UNKNOWN,UNKNOWN,31,8,False,DATA,-
15,UNKNOWN,UNKNOWN,31,9,False,DATA,-
15,UNKNOWN,UNKNOWN,31,10,False,DATA,-
15,UNKNOWN,UNKNOWN,31,11,False,DATA,-
15,UNKNOWN,UNKNOWN,32,0,False,OKVED_CODE,"Торговля оптовая и розничная; ремонт автотранспортных средств 
и мотоциклов"
15,UNKNOWN,UNKNOWN,32,1,False,OKVED_NAME,104824
15,UNKNOWN,UNKNOWN,32,2,False,DATA,96448
15,UNKNOWN,UNKNOWN,32,3,False,DATA,96448
15,UNKNOWN,UNKNOWN,32,4,False,DATA,27785
15,UNKNOWN,UNKNOWN,32,5,False,DATA,19409
15,UNKNOWN,UNKNOWN,32,6,False,DATA,77039
15,UNKNOWN,UNKNOWN,32,7,False,DATA,77039
15,UNKNOWN,UNKNOWN,32,8,False,DATA,77039
15,UNKNOWN,UNKNOWN,32,9,False,DATA,77039
15,UNKNOWN,UNKNOWN,32,10,False,DATA,8806
15,UNKNOWN,UNKNOWN,32,11,False,DATA,8848
15,UNKNOWN,UNKNOWN,33,0,False,OKVED_CODE,"торговля оптовая, кроме оптовой торговли автотранспортными средствами и мотоциклами"
15,UNKNOWN,UNKNOWN,33,1,False,OKVED_NAME,60000
15,UNKNOWN,UNKNOWN,33,2,False,DATA,60000
15,UNKNOWN,UNKNOWN,33,3,False,DATA,60000
15,UNKNOWN,UNKNOWN,33,4,False,DATA,-
15,UNKNOWN,UNKNOWN,33,5,False,DATA,-
15,UNKNOWN,UNKNOWN,33,6,False,DATA,60000
15,UNKNOWN,UNKNOWN,33,7,False,DATA,60000
15,UNKNOWN,UNKNOWN,33,8,False,DATA,60000
15,UNKNOWN,UNKNOWN,33,9,False,DATA,60000
15,UNKNOWN,UNKNOWN,33,10,False,DATA,7434
15,UNKNOWN,UNKNOWN,33,11,False,DATA,7434
15,UNKNOWN,UNKNOWN,34,0,False,OKVED_CODE,"торговля розничная, кроме торговли автотранспортными средствами 
и мотоциклами"
15,UNKNOWN,UNKNOWN,34,1,False,OKVED_NAME,44824
15,UNKNOWN,UNKNOWN,34,2,False,DATA,36448
15,UNKNOWN,UNKNOWN,34,3,False,DATA,36448
15,UNKNOWN,UNKNOWN,34,4,False,DATA,27785
15,UNKNOWN,UNKNOWN,34,5,False,DATA,19409
15,UNKNOWN,UNKNOWN,34,6,False,DATA,17039
15,UNKNOWN,UNKNOWN,34,7,False,DATA,17039
15,UNKNOWN,UNKNOWN,34,8,False,DATA,17039
15,UNKNOWN,UNKNOWN,34,9,False,DATA,17039
15,UNKNOWN,UNKNOWN,34,10,False,DATA,1372
15,UNKNOWN,UNKNOWN,34,11,False,DATA,1414
15,UNKNOWN,UNKNOWN,35,0,False,OKVED_CODE,Транспортировка и хранение
15,UNKNOWN,UNKNOWN,35,1,False,OKVED_NAME,5960520
15,UNKNOWN,UNKNOWN,35,2,False,DATA,7453387
15,UNKNOWN,UNKNOWN,35,3,False,DATA,7453387
15,UNKNOWN,UNKNOWN,35,4,False,DATA,-
15,UNKNOWN,UNKNOWN,35,5,False,DATA,42824
15,UNKNOWN,UNKNOWN,35,6,False,DATA,5960520
15,UNKNOWN,UNKNOWN,35,7,False,DATA,5960520
15,UNKNOWN,UNKNOWN,35,8,False,DATA,7410563
15,UNKNOWN,UNKNOWN,35,9,False,DATA,7410563
15,UNKNOWN,UNKNOWN,35,10,False,DATA,21259
15,UNKNOWN,UNKNOWN,35,11,False,DATA,25643
15,UNKNOWN,UNKNOWN,36,0,False,OKVED_CODE,"деятельность сухопутного 
и трубопроводного транспорта"
15,UNKNOWN,UNKNOWN,36,1,False,OKVED_NAME,-
15,UNKNOWN,UNKNOWN,36,2,False,DATA,42824
15,UNKNOWN,UNKNOWN,36,3,False,DATA,42824
15,UNKNOWN,UNKNOWN,36,4,False,DATA,-
15,UNKNOWN,UNKNOWN,36,5,False,DATA,42824
15,UNKNOWN,UNKNOWN,36,6,False,DATA,-
15,UNKNOWN,UNKNOWN,36,7,False,DATA,-
15,UNKNOWN,UNKNOWN,36,8,False,DATA,-
15,UNKNOWN,UNKNOWN,36,9,False,DATA,-
15,UNKNOWN,UNKNOWN,36,10,False,DATA,333
15,UNKNOWN,UNKNOWN,36,11,False,DATA,333
15,UNKNOWN,UNKNOWN,37,0,False,OKVED_CODE,деятельность водного транспорта
15,UNKNOWN,UNKNOWN,37,1,False,OKVED_NAME,317058
15,UNKNOWN,UNKNOWN,37,2,False,DATA,1771507
15,UNKNOWN,UNKNOWN,37,3,False,DATA,1771507
15,UNKNOWN,UNKNOWN,37,4,False,DATA,-
15,UNKNOWN,UNKNOWN,37,5,False,DATA,-
15,UNKNOWN,UNKNOWN,37,6,False,DATA,317058
15,UNKNOWN,UNKNOWN,37,7,False,DATA,317058
15,UNKNOWN,UNKNOWN,37,8,False,DATA,1771507
15,UNKNOWN,UNKNOWN,37,9,False,DATA,1771507
15,UNKNOWN,UNKNOWN,37,10,False,DATA,100
15,UNKNOWN,UNKNOWN,37,11,False,DATA,100
16,UNKNOWN,UNKNOWN,0,0,False,OKVED_CODE,
16,UNKNOWN,UNKNOWN,0,1,False,OKVED_NAME,
16,UNKNOWN,UNKNOWN,0,2,False,EMPTY,
16,UNKNOWN,UNKNOWN,0,3,False,EMPTY,
16,UNKNOWN,UNKNOWN,0,4,False,EMPTY,
16,UNKNOWN,UNKNOWN,0,5,False,EMPTY,
16,UNKNOWN,UNKNOWN,0,6,False,EMPTY,
16,UNKNOWN,UNKNOWN,0,7,False,EMPTY,
16,UNKNOWN,UNKNOWN,0,8,False,EMPTY,
16,UNKNOWN,UNKNOWN,0,9,False,EMPTY,
16,UNKNOWN,UNKNOWN,0,10,False,DATA,Продолжение таблицы 6.
16,UNKNOWN,UNKNOWN,0,11,False,DATA,Продолжение таблицы 6.
16,UNKNOWN,UNKNOWN,1,0,False,OKVED_CODE,
16,UNKNOWN,UNKNOWN,1,1,False,OKVED_NAME,"Добавочный 
капитал"
16,UNKNOWN,UNKNOWN,1,2,False,DATA,"Добавочный 
капитал"
16,UNKNOWN,UNKNOWN,1,3,False,DATA,"Добавочный 
капитал"
16,UNKNOWN,UNKNOWN,1,4,False,DATA,в том числе
16,UNKNOWN,UNKNOWN,1,5,False,DATA,в том числе
16,UNKNOWN,UNKNOWN,1,6,False,DATA,в том числе
16,UNKNOWN,UNKNOWN,1,7,False,DATA,в том числе
16,UNKNOWN,UNKNOWN,1,8,False,DATA,в том числе
16,UNKNOWN,UNKNOWN,1,9,False,DATA,в том числе
16,UNKNOWN,UNKNOWN,1,10,False,DATA,"Резервный капитал 
(Фонд недвижимого 
и особо целевого движимого имущества)"
16,UNKNOWN,UNKNOWN,1,11,False,DATA,"Резервный капитал 
(Фонд недвижимого 
и особо целевого движимого имущества)"
16,UNKNOWN,UNKNOWN,2,0,False,OKVED_CODE,
16,UNKNOWN,UNKNOWN,2,1,False,OKVED_NAME,"Добавочный 
капитал"
16,UNKNOWN,UNKNOWN,2,2,False,DATA,"Добавочный 
капитал"
16,UNKNOWN,UNKNOWN,2,3,False,DATA,"Добавочный 
капитал"
16,UNKNOWN,UNKNOWN,2,4,False,DATA,"переоценка 
внеоборотных 
активов"
16,UNKNOWN,UNKNOWN,2,5,False,DATA,"переоценка 
внеоборотных 
активов"
16,UNKNOWN,UNKNOWN,2,6,False,DATA,"добавочный капитал 
(без переоценки)
(целевые средства)"
16,UNKNOWN,UNKNOWN,2,7,False,DATA,"добавочный капитал 
(без переоценки)
(целевые средства)"
16,UNKNOWN,UNKNOWN,2,8,False,DATA,"добавочный капитал 
(без переоценки)
(целевые средства)"
16,UNKNOWN,UNKNOWN,2,9,False,DATA,"добавочный капитал 
(без переоценки)
(целевые средства)"
16,UNKNOWN,UNKNOWN,2,10,False,DATA,"Резервный капитал 
(Фонд недвижимого 
и особо целевого движимого имущества)"
16,UNKNOWN,UNKNOWN,2,11,False,DATA,"Резервный капитал 
(Фонд недвижимого 
и особо целевого движимого имущества)"
16,UNKNOWN,UNKNOWN,3,0,False,OKVED_CODE,
16,UNKNOWN,UNKNOWN,3,1,False,OKVED_NAME,2022
16,UNKNOWN,UNKNOWN,3,2,False,DATA,2023
16,UNKNOWN,UNKNOWN,3,3,False,DATA,2023
16,UNKNOWN,UNKNOWN,3,4,False,DATA,2022
16,UNKNOWN,UNKNOWN,3,5,False,DATA,2023
16,UNKNOWN,UNKNOWN,3,6,False,DATA,2022
16,UNKNOWN,UNKNOWN,3,7,False,DATA,2022
16,UNKNOWN,UNKNOWN,3,8,False,DATA,2023
16,UNKNOWN,UNKNOWN,3,9,False,DATA,2023
16,UNKNOWN,UNKNOWN,3,10,False,DATA,2022
16,UNKNOWN,UNKNOWN,3,11,False,DATA,2023
16,UNKNOWN,UNKNOWN,4,0,False,OKVED_CODE,"деятельность воздушного
и космического транспорта"
16,UNKNOWN,UNKNOWN,4,1,False,OKVED_NAME,219764
16,UNKNOWN,UNKNOWN,4,2,False,DATA,219764
16,UNKNOWN,UNKNOWN,4,3,False,DATA,219764
16,UNKNOWN,UNKNOWN,4,4,False,DATA,-
16,UNKNOWN,UNKNOWN,4,5,False,DATA,-
16,UNKNOWN,UNKNOWN,4,6,False,DATA,219764
16,UNKNOWN,UNKNOWN,4,7,False,DATA,219764
16,UNKNOWN,UNKNOWN,4,8,False,DATA,219764
16,UNKNOWN,UNKNOWN,4,9,False,DATA,219764
16,UNKNOWN,UNKNOWN,4,10,False,DATA,10111
16,UNKNOWN,UNKNOWN,4,11,False,DATA,11277
16,UNKNOWN,UNKNOWN,5,0,False,OKVED_CODE,складское хозяйство и вспомогательная транспортная деятельность
16,UNKNOWN,UNKNOWN,5,1,False,OKVED_NAME,5423698
16,UNKNOWN,UNKNOWN,5,2,False,DATA,5419292
16,UNKNOWN,UNKNOWN,5,3,False,DATA,5419292
16,UNKNOWN,UNKNOWN,5,4,False,DATA,-
16,UNKNOWN,UNKNOWN,5,5,False,DATA,-
16,UNKNOWN,UNKNOWN,5,6,False,DATA,5423698
16,UNKNOWN,UNKNOWN,5,7,False,DATA,5423698
16,UNKNOWN,UNKNOWN,5,8,False,DATA,5419292
16,UNKNOWN,UNKNOWN,5,9,False,DATA,5419292
16,UNKNOWN,UNKNOWN,5,10,False,DATA,10715
16,UNKNOWN,UNKNOWN,5,11,False,DATA,13933
16,UNKNOWN,UNKNOWN,6,0,False,OKVED_CODE,"Деятельность гостиниц 
и предприятий общественного питания"
16,UNKNOWN,UNKNOWN,6,1,False,OKVED_NAME,2291175
16,UNKNOWN,UNKNOWN,6,2,False,DATA,2500975
16,UNKNOWN,UNKNOWN,6,3,False,DATA,2500975
16,UNKNOWN,UNKNOWN,6,4,False,DATA,28970
16,UNKNOWN,UNKNOWN,6,5,False,DATA,28970
16,UNKNOWN,UNKNOWN,6,6,False,DATA,2262205
16,UNKNOWN,UNKNOWN,6,7,False,DATA,2262205
16,UNKNOWN,UNKNOWN,6,8,False,DATA,2472005
16,UNKNOWN,UNKNOWN,6,9,False,DATA,2472005
16,UNKNOWN,UNKNOWN,6,10,False,DATA,-
16,UNKNOWN,UNKNOWN,6,11,False,DATA,-
16,UNKNOWN,UNKNOWN,7,0,False,OKVED_CODE,деятельность по предоставлению мест для временного проживания
16,UNKNOWN,UNKNOWN,7,1,False,OKVED_NAME,2291175
16,UNKNOWN,UNKNOWN,7,2,False,DATA,2500975
16,UNKNOWN,UNKNOWN,7,3,False,DATA,2500975
16,UNKNOWN,UNKNOWN,7,4,False,DATA,28970
16,UNKNOWN,UNKNOWN,7,5,False,DATA,28970
16,UNKNOWN,UNKNOWN,7,6,False,DATA,2262205
16,UNKNOWN,UNKNOWN,7,7,False,DATA,2262205
16,UNKNOWN,UNKNOWN,7,8,False,DATA,2472005
16,UNKNOWN,UNKNOWN,7,9,False,DATA,2472005
16,UNKNOWN,UNKNOWN,7,10,False,DATA,-
16,UNKNOWN,UNKNOWN,7,11,False,DATA,-
16,UNKNOWN,UNKNOWN,8,0,False,OKVED_CODE,Деятельность в области информации и связи
16,UNKNOWN,UNKNOWN,8,1,False,OKVED_NAME,2928
16,UNKNOWN,UNKNOWN,8,2,False,DATA,116
16,UNKNOWN,UNKNOWN,8,3,False,DATA,116
16,UNKNOWN,UNKNOWN,8,4,False,DATA,-
16,UNKNOWN,UNKNOWN,8,5,False,DATA,-
16,UNKNOWN,UNKNOWN,8,6,False,DATA,2928
16,UNKNOWN,UNKNOWN,8,7,False,DATA,2928
16,UNKNOWN,UNKNOWN,8,8,False,DATA,116
16,UNKNOWN,UNKNOWN,8,9,False,DATA,116
16,UNKNOWN,UNKNOWN,8,10,False,DATA,459
16,UNKNOWN,UNKNOWN,8,11,False,DATA,459
16,UNKNOWN,UNKNOWN,9,0,False,OKVED_CODE,деятельность в области информационных технологий
16,UNKNOWN,UNKNOWN,9,1,False,OKVED_NAME,2928
16,UNKNOWN,UNKNOWN,9,2,False,DATA,116
16,UNKNOWN,UNKNOWN,9,3,False,DATA,116
16,UNKNOWN,UNKNOWN,9,4,False,DATA,-
16,UNKNOWN,UNKNOWN,9,5,False,DATA,-
16,UNKNOWN,UNKNOWN,9,6,False,DATA,2928
16,UNKNOWN,UNKNOWN,9,7,False,DATA,2928
16,UNKNOWN,UNKNOWN,9,8,False,DATA,116
16,UNKNOWN,UNKNOWN,9,9,False,DATA,116
16,UNKNOWN,UNKNOWN,9,10,False,DATA,459
16,UNKNOWN,UNKNOWN,9,11,False,DATA,459
16,UNKNOWN,UNKNOWN,10,0,False,OKVED_CODE,"Деятельность финансовая
и страховая"
16,UNKNOWN,UNKNOWN,10,1,False,OKVED_NAME,2396486
16,UNKNOWN,UNKNOWN,10,2,False,DATA,2352646
16,UNKNOWN,UNKNOWN,10,3,False,DATA,2352646
16,UNKNOWN,UNKNOWN,10,4,False,DATA,-
16,UNKNOWN,UNKNOWN,10,5,False,DATA,-
16,UNKNOWN,UNKNOWN,10,6,False,DATA,2396486
16,UNKNOWN,UNKNOWN,10,7,False,DATA,2396486
16,UNKNOWN,UNKNOWN,10,8,False,DATA,2352646
16,UNKNOWN,UNKNOWN,10,9,False,DATA,2352646
16,UNKNOWN,UNKNOWN,10,10,False,DATA,6676
16,UNKNOWN,UNKNOWN,10,11,False,DATA,6052
16,UNKNOWN,UNKNOWN,11,0,False,OKVED_CODE,"деятельность по предоставлению финансовых услуг, кроме услуг 
по страхованию и пенсионному обеспечен"
16,UNKNOWN,UNKNOWN,11,1,False,OKVED_NAME,2396486
16,UNKNOWN,UNKNOWN,11,2,False,DATA,2352646
16,UNKNOWN,UNKNOWN,11,3,False,DATA,2352646
16,UNKNOWN,UNKNOWN,11,4,False,DATA,-
16,UNKNOWN,UNKNOWN,11,5,False,DATA,-
16,UNKNOWN,UNKNOWN,11,6,False,DATA,2396486
16,UNKNOWN,UNKNOWN,11,7,False,DATA,2396486
16,UNKNOWN,UNKNOWN,11,8,False,DATA,2352646
16,UNKNOWN,UNKNOWN,11,9,False,DATA,2352646
16,UNKNOWN,UNKNOWN,11,10,False,DATA,6676
16,UNKNOWN,UNKNOWN,11,11,False,DATA,6052
16,UNKNOWN,UNKNOWN,12,0,False,OKVED_CODE,"Деятельность по операциям 
с недвижимым имуществом"
16,UNKNOWN,UNKNOWN,12,1,False,OKVED_NAME,237712
16,UNKNOWN,UNKNOWN,12,2,False,DATA,1338623
16,UNKNOWN,UNKNOWN,12,3,False,DATA,1338623
16,UNKNOWN,UNKNOWN,12,4,False,DATA,-
16,UNKNOWN,UNKNOWN,12,5,False,DATA,1087103
16,UNKNOWN,UNKNOWN,12,6,False,DATA,237712
16,UNKNOWN,UNKNOWN,12,7,False,DATA,237712
16,UNKNOWN,UNKNOWN,12,8,False,DATA,251520
16,UNKNOWN,UNKNOWN,12,9,False,DATA,251520
16,UNKNOWN,UNKNOWN,12,10,False,DATA,24362
16,UNKNOWN,UNKNOWN,12,11,False,DATA,23362
16,UNKNOWN,UNKNOWN,13,0,False,OKVED_CODE,операции с недвижимым имуществом
16,UNKNOWN,UNKNOWN,13,1,False,OKVED_NAME,237712
16,UNKNOWN,UNKNOWN,13,2,False,DATA,1338623
16,UNKNOWN,UNKNOWN,13,3,False,DATA,1338623
16,UNKNOWN,UNKNOWN,13,4,False,DATA,-
16,UNKNOWN,UNKNOWN,13,5,False,DATA,1087103
16,UNKNOWN,UNKNOWN,13,6,False,DATA,237712
16,UNKNOWN,UNKNOWN,13,7,False,DATA,237712
16,UNKNOWN,UNKNOWN,13,8,False,DATA,251520
16,UNKNOWN,UNKNOWN,13,9,False,DATA,251520
16,UNKNOWN,UNKNOWN,13,10,False,DATA,24362
16,UNKNOWN,UNKNOWN,13,11,False,DATA,23362
16,UNKNOWN,UNKNOWN,14,0,False,OKVED_CODE,"Деятельность профессиональная, научная и техническая"
16,UNKNOWN,UNKNOWN,14,1,False,OKVED_NAME,4144852
16,UNKNOWN,UNKNOWN,14,2,False,DATA,5612770
16,UNKNOWN,UNKNOWN,14,3,False,DATA,5612770
16,UNKNOWN,UNKNOWN,14,4,False,DATA,91459
16,UNKNOWN,UNKNOWN,14,5,False,DATA,91459
16,UNKNOWN,UNKNOWN,14,6,False,DATA,4053393
16,UNKNOWN,UNKNOWN,14,7,False,DATA,4053393
16,UNKNOWN,UNKNOWN,14,8,False,DATA,5521311
16,UNKNOWN,UNKNOWN,14,9,False,DATA,5521311
16,UNKNOWN,UNKNOWN,14,10,False,DATA,1399
16,UNKNOWN,UNKNOWN,14,11,False,DATA,1399
16,UNKNOWN,UNKNOWN,15,0,False,OKVED_CODE,"деятельность в области права
и бухгалтерского учета"
16,UNKNOWN,UNKNOWN,15,1,False,OKVED_NAME,515000
16,UNKNOWN,UNKNOWN,15,2,False,DATA,591000
16,UNKNOWN,UNKNOWN,15,3,False,DATA,591000
16,UNKNOWN,UNKNOWN,15,4,False,DATA,-
16,UNKNOWN,UNKNOWN,15,5,False,DATA,-
16,UNKNOWN,UNKNOWN,15,6,False,DATA,515000
16,UNKNOWN,UNKNOWN,15,7,False,DATA,515000
16,UNKNOWN,UNKNOWN,15,8,False,DATA,591000
16,UNKNOWN,UNKNOWN,15,9,False,DATA,591000
16,UNKNOWN,UNKNOWN,15,10,False,DATA,-
16,UNKNOWN,UNKNOWN,15,11,False,DATA,-
16,UNKNOWN,UNKNOWN,16,0,False,OKVED_CODE,
16,UNKNOWN,UNKNOWN,16,1,False,OKVED_NAME,
16,UNKNOWN,UNKNOWN,16,2,False,EMPTY,
16,UNKNOWN,UNKNOWN,16,3,False,EMPTY,
16,UNKNOWN,UNKNOWN,16,4,False,EMPTY,
16,UNKNOWN,UNKNOWN,16,5,False,EMPTY,
16,UNKNOWN,UNKNOWN,16,6,False,EMPTY,
16,UNKNOWN,UNKNOWN,16,7,False,EMPTY,
16,UNKNOWN,UNKNOWN,16,8,False,EMPTY,
16,UNKNOWN,UNKNOWN,16,9,False,EMPTY,
16,UNKNOWN,UNKNOWN,16,10,False,EMPTY,
16,UNKNOWN,UNKNOWN,16,11,False,EMPTY,
16,UNKNOWN,UNKNOWN,17,0,False,OKVED_CODE,
16,UNKNOWN,UNKNOWN,17,1,False,OKVED_NAME,
16,UNKNOWN,UNKNOWN,17,2,False,EMPTY,
16,UNKNOWN,UNKNOWN,17,3,False,EMPTY,
16,UNKNOWN,UNKNOWN,17,4,False,EMPTY,
16,UNKNOWN,UNKNOWN,17,5,False,EMPTY,
16,UNKNOWN,UNKNOWN,17,6,False,EMPTY,
16,UNKNOWN,UNKNOWN,17,7,False,EMPTY,
16,UNKNOWN,UNKNOWN,17,8,False,EMPTY,
16,UNKNOWN,UNKNOWN,17,9,False,EMPTY,
16,UNKNOWN,UNKNOWN,17,10,False,DATA,Продолжение таблицы 6.
16,UNKNOWN,UNKNOWN,17,11,False,DATA,Продолжение таблицы 6.
16,UNKNOWN,UNKNOWN,18,0,False,OKVED_CODE,
16,UNKNOWN,UNKNOWN,18,1,False,OKVED_NAME,"Добавочный 
капитал"
16,UNKNOWN,UNKNOWN,18,2,False,DATA,"Добавочный 
капитал"
16,UNKNOWN,UNKNOWN,18,3,False,DATA,"Добавочный 
капитал"
16,UNKNOWN,UNKNOWN,18,4,False,DATA,в том числе
16,UNKNOWN,UNKNOWN,18,5,False,DATA,в том числе
16,UNKNOWN,UNKNOWN,18,6,False,DATA,в том числе
16,UNKNOWN,UNKNOWN,18,7,False,DATA,в том числе
16,UNKNOWN,UNKNOWN,18,8,False,DATA,в том числе
16,UNKNOWN,UNKNOWN,18,9,False,DATA,в том числе
16,UNKNOWN,UNKNOWN,18,10,False,DATA,"Резервный капитал 
(Фонд недвижимого 
и особо целевого движимого имущества)"
16,UNKNOWN,UNKNOWN,18,11,False,DATA,"Резервный капитал 
(Фонд недвижимого 
и особо целевого движимого имущества)"
16,UNKNOWN,UNKNOWN,19,0,False,OKVED_CODE,
16,UNKNOWN,UNKNOWN,19,1,False,OKVED_NAME,"Добавочный 
капитал"
16,UNKNOWN,UNKNOWN,19,2,False,DATA,"Добавочный 
капитал"
16,UNKNOWN,UNKNOWN,19,3,False,DATA,"Добавочный 
капитал"
16,UNKNOWN,UNKNOWN,19,4,False,DATA,"переоценка 
внеоборотных 
активов"
16,UNKNOWN,UNKNOWN,19,5,False,DATA,"переоценка 
внеоборотных 
активов"
16,UNKNOWN,UNKNOWN,19,6,False,DATA,"добавочный капитал 
(без переоценки)
(целевые средства)"
16,UNKNOWN,UNKNOWN,19,7,False,DATA,"добавочный капитал 
(без переоценки)
(целевые средства)"
16,UNKNOWN,UNKNOWN,19,8,False,DATA,"добавочный капитал 
(без переоценки)
(целевые средства)"
16,UNKNOWN,UNKNOWN,19,9,False,DATA,"добавочный капитал 
(без переоценки)
(целевые средства)"
16,UNKNOWN,UNKNOWN,19,10,False,DATA,"Резервный капитал 
(Фонд недвижимого 
и особо целевого движимого имущества)"
16,UNKNOWN,UNKNOWN,19,11,False,DATA,"Резервный капитал 
(Фонд недвижимого 
и особо целевого движимого имущества)"
16,UNKNOWN,UNKNOWN,20,0,False,OKVED_CODE,
16,UNKNOWN,UNKNOWN,20,1,False,OKVED_NAME,2022
16,UNKNOWN,UNKNOWN,20,2,False,DATA,2023
16,UNKNOWN,UNKNOWN,20,3,False,DATA,2023
16,UNKNOWN,UNKNOWN,20,4,False,DATA,2022
16,UNKNOWN,UNKNOWN,20,5,False,DATA,2023
16,UNKNOWN,UNKNOWN,20,6,False,DATA,2022
16,UNKNOWN,UNKNOWN,20,7,False,DATA,2022
16,UNKNOWN,UNKNOWN,20,8,False,DATA,2023
16,UNKNOWN,UNKNOWN,20,9,False,DATA,2023
16,UNKNOWN,UNKNOWN,20,10,False,DATA,2022
16,UNKNOWN,UNKNOWN,20,11,False,DATA,2023
16,UNKNOWN,UNKNOWN,21,0,False,OKVED_CODE,деятельность головных офисов; консультирование по вопросам управления
16,UNKNOWN,UNKNOWN,21,1,False,OKVED_NAME,3284760
16,UNKNOWN,UNKNOWN,21,2,False,DATA,4062678
16,UNKNOWN,UNKNOWN,21,3,False,DATA,4062678
16,UNKNOWN,UNKNOWN,21,4,False,DATA,90134
16,UNKNOWN,UNKNOWN,21,5,False,DATA,90134
16,UNKNOWN,UNKNOWN,21,6,False,DATA,3194626
16,UNKNOWN,UNKNOWN,21,7,False,DATA,3194626
16,UNKNOWN,UNKNOWN,21,8,False,DATA,3972544
16,UNKNOWN,UNKNOWN,21,9,False,DATA,3972544
16,UNKNOWN,UNKNOWN,21,10,False,DATA,383
16,UNKNOWN,UNKNOWN,21,11,False,DATA,383
16,UNKNOWN,UNKNOWN,22,0,False,OKVED_CODE,"деятельность в области архитектуры
и инженерно-технического проектирования; технических испытаний, и"
16,UNKNOWN,UNKNOWN,22,1,False,OKVED_NAME,345092
16,UNKNOWN,UNKNOWN,22,2,False,DATA,959092
16,UNKNOWN,UNKNOWN,22,3,False,DATA,959092
16,UNKNOWN,UNKNOWN,22,4,False,DATA,1325
16,UNKNOWN,UNKNOWN,22,5,False,DATA,1325
16,UNKNOWN,UNKNOWN,22,6,False,DATA,343767
16,UNKNOWN,UNKNOWN,22,7,False,DATA,343767
16,UNKNOWN,UNKNOWN,22,8,False,DATA,957767
16,UNKNOWN,UNKNOWN,22,9,False,DATA,957767
16,UNKNOWN,UNKNOWN,22,10,False,DATA,934
16,UNKNOWN,UNKNOWN,22,11,False,DATA,934
16,UNKNOWN,UNKNOWN,23,0,False,OKVED_CODE,деятельность профессиональная научная и техническая прочая
16,UNKNOWN,UNKNOWN,23,1,False,OKVED_NAME,-
16,UNKNOWN,UNKNOWN,23,2,False,DATA,-
16,UNKNOWN,UNKNOWN,23,3,False,DATA,-
16,UNKNOWN,UNKNOWN,23,4,False,DATA,-
16,UNKNOWN,UNKNOWN,23,5,False,DATA,-
16,UNKNOWN,UNKNOWN,23,6,False,DATA,-
16,UNKNOWN,UNKNOWN,23,7,False,DATA,-
16,UNKNOWN,UNKNOWN,23,8,False,DATA,-
16,UNKNOWN,UNKNOWN,23,9,False,DATA,-
16,UNKNOWN,UNKNOWN,23,10,False,DATA,82
16,UNKNOWN,UNKNOWN,23,11,False,DATA,82
16,UNKNOWN,UNKNOWN,24,0,False,OKVED_CODE,"Деятельность административная 
и сопутствующие дополнительные услуги"
16,UNKNOWN,UNKNOWN,24,1,False,OKVED_NAME,1308687
16,UNKNOWN,UNKNOWN,24,2,False,DATA,1317211
16,UNKNOWN,UNKNOWN,24,3,False,DATA,1317211
16,UNKNOWN,UNKNOWN,24,4,False,DATA,774587
16,UNKNOWN,UNKNOWN,24,5,False,DATA,781461
16,UNKNOWN,UNKNOWN,24,6,False,DATA,534100
16,UNKNOWN,UNKNOWN,24,7,False,DATA,534100
16,UNKNOWN,UNKNOWN,24,8,False,DATA,535750
16,UNKNOWN,UNKNOWN,24,9,False,DATA,535750
16,UNKNOWN,UNKNOWN,24,10,False,DATA,719
16,UNKNOWN,UNKNOWN,24,11,False,DATA,1263
16,UNKNOWN,UNKNOWN,25,0,False,OKVED_CODE,аренда и лизинг
16,UNKNOWN,UNKNOWN,25,1,False,OKVED_NAME,-
16,UNKNOWN,UNKNOWN,25,2,False,DATA,-
16,UNKNOWN,UNKNOWN,25,3,False,DATA,-
16,UNKNOWN,UNKNOWN,25,4,False,DATA,-
16,UNKNOWN,UNKNOWN,25,5,False,DATA,-
16,UNKNOWN,UNKNOWN,25,6,False,DATA,-
16,UNKNOWN,UNKNOWN,25,7,False,DATA,-
16,UNKNOWN,UNKNOWN,25,8,False,DATA,-
16,UNKNOWN,UNKNOWN,25,9,False,DATA,-
16,UNKNOWN,UNKNOWN,25,10,False,DATA,183
16,UNKNOWN,UNKNOWN,25,11,False,DATA,707
16,UNKNOWN,UNKNOWN,26,0,False,OKVED_CODE,"деятельность туристических агентств 
и прочих организаций, предоставляющих услуги в сфере туризма"
16,UNKNOWN,UNKNOWN,26,1,False,OKVED_NAME,534100
16,UNKNOWN,UNKNOWN,26,2,False,DATA,535750
16,UNKNOWN,UNKNOWN,26,3,False,DATA,535750
16,UNKNOWN,UNKNOWN,26,4,False,DATA,-
16,UNKNOWN,UNKNOWN,26,5,False,DATA,-
16,UNKNOWN,UNKNOWN,26,6,False,DATA,534100
16,UNKNOWN,UNKNOWN,26,7,False,DATA,534100
16,UNKNOWN,UNKNOWN,26,8,False,DATA,535750
16,UNKNOWN,UNKNOWN,26,9,False,DATA,535750
16,UNKNOWN,UNKNOWN,26,10,False,DATA,-
16,UNKNOWN,UNKNOWN,26,11,False,DATA,-
16,UNKNOWN,UNKNOWN,27,0,False,OKVED_CODE,деятельность по обслуживанию зданий и территорий
16,UNKNOWN,UNKNOWN,27,1,False,OKVED_NAME,774587
16,UNKNOWN,UNKNOWN,27,2,False,DATA,781461
16,UNKNOWN,UNKNOWN,27,3,False,DATA,781461
16,UNKNOWN,UNKNOWN,27,4,False,DATA,774587
16,UNKNOWN,UNKNOWN,27,5,False,DATA,781461
16,UNKNOWN,UNKNOWN,27,6,False,DATA,-
16,UNKNOWN,UNKNOWN,27,7,False,DATA,-
16,UNKNOWN,UNKNOWN,27,8,False,DATA,-
16,UNKNOWN,UNKNOWN,27,9,False,DATA,-
16,UNKNOWN,UNKNOWN,27,10,False,DATA,-
16,UNKNOWN,UNKNOWN,27,11,False,DATA,-
16,UNKNOWN,UNKNOWN,28,0,False,OKVED_CODE,"деятельность административно-хозяйственная, вспомогательная деятельность по обеспечению функциониров"
16,UNKNOWN,UNKNOWN,28,1,False,OKVED_NAME,-
16,UNKNOWN,UNKNOWN,28,2,False,DATA,-
16,UNKNOWN,UNKNOWN,28,3,False,DATA,-
16,UNKNOWN,UNKNOWN,28,4,False,DATA,-
16,UNKNOWN,UNKNOWN,28,5,False,DATA,-
16,UNKNOWN,UNKNOWN,28,6,False,DATA,-
16,UNKNOWN,UNKNOWN,28,7,False,DATA,-
16,UNKNOWN,UNKNOWN,28,8,False,DATA,-
16,UNKNOWN,UNKNOWN,28,9,False,DATA,-
16,UNKNOWN,UNKNOWN,28,10,False,DATA,536
16,UNKNOWN,UNKNOWN,28,11,False,DATA,556
16,UNKNOWN,UNKNOWN,29,0,False,OKVED_CODE,
16,UNKNOWN,UNKNOWN,29,1,False,OKVED_NAME,
16,UNKNOWN,UNKNOWN,29,2,False,EMPTY,
16,UNKNOWN,UNKNOWN,29,3,False,EMPTY,
16,UNKNOWN,UNKNOWN,29,4,False,EMPTY,
16,UNKNOWN,UNKNOWN,29,5,False,EMPTY,
16,UNKNOWN,UNKNOWN,29,6,False,EMPTY,
16,UNKNOWN,UNKNOWN,29,7,False,EMPTY,
16,UNKNOWN,UNKNOWN,29,8,False,EMPTY,
16,UNKNOWN,UNKNOWN,29,9,False,EMPTY,
16,UNKNOWN,UNKNOWN,29,10,False,EMPTY,
16,UNKNOWN,UNKNOWN,29,11,False,EMPTY,
16,UNKNOWN,UNKNOWN,30,0,False,OKVED_CODE,
16,UNKNOWN,UNKNOWN,30,1,False,OKVED_NAME,
16,UNKNOWN,UNKNOWN,30,2,False,EMPTY,
16,UNKNOWN,UNKNOWN,30,3,False,EMPTY,
16,UNKNOWN,UNKNOWN,30,4,False,EMPTY,
16,UNKNOWN,UNKNOWN,30,5,False,EMPTY,
16,UNKNOWN,UNKNOWN,30,6,False,EMPTY,
16,UNKNOWN,UNKNOWN,30,7,False,EMPTY,
16,UNKNOWN,UNKNOWN,30,8,False,EMPTY,
16,UNKNOWN,UNKNOWN,30,9,False,EMPTY,
16,UNKNOWN,UNKNOWN,30,10,False,DATA,Продолжение таблицы 6.
16,UNKNOWN,UNKNOWN,30,11,False,DATA,Продолжение таблицы 6.
16,UNKNOWN,UNKNOWN,31,0,False,OKVED_CODE,
16,UNKNOWN,UNKNOWN,31,1,False,OKVED_NAME,"Добавочный 
капитал"
16,UNKNOWN,UNKNOWN,31,2,False,DATA,"Добавочный 
капитал"
16,UNKNOWN,UNKNOWN,31,3,False,DATA,"Добавочный 
капитал"
16,UNKNOWN,UNKNOWN,31,4,False,DATA,в том числе
16,UNKNOWN,UNKNOWN,31,5,False,DATA,в том числе
16,UNKNOWN,UNKNOWN,31,6,False,DATA,в том числе
16,UNKNOWN,UNKNOWN,31,7,False,DATA,в том числе
16,UNKNOWN,UNKNOWN,31,8,False,DATA,в том числе
16,UNKNOWN,UNKNOWN,31,9,False,DATA,в том числе
16,UNKNOWN,UNKNOWN,31,10,False,DATA,"Резервный капитал 
(Фонд недвижимого 
и особо целевого движимого имущества)"
16,UNKNOWN,UNKNOWN,31,11,False,DATA,"Резервный капитал 
(Фонд недвижимого 
и особо целевого движимого имущества)"
16,UNKNOWN,UNKNOWN,32,0,False,OKVED_CODE,
16,UNKNOWN,UNKNOWN,32,1,False,OKVED_NAME,"Добавочный 
капитал"
16,UNKNOWN,UNKNOWN,32,2,False,DATA,"Добавочный 
капитал"
16,UNKNOWN,UNKNOWN,32,3,False,DATA,"Добавочный 
капитал"
16,UNKNOWN,UNKNOWN,32,4,False,DATA,"переоценка 
внеоборотных 
активов"
16,UNKNOWN,UNKNOWN,32,5,False,DATA,"переоценка 
внеоборотных 
активов"
16,UNKNOWN,UNKNOWN,32,6,False,DATA,"добавочный капитал 
(без переоценки)
(целевые средства)"
16,UNKNOWN,UNKNOWN,32,7,False,DATA,"добавочный капитал 
(без переоценки)
(целевые средства)"
16,UNKNOWN,UNKNOWN,32,8,False,DATA,"добавочный капитал 
(без переоценки)
(целевые средства)"
16,UNKNOWN,UNKNOWN,32,9,False,DATA,"добавочный капитал 
(без переоценки)
(целевые средства)"
16,UNKNOWN,UNKNOWN,32,10,False,DATA,"Резервный капитал 
(Фонд недвижимого 
и особо целевого движимого имущества)"
16,UNKNOWN,UNKNOWN,32,11,False,DATA,"Резервный капитал 
(Фонд недвижимого 
и особо целевого движимого имущества)"
16,UNKNOWN,UNKNOWN,33,0,False,OKVED_CODE,
16,UNKNOWN,UNKNOWN,33,1,False,OKVED_NAME,2022
16,UNKNOWN,UNKNOWN,33,2,False,DATA,2023
16,UNKNOWN,UNKNOWN,33,3,False,DATA,2023
16,UNKNOWN,UNKNOWN,33,4,False,DATA,2022
16,UNKNOWN,UNKNOWN,33,5,False,DATA,2023
16,UNKNOWN,UNKNOWN,33,6,False,DATA,2022
16,UNKNOWN,UNKNOWN,33,7,False,DATA,2022
16,UNKNOWN,UNKNOWN,33,8,False,DATA,2023
16,UNKNOWN,UNKNOWN,33,9,False,DATA,2023
16,UNKNOWN,UNKNOWN,33,10,False,DATA,2022
16,UNKNOWN,UNKNOWN,33,11,False,DATA,2023
16,UNKNOWN,UNKNOWN,34,0,False,OKVED_CODE,"Государственное управление 
и обеспечение военной безопасности; социальное обеспечение"
16,UNKNOWN,UNKNOWN,34,1,False,OKVED_NAME,54956
16,UNKNOWN,UNKNOWN,34,2,False,DATA,52382
16,UNKNOWN,UNKNOWN,34,3,False,DATA,52382
16,UNKNOWN,UNKNOWN,34,4,False,DATA,54956
16,UNKNOWN,UNKNOWN,34,5,False,DATA,52382
16,UNKNOWN,UNKNOWN,34,6,False,DATA,-
16,UNKNOWN,UNKNOWN,34,7,False,DATA,-
16,UNKNOWN,UNKNOWN,34,8,False,DATA,-
16,UNKNOWN,UNKNOWN,34,9,False,DATA,-
16,UNKNOWN,UNKNOWN,34,10,False,DATA,207
16,UNKNOWN,UNKNOWN,34,11,False,DATA,207
16,UNKNOWN,UNKNOWN,35,0,False,OKVED_CODE,"деятельность органов государственного управления по обеспечению военной безопасности, обязательному "
16,UNKNOWN,UNKNOWN,35,1,False,OKVED_NAME,54956
16,UNKNOWN,UNKNOWN,35,2,False,DATA,52382
16,UNKNOWN,UNKNOWN,35,3,False,DATA,52382
16,UNKNOWN,UNKNOWN,35,4,False,DATA,54956
16,UNKNOWN,UNKNOWN,35,5,False,DATA,52382
16,UNKNOWN,UNKNOWN,35,6,False,DATA,-
16,UNKNOWN,UNKNOWN,35,7,False,DATA,-
16,UNKNOWN,UNKNOWN,35,8,False,DATA,-
16,UNKNOWN,UNKNOWN,35,9,False,DATA,-
16,UNKNOWN,UNKNOWN,35,10,False,DATA,207
16,UNKNOWN,UNKNOWN,35,11,False,DATA,207
16,UNKNOWN,UNKNOWN,36,0,False,OKVED_CODE,Образование
16,UNKNOWN,UNKNOWN,36,1,False,OKVED_NAME,548
16,UNKNOWN,UNKNOWN,36,2,False,DATA,651
16,UNKNOWN,UNKNOWN,36,3,False,DATA,651
16,UNKNOWN,UNKNOWN,36,4,False,DATA,-
16,UNKNOWN,UNKNOWN,36,5,False,DATA,-
16,UNKNOWN,UNKNOWN,36,6,False,DATA,548
16,UNKNOWN,UNKNOWN,36,7,False,DATA,548
16,UNKNOWN,UNKNOWN,36,8,False,DATA,651
16,UNKNOWN,UNKNOWN,36,9,False,DATA,651
16,UNKNOWN,UNKNOWN,36,10,False,DATA,-
16,UNKNOWN,UNKNOWN,36,11,False,DATA,-
16,UNKNOWN,UNKNOWN,37,0,False,OKVED_CODE,образование
16,UNKNOWN,UNKNOWN,37,1,False,OKVED_NAME,548
16,UNKNOWN,UNKNOWN,37,2,False,DATA,651
16,UNKNOWN,UNKNOWN,37,3,False,DATA,651
16,UNKNOWN,UNKNOWN,37,4,False,DATA,-
16,UNKNOWN,UNKNOWN,37,5,False,DATA,-
16,UNKNOWN,UNKNOWN,37,6,False,DATA,548
16,UNKNOWN,UNKNOWN,37,7,False,DATA,548
16,UNKNOWN,UNKNOWN,37,8,False,DATA,651
16,UNKNOWN,UNKNOWN,37,9,False,DATA,651
16,UNKNOWN,UNKNOWN,37,10,False,DATA,-
16,UNKNOWN,UNKNOWN,37,11,False,DATA,-
16,UNKNOWN,UNKNOWN,38,0,False,OKVED_CODE,Деятельность в области здравоохранения и социальных услуг
16,UNKNOWN,UNKNOWN,38,1,False,OKVED_NAME,6813
16,UNKNOWN,UNKNOWN,38,2,False,DATA,6813
16,UNKNOWN,UNKNOWN,38,3,False,DATA,6813
16,UNKNOWN,UNKNOWN,38,4,False,DATA,6852
16,UNKNOWN,UNKNOWN,38,5,False,DATA,6852
16,UNKNOWN,UNKNOWN,38,6,False,DATA,-39
16,UNKNOWN,UNKNOWN,38,7,False,DATA,-39
16,UNKNOWN,UNKNOWN,38,8,False,DATA,-39
16,UNKNOWN,UNKNOWN,38,9,False,DATA,-39
16,UNKNOWN,UNKNOWN,38,10,False,DATA,496
16,UNKNOWN,UNKNOWN,38,11,False,DATA,496
16,UNKNOWN,UNKNOWN,39,0,False,OKVED_CODE,деятельность в области здравоохранения
16,UNKNOWN,UNKNOWN,39,1,False,OKVED_NAME,6852
16,UNKNOWN,UNKNOWN,39,2,False,DATA,6852
16,UNKNOWN,UNKNOWN,39,3,False,DATA,6852
16,UNKNOWN,UNKNOWN,39,4,False,DATA,6852
16,UNKNOWN,UNKNOWN,39,5,False,DATA,6852
16,UNKNOWN,UNKNOWN,39,6,False,DATA,-
16,UNKNOWN,UNKNOWN,39,7,False,DATA,-
16,UNKNOWN,UNKNOWN,39,8,False,DATA,-
16,UNKNOWN,UNKNOWN,39,9,False,DATA,-
16,UNKNOWN,UNKNOWN,39,10,False,DATA,397
16,UNKNOWN,UNKNOWN,39,11,False,DATA,397
16,UNKNOWN,UNKNOWN,40,0,False,OKVED_CODE,"предоставление социальных услуг 
без обеспечения проживания"
16,UNKNOWN,UNKNOWN,40,1,False,OKVED_NAME,-39
16,UNKNOWN,UNKNOWN,40,2,False,DATA,-39
16,UNKNOWN,UNKNOWN,40,3,False,DATA,-39
16,UNKNOWN,UNKNOWN,40,4,False,DATA,-
16,UNKNOWN,UNKNOWN,40,5,False,DATA,-
16,UNKNOWN,UNKNOWN,40,6,False,DATA,-39
16,UNKNOWN,UNKNOWN,40,7,False,DATA,-39
16,UNKNOWN,UNKNOWN,40,8,False,DATA,-39
16,UNKNOWN,UNKNOWN,40,9,False,DATA,-39
16,UNKNOWN,UNKNOWN,40,10,False,DATA,99
16,UNKNOWN,UNKNOWN,40,11,False,DATA,99
16,UNKNOWN,UNKNOWN,41,0,False,OKVED_CODE,"Деятельность в области культуры, спорта, организации досуга 
и развлечений"
16,UNKNOWN,UNKNOWN,41,1,False,OKVED_NAME,-
16,UNKNOWN,UNKNOWN,41,2,False,DATA,-7
16,UNKNOWN,UNKNOWN,41,3,False,DATA,-7
16,UNKNOWN,UNKNOWN,41,4,False,DATA,-
16,UNKNOWN,UNKNOWN,41,5,False,DATA,-
16,UNKNOWN,UNKNOWN,41,6,False,DATA,-
16,UNKNOWN,UNKNOWN,41,7,False,DATA,-
16,UNKNOWN,UNKNOWN,41,8,False,DATA,-7
16,UNKNOWN,UNKNOWN,41,9,False,DATA,-7
16,UNKNOWN,UNKNOWN,41,10,False,DATA,-
16,UNKNOWN,UNKNOWN,41,11,False,DATA,-
16,UNKNOWN,UNKNOWN,42,0,False,OKVED_CODE,"деятельность в области спорта, отдыха и развлечений"
16,UNKNOWN,UNKNOWN,42,1,False,OKVED_NAME,-
16,UNKNOWN,UNKNOWN,42,2,False,DATA,-7
16,UNKNOWN,UNKNOWN,42,3,False,DATA,-7
16,UNKNOWN,UNKNOWN,42,4,False,DATA,-
16,UNKNOWN,UNKNOWN,42,5,False,DATA,-
16,UNKNOWN,UNKNOWN,42,6,False,DATA,-
16,UNKNOWN,UNKNOWN,42,7,False,DATA,-
16,UNKNOWN,UNKNOWN,42,8,False,DATA,-7
16,UNKNOWN,UNKNOWN,42,9,False,DATA,-7
16,UNKNOWN,UNKNOWN,42,10,False,DATA,-
16,UNKNOWN,UNKNOWN,42,11,False,DATA,-
16,UNKNOWN,UNKNOWN,43,0,False,OKVED_CODE,Предоставление прочих видов услуг
16,UNKNOWN,UNKNOWN,43,1,False,OKVED_NAME,27269
16,UNKNOWN,UNKNOWN,43,2,False,DATA,25794
16,UNKNOWN,UNKNOWN,43,3,False,DATA,25794
16,UNKNOWN,UNKNOWN,43,4,False,DATA,180
16,UNKNOWN,UNKNOWN,43,5,False,DATA,180
16,UNKNOWN,UNKNOWN,43,6,False,DATA,27089
16,UNKNOWN,UNKNOWN,43,7,False,DATA,27089
16,UNKNOWN,UNKNOWN,43,8,False,DATA,25614
16,UNKNOWN,UNKNOWN,43,9,False,DATA,25614
16,UNKNOWN,UNKNOWN,43,10,False,DATA,-
16,UNKNOWN,UNKNOWN,43,11,False,DATA,-
16,UNKNOWN,UNKNOWN,44,0,False,OKVED_CODE,деятельность общественных и прочих некоммерческих организаций
16,UNKNOWN,UNKNOWN,44,1,False,OKVED_NAME,29408
16,UNKNOWN,UNKNOWN,44,2,False,DATA,30750
16,UNKNOWN,UNKNOWN,44,3,False,DATA,30750
16,UNKNOWN,UNKNOWN,44,4,False,DATA,180
16,UNKNOWN,UNKNOWN,44,5,False,DATA,180
16,UNKNOWN,UNKNOWN,44,6,False,DATA,29228
16,UNKNOWN,UNKNOWN,44,7,False,DATA,29228
16,UNKNOWN,UNKNOWN,44,8,False,DATA,30570
16,UNKNOWN,UNKNOWN,44,9,False,DATA,30570
16,UNKNOWN,UNKNOWN,44,10,False,DATA,-
16,UNKNOWN,UNKNOWN,44,11,False,DATA,-
16,UNKNOWN,UNKNOWN,45,0,False,OKVED_CODE,деятельность по предоставлению прочих персональных услуг
16,UNKNOWN,UNKNOWN,45,1,False,OKVED_NAME,-2139
16,UNKNOWN,UNKNOWN,45,2,False,DATA,-4956
16,UNKNOWN,UNKNOWN,45,3,False,DATA,-4956
16,UNKNOWN,UNKNOWN,45,4,False,DATA,-
16,UNKNOWN,UNKNOWN,45,5,False,DATA,-
16,UNKNOWN,UNKNOWN,45,6,False,DATA,-2139
16,UNKNOWN,UNKNOWN,45,7,False,DATA,-2139
16,UNKNOWN,UNKNOWN,45,8,False,DATA,-4956
16,UNKNOWN,UNKNOWN,45,9,False,DATA,-4956
16,UNKNOWN,UNKNOWN,45,10,False,DATA,-
16,UNKNOWN,UNKNOWN,45,11,False,DATA,-
16,UNKNOWN,UNKNOWN,46,0,False,OKVED_CODE,
16,UNKNOWN,UNKNOWN,46,1,False,OKVED_NAME,
16,UNKNOWN,UNKNOWN,46,2,False,EMPTY,
16,UNKNOWN,UNKNOWN,46,3,False,EMPTY,
16,UNKNOWN,UNKNOWN,46,4,False,EMPTY,
16,UNKNOWN,UNKNOWN,46,5,False,EMPTY,
16,UNKNOWN,UNKNOWN,46,6,False,EMPTY,
16,UNKNOWN,UNKNOWN,46,7,False,EMPTY,
16,UNKNOWN,UNKNOWN,46,8,False,EMPTY,
16,UNKNOWN,UNKNOWN,46,9,False,EMPTY,
16,UNKNOWN,UNKNOWN,46,10,False,EMPTY,
16,UNKNOWN,UNKNOWN,46,11,False,EMPTY,
16,UNKNOWN,UNKNOWN,47,0,False,OKVED_CODE,
16,UNKNOWN,UNKNOWN,47,1,False,OKVED_NAME,
16,UNKNOWN,UNKNOWN,47,2,False,EMPTY,
16,UNKNOWN,UNKNOWN,47,3,False,EMPTY,
16,UNKNOWN,UNKNOWN,47,4,False,EMPTY,
16,UNKNOWN,UNKNOWN,47,5,False,EMPTY,
16,UNKNOWN,UNKNOWN,47,6,False,EMPTY,
16,UNKNOWN,UNKNOWN,47,7,False,EMPTY,
16,UNKNOWN,UNKNOWN,47,8,False,EMPTY,
16,UNKNOWN,UNKNOWN,47,9,False,EMPTY,
16,UNKNOWN,UNKNOWN,47,10,False,EMPTY,
16,UNKNOWN,UNKNOWN,47,11,False,EMPTY,
17,ДОЛГОСРОЧНЫЕ ОБЯЗАТЕЛЬСТВА,T23_000000_t20Ved14.xlsx,0,0,True,HEADER,
17,ДОЛГОСРОЧНЫЕ ОБЯЗАТЕЛЬСТВА,T23_000000_t20Ved14.xlsx,0,1,True,HEADER,
17,ДОЛГОСРОЧНЫЕ ОБЯЗАТЕЛЬСТВА,T23_000000_t20Ved14.xlsx,0,2,True,HEADER,
17,ДОЛГОСРОЧНЫЕ ОБЯЗАТЕЛЬСТВА,T23_000000_t20Ved14.xlsx,0,3,True,HEADER,
17,ДОЛГОСРОЧНЫЕ ОБЯЗАТЕЛЬСТВА,T23_000000_t20Ved14.xlsx,0,4,True,HEADER,
17,ДОЛГОСРОЧНЫЕ ОБЯЗАТЕЛЬСТВА,T23_000000_t20Ved14.xlsx,0,5,True,HEADER,
17,ДОЛГОСРОЧНЫЕ ОБЯЗАТЕЛЬСТВА,T23_000000_t20Ved14.xlsx,0,6,True,HEADER,
17,ДОЛГОСРОЧНЫЕ ОБЯЗАТЕЛЬСТВА,T23_000000_t20Ved14.xlsx,0,7,True,HEADER,
17,ДОЛГОСРОЧНЫЕ ОБЯЗАТЕЛЬСТВА,T23_000000_t20Ved14.xlsx,0,8,True,HEADER,
17,ДОЛГОСРОЧНЫЕ ОБЯЗАТЕЛЬСТВА,T23_000000_t20Ved14.xlsx,0,9,True,HEADER,
17,ДОЛГОСРОЧНЫЕ ОБЯЗАТЕЛЬСТВА,T23_000000_t20Ved14.xlsx,0,10,True,HEADER,
17,ДОЛГОСРОЧНЫЕ ОБЯЗАТЕЛЬСТВА,T23_000000_t20Ved14.xlsx,0,11,True,HEADER,
17,ДОЛГОСРОЧНЫЕ ОБЯЗАТЕЛЬСТВА,T23_000000_t20Ved14.xlsx,0,12,True,HEADER,
17,ДОЛГОСРОЧНЫЕ ОБЯЗАТЕЛЬСТВА,T23_000000_t20Ved14.xlsx,0,13,True,HEADER,
17,ДОЛГОСРОЧНЫЕ ОБЯЗАТЕЛЬСТВА,T23_000000_t20Ved14.xlsx,0,14,True,HEADER,
17,ДОЛГОСРОЧНЫЕ ОБЯЗАТЕЛЬСТВА,T23_000000_t20Ved14.xlsx,0,15,True,HEADER,
17,ДОЛГОСРОЧНЫЕ ОБЯЗАТЕЛЬСТВА,T23_000000_t20Ved14.xlsx,0,16,True,HEADER,тысяч рублей
17,ДОЛГОСРОЧНЫЕ ОБЯЗАТЕЛЬСТВА,T23_000000_t20Ved14.xlsx,0,17,True,HEADER,тысяч рублей
17,ДОЛГОСРОЧНЫЕ ОБЯЗАТЕЛЬСТВА,T23_000000_t20Ved14.xlsx,0,18,True,HEADER,тысяч рублей
17,ДОЛГОСРОЧНЫЕ ОБЯЗАТЕЛЬСТВА,T23_000000_t20Ved14.xlsx,1,0,True,HEADER,
17,ДОЛГОСРОЧНЫЕ ОБЯЗАТЕЛЬСТВА,T23_000000_t20Ved14.xlsx,1,1,True,HEADER,
17,ДОЛГОСРОЧНЫЕ ОБЯЗАТЕЛЬСТВА,T23_000000_t20Ved14.xlsx,1,2,True,HEADER,Займы и кредиты
17,ДОЛГОСРОЧНЫЕ ОБЯЗАТЕЛЬСТВА,T23_000000_t20Ved14.xlsx,1,3,True,HEADER,Займы и кредиты
17,ДОЛГОСРОЧНЫЕ ОБЯЗАТЕЛЬСТВА,T23_000000_t20Ved14.xlsx,1,4,True,HEADER,Займы и кредиты
17,ДОЛГОСРОЧНЫЕ ОБЯЗАТЕЛЬСТВА,T23_000000_t20Ved14.xlsx,1,5,True,HEADER,Займы и кредиты
17,ДОЛГОСРОЧНЫЕ ОБЯЗАТЕЛЬСТВА,T23_000000_t20Ved14.xlsx,1,6,True,HEADER,Займы и кредиты
17,ДОЛГОСРОЧНЫЕ ОБЯЗАТЕЛЬСТВА,T23_000000_t20Ved14.xlsx,1,7,True,HEADER,Займы и кредиты
17,ДОЛГОСРОЧНЫЕ ОБЯЗАТЕЛЬСТВА,T23_000000_t20Ved14.xlsx,1,8,True,HEADER,Отложенные налоговые обязательства
17,ДОЛГОСРОЧНЫЕ ОБЯЗАТЕЛЬСТВА,T23_000000_t20Ved14.xlsx,1,9,True,HEADER,Отложенные налоговые обязательства
17,ДОЛГОСРОЧНЫЕ ОБЯЗАТЕЛЬСТВА,T23_000000_t20Ved14.xlsx,1,10,True,HEADER,Отложенные налоговые обязательства
17,ДОЛГОСРОЧНЫЕ ОБЯЗАТЕЛЬСТВА,T23_000000_t20Ved14.xlsx,1,11,True,HEADER,Отложенные налоговые обязательства
17,ДОЛГОСРОЧНЫЕ ОБЯЗАТЕЛЬСТВА,T23_000000_t20Ved14.xlsx,1,12,True,HEADER,Оценочные обязательства
17,ДОЛГОСРОЧНЫЕ ОБЯЗАТЕЛЬСТВА,T23_000000_t20Ved14.xlsx,1,13,True,HEADER,Оценочные обязательства
17,ДОЛГОСРОЧНЫЕ ОБЯЗАТЕЛЬСТВА,T23_000000_t20Ved14.xlsx,1,14,True,HEADER,Оценочные обязательства
17,ДОЛГОСРОЧНЫЕ ОБЯЗАТЕЛЬСТВА,T23_000000_t20Ved14.xlsx,1,15,True,HEADER,Оценочные обязательства
17,ДОЛГОСРОЧНЫЕ ОБЯЗАТЕЛЬСТВА,T23_000000_t20Ved14.xlsx,1,16,True,HEADER,Прочие долгосрочные обязательства
17,ДОЛГОСРОЧНЫЕ ОБЯЗАТЕЛЬСТВА,T23_000000_t20Ved14.xlsx,1,17,True,HEADER,Прочие долгосрочные обязательства
17,ДОЛГОСРОЧНЫЕ ОБЯЗАТЕЛЬСТВА,T23_000000_t20Ved14.xlsx,1,18,True,HEADER,Прочие долгосрочные обязательства
17,ДОЛГОСРОЧНЫЕ ОБЯЗАТЕЛЬСТВА,T23_000000_t20Ved14.xlsx,2,0,False,OKVED_CODE,
17,ДОЛГОСРОЧНЫЕ ОБЯЗАТЕЛЬСТВА,T23_000000_t20Ved14.xlsx,2,1,False,OKVED_NAME,
17,ДОЛГОСРОЧНЫЕ ОБЯЗАТЕЛЬСТВА,T23_000000_t20Ved14.xlsx,2,2,False,DATA,2022
17,ДОЛГОСРОЧНЫЕ ОБЯЗАТЕЛЬСТВА,T23_000000_t20Ved14.xlsx,2,3,False,DATA,2022
17,ДОЛГОСРОЧНЫЕ ОБЯЗАТЕЛЬСТВА,T23_000000_t20Ved14.xlsx,2,4,False,DATA,2022
17,ДОЛГОСРОЧНЫЕ ОБЯЗАТЕЛЬСТВА,T23_000000_t20Ved14.xlsx,2,5,False,DATA,2023
17,ДОЛГОСРОЧНЫЕ ОБЯЗАТЕЛЬСТВА,T23_000000_t20Ved14.xlsx,2,6,False,DATA,2023
17,ДОЛГОСРОЧНЫЕ ОБЯЗАТЕЛЬСТВА,T23_000000_t20Ved14.xlsx,2,7,False,DATA,2023
17,ДОЛГОСРОЧНЫЕ ОБЯЗАТЕЛЬСТВА,T23_000000_t20Ved14.xlsx,2,8,False,DATA,2022
17,ДОЛГОСРОЧНЫЕ ОБЯЗАТЕЛЬСТВА,T23_000000_t20Ved14.xlsx,2,9,False,DATA,2022
17,ДОЛГОСРОЧНЫЕ ОБЯЗАТЕЛЬСТВА,T23_000000_t20Ved14.xlsx,2,10,False,DATA,2023
17,ДОЛГОСРОЧНЫЕ ОБЯЗАТЕЛЬСТВА,T23_000000_t20Ved14.xlsx,2,11,False,DATA,2023
17,ДОЛГОСРОЧНЫЕ ОБЯЗАТЕЛЬСТВА,T23_000000_t20Ved14.xlsx,2,12,False,DATA,2022
17,ДОЛГОСРОЧНЫЕ ОБЯЗАТЕЛЬСТВА,T23_000000_t20Ved14.xlsx,2,13,False,DATA,2022
17,ДОЛГОСРОЧНЫЕ ОБЯЗАТЕЛЬСТВА,T23_000000_t20Ved14.xlsx,2,14,False,DATA,2023
17,ДОЛГОСРОЧНЫЕ ОБЯЗАТЕЛЬСТВА,T23_000000_t20Ved14.xlsx,2,15,False,DATA,2023
17,ДОЛГОСРОЧНЫЕ ОБЯЗАТЕЛЬСТВА,T23_000000_t20Ved14.xlsx,2,16,False,DATA,2022
17,ДОЛГОСРОЧНЫЕ ОБЯЗАТЕЛЬСТВА,T23_000000_t20Ved14.xlsx,2,17,False,DATA,2022
17,ДОЛГОСРОЧНЫЕ ОБЯЗАТЕЛЬСТВА,T23_000000_t20Ved14.xlsx,2,18,False,DATA,2023
17,ДОЛГОСРОЧНЫЕ ОБЯЗАТЕЛЬСТВА,T23_000000_t20Ved14.xlsx,3,0,False,OKVED_CODE,Всего по обследуемым видам экономической деятельности
17,ДОЛГОСРОЧНЫЕ ОБЯЗАТЕЛЬСТВА,T23_000000_t20Ved14.xlsx,3,1,False,OKVED_NAME,Всего по обследуемым видам экономической деятельности
17,ДОЛГОСРОЧНЫЕ ОБЯЗАТЕЛЬСТВА,T23_000000_t20Ved14.xlsx,3,2,False,DATA,170828774
17,ДОЛГОСРОЧНЫЕ ОБЯЗАТЕЛЬСТВА,T23_000000_t20Ved14.xlsx,3,3,False,DATA,170828774
17,ДОЛГОСРОЧНЫЕ ОБЯЗАТЕЛЬСТВА,T23_000000_t20Ved14.xlsx,3,4,False,DATA,170828774
17,ДОЛГОСРОЧНЫЕ ОБЯЗАТЕЛЬСТВА,T23_000000_t20Ved14.xlsx,3,5,False,DATA,253197746
17,ДОЛГОСРОЧНЫЕ ОБЯЗАТЕЛЬСТВА,T23_000000_t20Ved14.xlsx,3,6,False,DATA,253197746
17,ДОЛГОСРОЧНЫЕ ОБЯЗАТЕЛЬСТВА,T23_000000_t20Ved14.xlsx,3,7,False,DATA,253197746
17,ДОЛГОСРОЧНЫЕ ОБЯЗАТЕЛЬСТВА,T23_000000_t20Ved14.xlsx,3,8,False,DATA,7710718
17,ДОЛГОСРОЧНЫЕ ОБЯЗАТЕЛЬСТВА,T23_000000_t20Ved14.xlsx,3,9,False,DATA,7710718
17,ДОЛГОСРОЧНЫЕ ОБЯЗАТЕЛЬСТВА,T23_000000_t20Ved14.xlsx,3,10,False,DATA,10101880
17,ДОЛГОСРОЧНЫЕ ОБЯЗАТЕЛЬСТВА,T23_000000_t20Ved14.xlsx,3,11,False,DATA,10101880
17,ДОЛГОСРОЧНЫЕ ОБЯЗАТЕЛЬСТВА,T23_000000_t20Ved14.xlsx,3,12,False,DATA,2313167
17,ДОЛГОСРОЧНЫЕ ОБЯЗАТЕЛЬСТВА,T23_000000_t20Ved14.xlsx,3,13,False,DATA,2313167
17,ДОЛГОСРОЧНЫЕ ОБЯЗАТЕЛЬСТВА,T23_000000_t20Ved14.xlsx,3,14,False,DATA,2888068
17,ДОЛГОСРОЧНЫЕ ОБЯЗАТЕЛЬСТВА,T23_000000_t20Ved14.xlsx,3,15,False,DATA,2888068
17,ДОЛГОСРОЧНЫЕ ОБЯЗАТЕЛЬСТВА,T23_000000_t20Ved14.xlsx,3,16,False,DATA,22471571
17,ДОЛГОСРОЧНЫЕ ОБЯЗАТЕЛЬСТВА,T23_000000_t20Ved14.xlsx,3,17,False,DATA,22471571
17,ДОЛГОСРОЧНЫЕ ОБЯЗАТЕЛЬСТВА,T23_000000_t20Ved14.xlsx,3,18,False,DATA,25572526
17,ДОЛГОСРОЧНЫЕ ОБЯЗАТЕЛЬСТВА,T23_000000_t20Ved14.xlsx,4,0,False,OKVED_CODE,"Сельское, лесное хозяйство, охота, рыболовство и рыбоводство"
17,ДОЛГОСРОЧНЫЕ ОБЯЗАТЕЛЬСТВА,T23_000000_t20Ved14.xlsx,4,1,False,OKVED_NAME,"Сельское, лесное хозяйство, охота, рыболовство и рыбоводство"
17,ДОЛГОСРОЧНЫЕ ОБЯЗАТЕЛЬСТВА,T23_000000_t20Ved14.xlsx,4,2,False,DATA,85242296
17,ДОЛГОСРОЧНЫЕ ОБЯЗАТЕЛЬСТВА,T23_000000_t20Ved14.xlsx,4,3,False,DATA,85242296
17,ДОЛГОСРОЧНЫЕ ОБЯЗАТЕЛЬСТВА,T23_000000_t20Ved14.xlsx,4,4,False,DATA,85242296
17,ДОЛГОСРОЧНЫЕ ОБЯЗАТЕЛЬСТВА,T23_000000_t20Ved14.xlsx,4,5,False,DATA,150731891
17,ДОЛГОСРОЧНЫЕ ОБЯЗАТЕЛЬСТВА,T23_000000_t20Ved14.xlsx,4,6,False,DATA,150731891
17,ДОЛГОСРОЧНЫЕ ОБЯЗАТЕЛЬСТВА,T23_000000_t20Ved14.xlsx,4,7,False,DATA,150731891
17,ДОЛГОСРОЧНЫЕ ОБЯЗАТЕЛЬСТВА,T23_000000_t20Ved14.xlsx,4,8,False,DATA,2442594
17,ДОЛГОСРОЧНЫЕ ОБЯЗАТЕЛЬСТВА,T23_000000_t20Ved14.xlsx,4,9,False,DATA,2442594
17,ДОЛГОСРОЧНЫЕ ОБЯЗАТЕЛЬСТВА,T23_000000_t20Ved14.xlsx,4,10,False,DATA,2976277
17,ДОЛГОСРОЧНЫЕ ОБЯЗАТЕЛЬСТВА,T23_000000_t20Ved14.xlsx,4,11,False,DATA,2976277
17,ДОЛГОСРОЧНЫЕ ОБЯЗАТЕЛЬСТВА,T23_000000_t20Ved14.xlsx,4,12,False,DATA,-
17,ДОЛГОСРОЧНЫЕ ОБЯЗАТЕЛЬСТВА,T23_000000_t20Ved14.xlsx,4,13,False,DATA,-
17,ДОЛГОСРОЧНЫЕ ОБЯЗАТЕЛЬСТВА,T23_000000_t20Ved14.xlsx,4,14,False,DATA,-
17,ДОЛГОСРОЧНЫЕ ОБЯЗАТЕЛЬСТВА,T23_000000_t20Ved14.xlsx,4,15,False,DATA,-
17,ДОЛГОСРОЧНЫЕ ОБЯЗАТЕЛЬСТВА,T23_000000_t20Ved14.xlsx,4,16,False,DATA,6528614
17,ДОЛГОСРОЧНЫЕ ОБЯЗАТЕЛЬСТВА,T23_000000_t20Ved14.xlsx,4,17,False,DATA,6528614
17,ДОЛГОСРОЧНЫЕ ОБЯЗАТЕЛЬСТВА,T23_000000_t20Ved14.xlsx,4,18,False,DATA,6663871
17,ДОЛГОСРОЧНЫЕ ОБЯЗАТЕЛЬСТВА,T23_000000_t20Ved14.xlsx,5,0,False,OKVED_CODE,"растениеводство и животноводство, охота и предоставление соответствующих услуг в этих областях"
17,ДОЛГОСРОЧНЫЕ ОБЯЗАТЕЛЬСТВА,T23_000000_t20Ved14.xlsx,5,1,False,OKVED_NAME,"растениеводство и животноводство, охота и предоставление соответствующих услуг в этих областях"
17,ДОЛГОСРОЧНЫЕ ОБЯЗАТЕЛЬСТВА,T23_000000_t20Ved14.xlsx,5,2,False,DATA,1063644
17,ДОЛГОСРОЧНЫЕ ОБЯЗАТЕЛЬСТВА,T23_000000_t20Ved14.xlsx,5,3,False,DATA,1063644
17,ДОЛГОСРОЧНЫЕ ОБЯЗАТЕЛЬСТВА,T23_000000_t20Ved14.xlsx,5,4,False,DATA,1063644
17,ДОЛГОСРОЧНЫЕ ОБЯЗАТЕЛЬСТВА,T23_000000_t20Ved14.xlsx,5,5,False,DATA,1161379
17,ДОЛГОСРОЧНЫЕ ОБЯЗАТЕЛЬСТВА,T23_000000_t20Ved14.xlsx,5,6,False,DATA,1161379
17,ДОЛГОСРОЧНЫЕ ОБЯЗАТЕЛЬСТВА,T23_000000_t20Ved14.xlsx,5,7,False,DATA,1161379
17,ДОЛГОСРОЧНЫЕ ОБЯЗАТЕЛЬСТВА,T23_000000_t20Ved14.xlsx,5,8,False,DATA,7169
17,ДОЛГОСРОЧНЫЕ ОБЯЗАТЕЛЬСТВА,T23_000000_t20Ved14.xlsx,5,9,False,DATA,7169
17,ДОЛГОСРОЧНЫЕ ОБЯЗАТЕЛЬСТВА,T23_000000_t20Ved14.xlsx,5,10,False,DATA,-
17,ДОЛГОСРОЧНЫЕ ОБЯЗАТЕЛЬСТВА,T23_000000_t20Ved14.xlsx,5,11,False,DATA,-
17,ДОЛГОСРОЧНЫЕ ОБЯЗАТЕЛЬСТВА,T23_000000_t20Ved14.xlsx,5,12,False,DATA,-
17,ДОЛГОСРОЧНЫЕ ОБЯЗАТЕЛЬСТВА,T23_000000_t20Ved14.xlsx,5,13,False,DATA,-
17,ДОЛГОСРОЧНЫЕ ОБЯЗАТЕЛЬСТВА,T23_000000_t20Ved14.xlsx,5,14,False,DATA,-
17,ДОЛГОСРОЧНЫЕ ОБЯЗАТЕЛЬСТВА,T23_000000_t20Ved14.xlsx,5,15,False,DATA,-
17,ДОЛГОСРОЧНЫЕ ОБЯЗАТЕЛЬСТВА,T23_000000_t20Ved14.xlsx,5,16,False,DATA,366146
17,ДОЛГОСРОЧНЫЕ ОБЯЗАТЕЛЬСТВА,T23_000000_t20Ved14.xlsx,5,17,False,DATA,366146
17,ДОЛГОСРОЧНЫЕ ОБЯЗАТЕЛЬСТВА,T23_000000_t20Ved14.xlsx,5,18,False,DATA,210911
17,ДОЛГОСРОЧНЫЕ ОБЯЗАТЕЛЬСТВА,T23_000000_t20Ved14.xlsx,6,0,False,OKVED_CODE,рыболовство и рыбоводство
17,ДОЛГОСРОЧНЫЕ ОБЯЗАТЕЛЬСТВА,T23_000000_t20Ved14.xlsx,6,1,False,OKVED_NAME,рыболовство и рыбоводство
17,ДОЛГОСРОЧНЫЕ ОБЯЗАТЕЛЬСТВА,T23_000000_t20Ved14.xlsx,6,2,False,DATA,84178652
17,ДОЛГОСРОЧНЫЕ ОБЯЗАТЕЛЬСТВА,T23_000000_t20Ved14.xlsx,6,3,False,DATA,84178652
17,ДОЛГОСРОЧНЫЕ ОБЯЗАТЕЛЬСТВА,T23_000000_t20Ved14.xlsx,6,4,False,DATA,84178652
17,ДОЛГОСРОЧНЫЕ ОБЯЗАТЕЛЬСТВА,T23_000000_t20Ved14.xlsx,6,5,False,DATA,149570512
17,ДОЛГОСРОЧНЫЕ ОБЯЗАТЕЛЬСТВА,T23_000000_t20Ved14.xlsx,6,6,False,DATA,149570512
17,ДОЛГОСРОЧНЫЕ ОБЯЗАТЕЛЬСТВА,T23_000000_t20Ved14.xlsx,6,7,False,DATA,149570512
17,ДОЛГОСРОЧНЫЕ ОБЯЗАТЕЛЬСТВА,T23_000000_t20Ved14.xlsx,6,8,False,DATA,2435425
17,ДОЛГОСРОЧНЫЕ ОБЯЗАТЕЛЬСТВА,T23_000000_t20Ved14.xlsx,6,9,False,DATA,2435425
17,ДОЛГОСРОЧНЫЕ ОБЯЗАТЕЛЬСТВА,T23_000000_t20Ved14.xlsx,6,10,False,DATA,2976277
17,ДОЛГОСРОЧНЫЕ ОБЯЗАТЕЛЬСТВА,T23_000000_t20Ved14.xlsx,6,11,False,DATA,2976277
17,ДОЛГОСРОЧНЫЕ ОБЯЗАТЕЛЬСТВА,T23_000000_t20Ved14.xlsx,6,12,False,DATA,-
17,ДОЛГОСРОЧНЫЕ ОБЯЗАТЕЛЬСТВА,T23_000000_t20Ved14.xlsx,6,13,False,DATA,-
17,ДОЛГОСРОЧНЫЕ ОБЯЗАТЕЛЬСТВА,T23_000000_t20Ved14.xlsx,6,14,False,DATA,-
17,ДОЛГОСРОЧНЫЕ ОБЯЗАТЕЛЬСТВА,T23_000000_t20Ved14.xlsx,6,15,False,DATA,-
17,ДОЛГОСРОЧНЫЕ ОБЯЗАТЕЛЬСТВА,T23_000000_t20Ved14.xlsx,6,16,False,DATA,6162468
17,ДОЛГОСРОЧНЫЕ ОБЯЗАТЕЛЬСТВА,T23_000000_t20Ved14.xlsx,6,17,False,DATA,6162468
17,ДОЛГОСРОЧНЫЕ ОБЯЗАТЕЛЬСТВА,T23_000000_t20Ved14.xlsx,6,18,False,DATA,6452960
17,ДОЛГОСРОЧНЫЕ ОБЯЗАТЕЛЬСТВА,T23_000000_t20Ved14.xlsx,7,0,False,OKVED_CODE,Добыча полезных ископаемых
17,ДОЛГОСРОЧНЫЕ ОБЯЗАТЕЛЬСТВА,T23_000000_t20Ved14.xlsx,7,1,False,OKVED_NAME,Добыча полезных ископаемых
17,ДОЛГОСРОЧНЫЕ ОБЯЗАТЕЛЬСТВА,T23_000000_t20Ved14.xlsx,7,2,False,DATA,51233354
17,ДОЛГОСРОЧНЫЕ ОБЯЗАТЕЛЬСТВА,T23_000000_t20Ved14.xlsx,7,3,False,DATA,51233354
17,ДОЛГОСРОЧНЫЕ ОБЯЗАТЕЛЬСТВА,T23_000000_t20Ved14.xlsx,7,4,False,DATA,51233354
17,ДОЛГОСРОЧНЫЕ ОБЯЗАТЕЛЬСТВА,T23_000000_t20Ved14.xlsx,7,5,False,DATA,56447650
17,ДОЛГОСРОЧНЫЕ ОБЯЗАТЕЛЬСТВА,T23_000000_t20Ved14.xlsx,7,6,False,DATA,56447650
17,ДОЛГОСРОЧНЫЕ ОБЯЗАТЕЛЬСТВА,T23_000000_t20Ved14.xlsx,7,7,False,DATA,56447650
17,ДОЛГОСРОЧНЫЕ ОБЯЗАТЕЛЬСТВА,T23_000000_t20Ved14.xlsx,7,8,False,DATA,2827920
17,ДОЛГОСРОЧНЫЕ ОБЯЗАТЕЛЬСТВА,T23_000000_t20Ved14.xlsx,7,9,False,DATA,2827920
17,ДОЛГОСРОЧНЫЕ ОБЯЗАТЕЛЬСТВА,T23_000000_t20Ved14.xlsx,7,10,False,DATA,3902712
17,ДОЛГОСРОЧНЫЕ ОБЯЗАТЕЛЬСТВА,T23_000000_t20Ved14.xlsx,7,11,False,DATA,3902712
17,ДОЛГОСРОЧНЫЕ ОБЯЗАТЕЛЬСТВА,T23_000000_t20Ved14.xlsx,7,12,False,DATA,2253529
17,ДОЛГОСРОЧНЫЕ ОБЯЗАТЕЛЬСТВА,T23_000000_t20Ved14.xlsx,7,13,False,DATA,2253529
17,ДОЛГОСРОЧНЫЕ ОБЯЗАТЕЛЬСТВА,T23_000000_t20Ved14.xlsx,7,14,False,DATA,2814955
17,ДОЛГОСРОЧНЫЕ ОБЯЗАТЕЛЬСТВА,T23_000000_t20Ved14.xlsx,7,15,False,DATA,2814955
17,ДОЛГОСРОЧНЫЕ ОБЯЗАТЕЛЬСТВА,T23_000000_t20Ved14.xlsx,7,16,False,DATA,837413
17,ДОЛГОСРОЧНЫЕ ОБЯЗАТЕЛЬСТВА,T23_000000_t20Ved14.xlsx,7,17,False,DATA,837413
17,ДОЛГОСРОЧНЫЕ ОБЯЗАТЕЛЬСТВА,T23_000000_t20Ved14.xlsx,7,18,False,DATA,788323
17,ДОЛГОСРОЧНЫЕ ОБЯЗАТЕЛЬСТВА,T23_000000_t20Ved14.xlsx,8,0,False,OKVED_CODE,добыча металлических руд
17,ДОЛГОСРОЧНЫЕ ОБЯЗАТЕЛЬСТВА,T23_000000_t20Ved14.xlsx,8,1,False,OKVED_NAME,добыча металлических руд
17,ДОЛГОСРОЧНЫЕ ОБЯЗАТЕЛЬСТВА,T23_000000_t20Ved14.xlsx,8,2,False,DATA,51233354
17,ДОЛГОСРОЧНЫЕ ОБЯЗАТЕЛЬСТВА,T23_000000_t20Ved14.xlsx,8,3,False,DATA,51233354
17,ДОЛГОСРОЧНЫЕ ОБЯЗАТЕЛЬСТВА,T23_000000_t20Ved14.xlsx,8,4,False,DATA,51233354
17,ДОЛГОСРОЧНЫЕ ОБЯЗАТЕЛЬСТВА,T23_000000_t20Ved14.xlsx,8,5,False,DATA,56447650
17,ДОЛГОСРОЧНЫЕ ОБЯЗАТЕЛЬСТВА,T23_000000_t20Ved14.xlsx,8,6,False,DATA,56447650
17,ДОЛГОСРОЧНЫЕ ОБЯЗАТЕЛЬСТВА,T23_000000_t20Ved14.xlsx,8,7,False,DATA,56447650
17,ДОЛГОСРОЧНЫЕ ОБЯЗАТЕЛЬСТВА,T23_000000_t20Ved14.xlsx,8,8,False,DATA,2827920
17,ДОЛГОСРОЧНЫЕ ОБЯЗАТЕЛЬСТВА,T23_000000_t20Ved14.xlsx,8,9,False,DATA,2827920
17,ДОЛГОСРОЧНЫЕ ОБЯЗАТЕЛЬСТВА,T23_000000_t20Ved14.xlsx,8,10,False,DATA,3902712
17,ДОЛГОСРОЧНЫЕ ОБЯЗАТЕЛЬСТВА,T23_000000_t20Ved14.xlsx,8,11,False,DATA,3902712
17,ДОЛГОСРОЧНЫЕ ОБЯЗАТЕЛЬСТВА,T23_000000_t20Ved14.xlsx,8,12,False,DATA,2253529
17,ДОЛГОСРОЧНЫЕ ОБЯЗАТЕЛЬСТВА,T23_000000_t20Ved14.xlsx,8,13,False,DATA,2253529
17,ДОЛГОСРОЧНЫЕ ОБЯЗАТЕЛЬСТВА,T23_000000_t20Ved14.xlsx,8,14,False,DATA,2814955
17,ДОЛГОСРОЧНЫЕ ОБЯЗАТЕЛЬСТВА,T23_000000_t20Ved14.xlsx,8,15,False,DATA,2814955
17,ДОЛГОСРОЧНЫЕ ОБЯЗАТЕЛЬСТВА,T23_000000_t20Ved14.xlsx,8,16,False,DATA,837413
17,ДОЛГОСРОЧНЫЕ ОБЯЗАТЕЛЬСТВА,T23_000000_t20Ved14.xlsx,8,17,False,DATA,837413
17,ДОЛГОСРОЧНЫЕ ОБЯЗАТЕЛЬСТВА,T23_000000_t20Ved14.xlsx,8,18,False,DATA,788323
17,ДОЛГОСРОЧНЫЕ ОБЯЗАТЕЛЬСТВА,T23_000000_t20Ved14.xlsx,9,0,False,OKVED_CODE,Обрабатывающие производства
17,ДОЛГОСРОЧНЫЕ ОБЯЗАТЕЛЬСТВА,T23_000000_t20Ved14.xlsx,9,1,False,OKVED_NAME,Обрабатывающие производства
17,ДОЛГОСРОЧНЫЕ ОБЯЗАТЕЛЬСТВА,T23_000000_t20Ved14.xlsx,9,2,False,DATA,3697208
17,ДОЛГОСРОЧНЫЕ ОБЯЗАТЕЛЬСТВА,T23_000000_t20Ved14.xlsx,9,3,False,DATA,3697208
17,ДОЛГОСРОЧНЫЕ ОБЯЗАТЕЛЬСТВА,T23_000000_t20Ved14.xlsx,9,4,False,DATA,3697208
17,ДОЛГОСРОЧНЫЕ ОБЯЗАТЕЛЬСТВА,T23_000000_t20Ved14.xlsx,9,5,False,DATA,4255954
17,ДОЛГОСРОЧНЫЕ ОБЯЗАТЕЛЬСТВА,T23_000000_t20Ved14.xlsx,9,6,False,DATA,4255954
17,ДОЛГОСРОЧНЫЕ ОБЯЗАТЕЛЬСТВА,T23_000000_t20Ved14.xlsx,9,7,False,DATA,4255954
17,ДОЛГОСРОЧНЫЕ ОБЯЗАТЕЛЬСТВА,T23_000000_t20Ved14.xlsx,9,8,False,DATA,340077
17,ДОЛГОСРОЧНЫЕ ОБЯЗАТЕЛЬСТВА,T23_000000_t20Ved14.xlsx,9,9,False,DATA,340077
17,ДОЛГОСРОЧНЫЕ ОБЯЗАТЕЛЬСТВА,T23_000000_t20Ved14.xlsx,9,10,False,DATA,326597
17,ДОЛГОСРОЧНЫЕ ОБЯЗАТЕЛЬСТВА,T23_000000_t20Ved14.xlsx,9,11,False,DATA,326597
17,ДОЛГОСРОЧНЫЕ ОБЯЗАТЕЛЬСТВА,T23_000000_t20Ved14.xlsx,9,12,False,DATA,-
17,ДОЛГОСРОЧНЫЕ ОБЯЗАТЕЛЬСТВА,T23_000000_t20Ved14.xlsx,9,13,False,DATA,-
17,ДОЛГОСРОЧНЫЕ ОБЯЗАТЕЛЬСТВА,T23_000000_t20Ved14.xlsx,9,14,False,DATA,-
17,ДОЛГОСРОЧНЫЕ ОБЯЗАТЕЛЬСТВА,T23_000000_t20Ved14.xlsx,9,15,False,DATA,-
17,ДОЛГОСРОЧНЫЕ ОБЯЗАТЕЛЬСТВА,T23_000000_t20Ved14.xlsx,9,16,False,DATA,358489
17,ДОЛГОСРОЧНЫЕ ОБЯЗАТЕЛЬСТВА,T23_000000_t20Ved14.xlsx,9,17,False,DATA,358489
17,ДОЛГОСРОЧНЫЕ ОБЯЗАТЕЛЬСТВА,T23_000000_t20Ved14.xlsx,9,18,False,DATA,2825838
17,ДОЛГОСРОЧНЫЕ ОБЯЗАТЕЛЬСТВА,T23_000000_t20Ved14.xlsx,10,0,False,OKVED_CODE,производство пищевых продуктов
17,ДОЛГОСРОЧНЫЕ ОБЯЗАТЕЛЬСТВА,T23_000000_t20Ved14.xlsx,10,1,False,OKVED_NAME,производство пищевых продуктов
17,ДОЛГОСРОЧНЫЕ ОБЯЗАТЕЛЬСТВА,T23_000000_t20Ved14.xlsx,10,2,False,DATA,3692704
17,ДОЛГОСРОЧНЫЕ ОБЯЗАТЕЛЬСТВА,T23_000000_t20Ved14.xlsx,10,3,False,DATA,3692704
17,ДОЛГОСРОЧНЫЕ ОБЯЗАТЕЛЬСТВА,T23_000000_t20Ved14.xlsx,10,4,False,DATA,3692704
17,ДОЛГОСРОЧНЫЕ ОБЯЗАТЕЛЬСТВА,T23_000000_t20Ved14.xlsx,10,5,False,DATA,3693954
17,ДОЛГОСРОЧНЫЕ ОБЯЗАТЕЛЬСТВА,T23_000000_t20Ved14.xlsx,10,6,False,DATA,3693954
17,ДОЛГОСРОЧНЫЕ ОБЯЗАТЕЛЬСТВА,T23_000000_t20Ved14.xlsx,10,7,False,DATA,3693954
17,ДОЛГОСРОЧНЫЕ ОБЯЗАТЕЛЬСТВА,T23_000000_t20Ved14.xlsx,10,8,False,DATA,122314
17,ДОЛГОСРОЧНЫЕ ОБЯЗАТЕЛЬСТВА,T23_000000_t20Ved14.xlsx,10,9,False,DATA,122314
17,ДОЛГОСРОЧНЫЕ ОБЯЗАТЕЛЬСТВА,T23_000000_t20Ved14.xlsx,10,10,False,DATA,132004
17,ДОЛГОСРОЧНЫЕ ОБЯЗАТЕЛЬСТВА,T23_000000_t20Ved14.xlsx,10,11,False,DATA,132004
17,ДОЛГОСРОЧНЫЕ ОБЯЗАТЕЛЬСТВА,T23_000000_t20Ved14.xlsx,10,12,False,DATA,-
17,ДОЛГОСРОЧНЫЕ ОБЯЗАТЕЛЬСТВА,T23_000000_t20Ved14.xlsx,10,13,False,DATA,-
17,ДОЛГОСРОЧНЫЕ ОБЯЗАТЕЛЬСТВА,T23_000000_t20Ved14.xlsx,10,14,False,DATA,-
17,ДОЛГОСРОЧНЫЕ ОБЯЗАТЕЛЬСТВА,T23_000000_t20Ved14.xlsx,10,15,False,DATA,-
17,ДОЛГОСРОЧНЫЕ ОБЯЗАТЕЛЬСТВА,T23_000000_t20Ved14.xlsx,10,16,False,DATA,284183
17,ДОЛГОСРОЧНЫЕ ОБЯЗАТЕЛЬСТВА,T23_000000_t20Ved14.xlsx,10,17,False,DATA,284183
17,ДОЛГОСРОЧНЫЕ ОБЯЗАТЕЛЬСТВА,T23_000000_t20Ved14.xlsx,10,18,False,DATA,404814
17,ДОЛГОСРОЧНЫЕ ОБЯЗАТЕЛЬСТВА,T23_000000_t20Ved14.xlsx,11,0,False,OKVED_CODE,производство напитков
17,ДОЛГОСРОЧНЫЕ ОБЯЗАТЕЛЬСТВА,T23_000000_t20Ved14.xlsx,11,1,False,OKVED_NAME,производство напитков
17,ДОЛГОСРОЧНЫЕ ОБЯЗАТЕЛЬСТВА,T23_000000_t20Ved14.xlsx,11,2,False,DATA,-
17,ДОЛГОСРОЧНЫЕ ОБЯЗАТЕЛЬСТВА,T23_000000_t20Ved14.xlsx,11,3,False,DATA,-
17,ДОЛГОСРОЧНЫЕ ОБЯЗАТЕЛЬСТВА,T23_000000_t20Ved14.xlsx,11,4,False,DATA,-
17,ДОЛГОСРОЧНЫЕ ОБЯЗАТЕЛЬСТВА,T23_000000_t20Ved14.xlsx,11,5,False,DATA,-
17,ДОЛГОСРОЧНЫЕ ОБЯЗАТЕЛЬСТВА,T23_000000_t20Ved14.xlsx,11,6,False,DATA,-
17,ДОЛГОСРОЧНЫЕ ОБЯЗАТЕЛЬСТВА,T23_000000_t20Ved14.xlsx,11,7,False,DATA,-
17,ДОЛГОСРОЧНЫЕ ОБЯЗАТЕЛЬСТВА,T23_000000_t20Ved14.xlsx,11,8,False,DATA,928
17,ДОЛГОСРОЧНЫЕ ОБЯЗАТЕЛЬСТВА,T23_000000_t20Ved14.xlsx,11,9,False,DATA,928
17,ДОЛГОСРОЧНЫЕ ОБЯЗАТЕЛЬСТВА,T23_000000_t20Ved14.xlsx,11,10,False,DATA,543
17,ДОЛГОСРОЧНЫЕ ОБЯЗАТЕЛЬСТВА,T23_000000_t20Ved14.xlsx,11,11,False,DATA,543
17,ДОЛГОСРОЧНЫЕ ОБЯЗАТЕЛЬСТВА,T23_000000_t20Ved14.xlsx,11,12,False,DATA,-
17,ДОЛГОСРОЧНЫЕ ОБЯЗАТЕЛЬСТВА,T23_000000_t20Ved14.xlsx,11,13,False,DATA,-
17,ДОЛГОСРОЧНЫЕ ОБЯЗАТЕЛЬСТВА,T23_000000_t20Ved14.xlsx,11,14,False,DATA,-
17,ДОЛГОСРОЧНЫЕ ОБЯЗАТЕЛЬСТВА,T23_000000_t20Ved14.xlsx,11,15,False,DATA,-
17,ДОЛГОСРОЧНЫЕ ОБЯЗАТЕЛЬСТВА,T23_000000_t20Ved14.xlsx,11,16,False,DATA,-
17,ДОЛГОСРОЧНЫЕ ОБЯЗАТЕЛЬСТВА,T23_000000_t20Ved14.xlsx,11,17,False,DATA,-
17,ДОЛГОСРОЧНЫЕ ОБЯЗАТЕЛЬСТВА,T23_000000_t20Ved14.xlsx,11,18,False,DATA,-
17,ДОЛГОСРОЧНЫЕ ОБЯЗАТЕЛЬСТВА,T23_000000_t20Ved14.xlsx,12,0,False,OKVED_CODE,ремонт и монтаж машин и оборудования
17,ДОЛГОСРОЧНЫЕ ОБЯЗАТЕЛЬСТВА,T23_000000_t20Ved14.xlsx,12,1,False,OKVED_NAME,ремонт и монтаж машин и оборудования
17,ДОЛГОСРОЧНЫЕ ОБЯЗАТЕЛЬСТВА,T23_000000_t20Ved14.xlsx,12,2,False,DATA,4504
17,ДОЛГОСРОЧНЫЕ ОБЯЗАТЕЛЬСТВА,T23_000000_t20Ved14.xlsx,12,3,False,DATA,4504
17,ДОЛГОСРОЧНЫЕ ОБЯЗАТЕЛЬСТВА,T23_000000_t20Ved14.xlsx,12,4,False,DATA,4504
17,ДОЛГОСРОЧНЫЕ ОБЯЗАТЕЛЬСТВА,T23_000000_t20Ved14.xlsx,12,5,False,DATA,562000
17,ДОЛГОСРОЧНЫЕ ОБЯЗАТЕЛЬСТВА,T23_000000_t20Ved14.xlsx,12,6,False,DATA,562000
17,ДОЛГОСРОЧНЫЕ ОБЯЗАТЕЛЬСТВА,T23_000000_t20Ved14.xlsx,12,7,False,DATA,562000
17,ДОЛГОСРОЧНЫЕ ОБЯЗАТЕЛЬСТВА,T23_000000_t20Ved14.xlsx,12,8,False,DATA,216835
17,ДОЛГОСРОЧНЫЕ ОБЯЗАТЕЛЬСТВА,T23_000000_t20Ved14.xlsx,12,9,False,DATA,216835
17,ДОЛГОСРОЧНЫЕ ОБЯЗАТЕЛЬСТВА,T23_000000_t20Ved14.xlsx,12,10,False,DATA,194050
17,ДОЛГОСРОЧНЫЕ ОБЯЗАТЕЛЬСТВА,T23_000000_t20Ved14.xlsx,12,11,False,DATA,194050
17,ДОЛГОСРОЧНЫЕ ОБЯЗАТЕЛЬСТВА,T23_000000_t20Ved14.xlsx,12,12,False,DATA,-
17,ДОЛГОСРОЧНЫЕ ОБЯЗАТЕЛЬСТВА,T23_000000_t20Ved14.xlsx,12,13,False,DATA,-
17,ДОЛГОСРОЧНЫЕ ОБЯЗАТЕЛЬСТВА,T23_000000_t20Ved14.xlsx,12,14,False,DATA,-
17,ДОЛГОСРОЧНЫЕ ОБЯЗАТЕЛЬСТВА,T23_000000_t20Ved14.xlsx,12,15,False,DATA,-
17,ДОЛГОСРОЧНЫЕ ОБЯЗАТЕЛЬСТВА,T23_000000_t20Ved14.xlsx,12,16,False,DATA,74306
17,ДОЛГОСРОЧНЫЕ ОБЯЗАТЕЛЬСТВА,T23_000000_t20Ved14.xlsx,12,17,False,DATA,74306
17,ДОЛГОСРОЧНЫЕ ОБЯЗАТЕЛЬСТВА,T23_000000_t20Ved14.xlsx,12,18,False,DATA,2421024
17,ДОЛГОСРОЧНЫЕ ОБЯЗАТЕЛЬСТВА,T23_000000_t20Ved14.xlsx,13,0,False,OKVED_CODE,"Обеспечение электрической энергией, газом и паром; кондиционирование воздуха"
17,ДОЛГОСРОЧНЫЕ ОБЯЗАТЕЛЬСТВА,T23_000000_t20Ved14.xlsx,13,1,False,OKVED_NAME,"Обеспечение электрической энергией, газом и паром; кондиционирование воздуха"
17,ДОЛГОСРОЧНЫЕ ОБЯЗАТЕЛЬСТВА,T23_000000_t20Ved14.xlsx,13,2,False,DATA,5899590
17,ДОЛГОСРОЧНЫЕ ОБЯЗАТЕЛЬСТВА,T23_000000_t20Ved14.xlsx,13,3,False,DATA,5899590
17,ДОЛГОСРОЧНЫЕ ОБЯЗАТЕЛЬСТВА,T23_000000_t20Ved14.xlsx,13,4,False,DATA,5899590
17,ДОЛГОСРОЧНЫЕ ОБЯЗАТЕЛЬСТВА,T23_000000_t20Ved14.xlsx,13,5,False,DATA,10066848
17,ДОЛГОСРОЧНЫЕ ОБЯЗАТЕЛЬСТВА,T23_000000_t20Ved14.xlsx,13,6,False,DATA,10066848
17,ДОЛГОСРОЧНЫЕ ОБЯЗАТЕЛЬСТВА,T23_000000_t20Ved14.xlsx,13,7,False,DATA,10066848
17,ДОЛГОСРОЧНЫЕ ОБЯЗАТЕЛЬСТВА,T23_000000_t20Ved14.xlsx,13,8,False,DATA,993603
17,ДОЛГОСРОЧНЫЕ ОБЯЗАТЕЛЬСТВА,T23_000000_t20Ved14.xlsx,13,9,False,DATA,993603
17,ДОЛГОСРОЧНЫЕ ОБЯЗАТЕЛЬСТВА,T23_000000_t20Ved14.xlsx,13,10,False,DATA,1162546
17,ДОЛГОСРОЧНЫЕ ОБЯЗАТЕЛЬСТВА,T23_000000_t20Ved14.xlsx,13,11,False,DATA,1162546
17,ДОЛГОСРОЧНЫЕ ОБЯЗАТЕЛЬСТВА,T23_000000_t20Ved14.xlsx,13,12,False,DATA,-
17,ДОЛГОСРОЧНЫЕ ОБЯЗАТЕЛЬСТВА,T23_000000_t20Ved14.xlsx,13,13,False,DATA,-
17,ДОЛГОСРОЧНЫЕ ОБЯЗАТЕЛЬСТВА,T23_000000_t20Ved14.xlsx,13,14,False,DATA,7639
17,ДОЛГОСРОЧНЫЕ ОБЯЗАТЕЛЬСТВА,T23_000000_t20Ved14.xlsx,13,15,False,DATA,7639
17,ДОЛГОСРОЧНЫЕ ОБЯЗАТЕЛЬСТВА,T23_000000_t20Ved14.xlsx,13,16,False,DATA,8468619
17,ДОЛГОСРОЧНЫЕ ОБЯЗАТЕЛЬСТВА,T23_000000_t20Ved14.xlsx,13,17,False,DATA,8468619
17,ДОЛГОСРОЧНЫЕ ОБЯЗАТЕЛЬСТВА,T23_000000_t20Ved14.xlsx,13,18,False,DATA,8083251
17,ДОЛГОСРОЧНЫЕ ОБЯЗАТЕЛЬСТВА,T23_000000_t20Ved14.xlsx,14,0,False,OKVED_CODE,"обеспечение электрической энергией, газом и паром; кондиционирование воздуха"
17,ДОЛГОСРОЧНЫЕ ОБЯЗАТЕЛЬСТВА,T23_000000_t20Ved14.xlsx,14,1,False,OKVED_NAME,"обеспечение электрической энергией, газом и паром; кондиционирование воздуха"
17,ДОЛГОСРОЧНЫЕ ОБЯЗАТЕЛЬСТВА,T23_000000_t20Ved14.xlsx,14,2,False,DATA,5899590
17,ДОЛГОСРОЧНЫЕ ОБЯЗАТЕЛЬСТВА,T23_000000_t20Ved14.xlsx,14,3,False,DATA,5899590
17,ДОЛГОСРОЧНЫЕ ОБЯЗАТЕЛЬСТВА,T23_000000_t20Ved14.xlsx,14,4,False,DATA,5899590
17,ДОЛГОСРОЧНЫЕ ОБЯЗАТЕЛЬСТВА,T23_000000_t20Ved14.xlsx,14,5,False,DATA,10066848
17,ДОЛГОСРОЧНЫЕ ОБЯЗАТЕЛЬСТВА,T23_000000_t20Ved14.xlsx,14,6,False,DATA,10066848
17,ДОЛГОСРОЧНЫЕ ОБЯЗАТЕЛЬСТВА,T23_000000_t20Ved14.xlsx,14,7,False,DATA,10066848
17,ДОЛГОСРОЧНЫЕ ОБЯЗАТЕЛЬСТВА,T23_000000_t20Ved14.xlsx,14,8,False,DATA,993603
17,ДОЛГОСРОЧНЫЕ ОБЯЗАТЕЛЬСТВА,T23_000000_t20Ved14.xlsx,14,9,False,DATA,993603
17,ДОЛГОСРОЧНЫЕ ОБЯЗАТЕЛЬСТВА,T23_000000_t20Ved14.xlsx,14,10,False,DATA,1162546
17,ДОЛГОСРОЧНЫЕ ОБЯЗАТЕЛЬСТВА,T23_000000_t20Ved14.xlsx,14,11,False,DATA,1162546
17,ДОЛГОСРОЧНЫЕ ОБЯЗАТЕЛЬСТВА,T23_000000_t20Ved14.xlsx,14,12,False,DATA,-
17,ДОЛГОСРОЧНЫЕ ОБЯЗАТЕЛЬСТВА,T23_000000_t20Ved14.xlsx,14,13,False,DATA,-
17,ДОЛГОСРОЧНЫЕ ОБЯЗАТЕЛЬСТВА,T23_000000_t20Ved14.xlsx,14,14,False,DATA,7639
17,ДОЛГОСРОЧНЫЕ ОБЯЗАТЕЛЬСТВА,T23_000000_t20Ved14.xlsx,14,15,False,DATA,7639
17,ДОЛГОСРОЧНЫЕ ОБЯЗАТЕЛЬСТВА,T23_000000_t20Ved14.xlsx,14,16,False,DATA,8468619
17,ДОЛГОСРОЧНЫЕ ОБЯЗАТЕЛЬСТВА,T23_000000_t20Ved14.xlsx,14,17,False,DATA,8468619
17,ДОЛГОСРОЧНЫЕ ОБЯЗАТЕЛЬСТВА,T23_000000_t20Ved14.xlsx,14,18,False,DATA,8083251
17,ДОЛГОСРОЧНЫЕ ОБЯЗАТЕЛЬСТВА,T23_000000_t20Ved14.xlsx,15,0,False,OKVED_CODE,"Водоснабжение; водоотведение, организация сбора и утилизации отходов, деятельность по ликвидации заг"
17,ДОЛГОСРОЧНЫЕ ОБЯЗАТЕЛЬСТВА,T23_000000_t20Ved14.xlsx,15,1,False,OKVED_NAME,"Водоснабжение; водоотведение, организация сбора и утилизации отходов, деятельность по ликвидации заг"
17,ДОЛГОСРОЧНЫЕ ОБЯЗАТЕЛЬСТВА,T23_000000_t20Ved14.xlsx,15,2,False,DATA,103818
17,ДОЛГОСРОЧНЫЕ ОБЯЗАТЕЛЬСТВА,T23_000000_t20Ved14.xlsx,15,3,False,DATA,103818
17,ДОЛГОСРОЧНЫЕ ОБЯЗАТЕЛЬСТВА,T23_000000_t20Ved14.xlsx,15,4,False,DATA,103818
17,ДОЛГОСРОЧНЫЕ ОБЯЗАТЕЛЬСТВА,T23_000000_t20Ved14.xlsx,15,5,False,DATA,34100
17,ДОЛГОСРОЧНЫЕ ОБЯЗАТЕЛЬСТВА,T23_000000_t20Ved14.xlsx,15,6,False,DATA,34100
17,ДОЛГОСРОЧНЫЕ ОБЯЗАТЕЛЬСТВА,T23_000000_t20Ved14.xlsx,15,7,False,DATA,34100
17,ДОЛГОСРОЧНЫЕ ОБЯЗАТЕЛЬСТВА,T23_000000_t20Ved14.xlsx,15,8,False,DATA,36135
17,ДОЛГОСРОЧНЫЕ ОБЯЗАТЕЛЬСТВА,T23_000000_t20Ved14.xlsx,15,9,False,DATA,36135
17,ДОЛГОСРОЧНЫЕ ОБЯЗАТЕЛЬСТВА,T23_000000_t20Ved14.xlsx,15,10,False,DATA,52691
17,ДОЛГОСРОЧНЫЕ ОБЯЗАТЕЛЬСТВА,T23_000000_t20Ved14.xlsx,15,11,False,DATA,52691
17,ДОЛГОСРОЧНЫЕ ОБЯЗАТЕЛЬСТВА,T23_000000_t20Ved14.xlsx,15,12,False,DATA,-
17,ДОЛГОСРОЧНЫЕ ОБЯЗАТЕЛЬСТВА,T23_000000_t20Ved14.xlsx,15,13,False,DATA,-
17,ДОЛГОСРОЧНЫЕ ОБЯЗАТЕЛЬСТВА,T23_000000_t20Ved14.xlsx,15,14,False,DATA,-
17,ДОЛГОСРОЧНЫЕ ОБЯЗАТЕЛЬСТВА,T23_000000_t20Ved14.xlsx,15,15,False,DATA,-
17,ДОЛГОСРОЧНЫЕ ОБЯЗАТЕЛЬСТВА,T23_000000_t20Ved14.xlsx,15,16,False,DATA,2194681
17,ДОЛГОСРОЧНЫЕ ОБЯЗАТЕЛЬСТВА,T23_000000_t20Ved14.xlsx,15,17,False,DATA,2194681
17,ДОЛГОСРОЧНЫЕ ОБЯЗАТЕЛЬСТВА,T23_000000_t20Ved14.xlsx,15,18,False,DATA,2663423
17,ДОЛГОСРОЧНЫЕ ОБЯЗАТЕЛЬСТВА,T23_000000_t20Ved14.xlsx,16,0,False,OKVED_CODE,"забор, очистка и распределение воды"
17,ДОЛГОСРОЧНЫЕ ОБЯЗАТЕЛЬСТВА,T23_000000_t20Ved14.xlsx,16,1,False,OKVED_NAME,"забор, очистка и распределение воды"
17,ДОЛГОСРОЧНЫЕ ОБЯЗАТЕЛЬСТВА,T23_000000_t20Ved14.xlsx,16,2,False,DATA,103818
17,ДОЛГОСРОЧНЫЕ ОБЯЗАТЕЛЬСТВА,T23_000000_t20Ved14.xlsx,16,3,False,DATA,103818
17,ДОЛГОСРОЧНЫЕ ОБЯЗАТЕЛЬСТВА,T23_000000_t20Ved14.xlsx,16,4,False,DATA,103818
17,ДОЛГОСРОЧНЫЕ ОБЯЗАТЕЛЬСТВА,T23_000000_t20Ved14.xlsx,16,5,False,DATA,-
17,ДОЛГОСРОЧНЫЕ ОБЯЗАТЕЛЬСТВА,T23_000000_t20Ved14.xlsx,16,6,False,DATA,-
17,ДОЛГОСРОЧНЫЕ ОБЯЗАТЕЛЬСТВА,T23_000000_t20Ved14.xlsx,16,7,False,DATA,-
17,ДОЛГОСРОЧНЫЕ ОБЯЗАТЕЛЬСТВА,T23_000000_t20Ved14.xlsx,16,8,False,DATA,36135
17,ДОЛГОСРОЧНЫЕ ОБЯЗАТЕЛЬСТВА,T23_000000_t20Ved14.xlsx,16,9,False,DATA,36135
17,ДОЛГОСРОЧНЫЕ ОБЯЗАТЕЛЬСТВА,T23_000000_t20Ved14.xlsx,16,10,False,DATA,52691
17,ДОЛГОСРОЧНЫЕ ОБЯЗАТЕЛЬСТВА,T23_000000_t20Ved14.xlsx,16,11,False,DATA,52691
17,ДОЛГОСРОЧНЫЕ ОБЯЗАТЕЛЬСТВА,T23_000000_t20Ved14.xlsx,16,12,False,DATA,-
17,ДОЛГОСРОЧНЫЕ ОБЯЗАТЕЛЬСТВА,T23_000000_t20Ved14.xlsx,16,13,False,DATA,-
17,ДОЛГОСРОЧНЫЕ ОБЯЗАТЕЛЬСТВА,T23_000000_t20Ved14.xlsx,16,14,False,DATA,-
17,ДОЛГОСРОЧНЫЕ ОБЯЗАТЕЛЬСТВА,T23_000000_t20Ved14.xlsx,16,15,False,DATA,-
17,ДОЛГОСРОЧНЫЕ ОБЯЗАТЕЛЬСТВА,T23_000000_t20Ved14.xlsx,16,16,False,DATA,2193644
17,ДОЛГОСРОЧНЫЕ ОБЯЗАТЕЛЬСТВА,T23_000000_t20Ved14.xlsx,16,17,False,DATA,2193644
17,ДОЛГОСРОЧНЫЕ ОБЯЗАТЕЛЬСТВА,T23_000000_t20Ved14.xlsx,16,18,False,DATA,2658210
17,ДОЛГОСРОЧНЫЕ ОБЯЗАТЕЛЬСТВА,T23_000000_t20Ved14.xlsx,17,0,False,OKVED_CODE,
17,ДОЛГОСРОЧНЫЕ ОБЯЗАТЕЛЬСТВА,T23_000000_t20Ved14.xlsx,17,1,False,OKVED_NAME,
17,ДОЛГОСРОЧНЫЕ ОБЯЗАТЕЛЬСТВА,T23_000000_t20Ved14.xlsx,17,2,False,EMPTY,
17,ДОЛГОСРОЧНЫЕ ОБЯЗАТЕЛЬСТВА,T23_000000_t20Ved14.xlsx,17,3,False,EMPTY,
17,ДОЛГОСРОЧНЫЕ ОБЯЗАТЕЛЬСТВА,T23_000000_t20Ved14.xlsx,17,4,False,EMPTY,
17,ДОЛГОСРОЧНЫЕ ОБЯЗАТЕЛЬСТВА,T23_000000_t20Ved14.xlsx,17,5,False,EMPTY,
17,ДОЛГОСРОЧНЫЕ ОБЯЗАТЕЛЬСТВА,T23_000000_t20Ved14.xlsx,17,6,False,EMPTY,
17,ДОЛГОСРОЧНЫЕ ОБЯЗАТЕЛЬСТВА,T23_000000_t20Ved14.xlsx,17,7,False,EMPTY,
17,ДОЛГОСРОЧНЫЕ ОБЯЗАТЕЛЬСТВА,T23_000000_t20Ved14.xlsx,17,8,False,EMPTY,
17,ДОЛГОСРОЧНЫЕ ОБЯЗАТЕЛЬСТВА,T23_000000_t20Ved14.xlsx,17,9,False,EMPTY,
17,ДОЛГОСРОЧНЫЕ ОБЯЗАТЕЛЬСТВА,T23_000000_t20Ved14.xlsx,17,10,False,EMPTY,
17,ДОЛГОСРОЧНЫЕ ОБЯЗАТЕЛЬСТВА,T23_000000_t20Ved14.xlsx,17,11,False,EMPTY,
17,ДОЛГОСРОЧНЫЕ ОБЯЗАТЕЛЬСТВА,T23_000000_t20Ved14.xlsx,17,12,False,EMPTY,
17,ДОЛГОСРОЧНЫЕ ОБЯЗАТЕЛЬСТВА,T23_000000_t20Ved14.xlsx,17,13,False,EMPTY,
17,ДОЛГОСРОЧНЫЕ ОБЯЗАТЕЛЬСТВА,T23_000000_t20Ved14.xlsx,17,14,False,EMPTY,
17,ДОЛГОСРОЧНЫЕ ОБЯЗАТЕЛЬСТВА,T23_000000_t20Ved14.xlsx,17,15,False,EMPTY,
17,ДОЛГОСРОЧНЫЕ ОБЯЗАТЕЛЬСТВА,T23_000000_t20Ved14.xlsx,17,16,False,EMPTY,
17,ДОЛГОСРОЧНЫЕ ОБЯЗАТЕЛЬСТВА,T23_000000_t20Ved14.xlsx,17,17,False,EMPTY,
17,ДОЛГОСРОЧНЫЕ ОБЯЗАТЕЛЬСТВА,T23_000000_t20Ved14.xlsx,17,18,False,EMPTY,
17,ДОЛГОСРОЧНЫЕ ОБЯЗАТЕЛЬСТВА,T23_000000_t20Ved14.xlsx,18,0,False,OKVED_CODE,
17,ДОЛГОСРОЧНЫЕ ОБЯЗАТЕЛЬСТВА,T23_000000_t20Ved14.xlsx,18,1,False,OKVED_NAME,
17,ДОЛГОСРОЧНЫЕ ОБЯЗАТЕЛЬСТВА,T23_000000_t20Ved14.xlsx,18,2,False,EMPTY,
17,ДОЛГОСРОЧНЫЕ ОБЯЗАТЕЛЬСТВА,T23_000000_t20Ved14.xlsx,18,3,False,EMPTY,
17,ДОЛГОСРОЧНЫЕ ОБЯЗАТЕЛЬСТВА,T23_000000_t20Ved14.xlsx,18,4,False,EMPTY,
17,ДОЛГОСРОЧНЫЕ ОБЯЗАТЕЛЬСТВА,T23_000000_t20Ved14.xlsx,18,5,False,EMPTY,
17,ДОЛГОСРОЧНЫЕ ОБЯЗАТЕЛЬСТВА,T23_000000_t20Ved14.xlsx,18,6,False,EMPTY,
17,ДОЛГОСРОЧНЫЕ ОБЯЗАТЕЛЬСТВА,T23_000000_t20Ved14.xlsx,18,7,False,EMPTY,
17,ДОЛГОСРОЧНЫЕ ОБЯЗАТЕЛЬСТВА,T23_000000_t20Ved14.xlsx,18,8,False,EMPTY,
17,ДОЛГОСРОЧНЫЕ ОБЯЗАТЕЛЬСТВА,T23_000000_t20Ved14.xlsx,18,9,False,EMPTY,
17,ДОЛГОСРОЧНЫЕ ОБЯЗАТЕЛЬСТВА,T23_000000_t20Ved14.xlsx,18,10,False,EMPTY,
17,ДОЛГОСРОЧНЫЕ ОБЯЗАТЕЛЬСТВА,T23_000000_t20Ved14.xlsx,18,11,False,EMPTY,
17,ДОЛГОСРОЧНЫЕ ОБЯЗАТЕЛЬСТВА,T23_000000_t20Ved14.xlsx,18,12,False,EMPTY,
17,ДОЛГОСРОЧНЫЕ ОБЯЗАТЕЛЬСТВА,T23_000000_t20Ved14.xlsx,18,13,False,EMPTY,
17,ДОЛГОСРОЧНЫЕ ОБЯЗАТЕЛЬСТВА,T23_000000_t20Ved14.xlsx,18,14,False,DATA,Продолжение таблицы 7.
17,ДОЛГОСРОЧНЫЕ ОБЯЗАТЕЛЬСТВА,T23_000000_t20Ved14.xlsx,18,15,False,DATA,Продолжение таблицы 7.
17,ДОЛГОСРОЧНЫЕ ОБЯЗАТЕЛЬСТВА,T23_000000_t20Ved14.xlsx,18,16,False,DATA,Продолжение таблицы 7.
17,ДОЛГОСРОЧНЫЕ ОБЯЗАТЕЛЬСТВА,T23_000000_t20Ved14.xlsx,18,17,False,DATA,Продолжение таблицы 7.
17,ДОЛГОСРОЧНЫЕ ОБЯЗАТЕЛЬСТВА,T23_000000_t20Ved14.xlsx,18,18,False,DATA,Продолжение таблицы 7.
17,ДОЛГОСРОЧНЫЕ ОБЯЗАТЕЛЬСТВА,T23_000000_t20Ved14.xlsx,19,0,False,OKVED_CODE,
17,ДОЛГОСРОЧНЫЕ ОБЯЗАТЕЛЬСТВА,T23_000000_t20Ved14.xlsx,19,1,False,OKVED_NAME,
17,ДОЛГОСРОЧНЫЕ ОБЯЗАТЕЛЬСТВА,T23_000000_t20Ved14.xlsx,19,2,False,DATA,Займы и кредиты
17,ДОЛГОСРОЧНЫЕ ОБЯЗАТЕЛЬСТВА,T23_000000_t20Ved14.xlsx,19,3,False,DATA,Займы и кредиты
17,ДОЛГОСРОЧНЫЕ ОБЯЗАТЕЛЬСТВА,T23_000000_t20Ved14.xlsx,19,4,False,DATA,Займы и кредиты
17,ДОЛГОСРОЧНЫЕ ОБЯЗАТЕЛЬСТВА,T23_000000_t20Ved14.xlsx,19,5,False,DATA,Займы и кредиты
17,ДОЛГОСРОЧНЫЕ ОБЯЗАТЕЛЬСТВА,T23_000000_t20Ved14.xlsx,19,6,False,DATA,Займы и кредиты
17,ДОЛГОСРОЧНЫЕ ОБЯЗАТЕЛЬСТВА,T23_000000_t20Ved14.xlsx,19,7,False,DATA,Займы и кредиты
17,ДОЛГОСРОЧНЫЕ ОБЯЗАТЕЛЬСТВА,T23_000000_t20Ved14.xlsx,19,8,False,DATA,Отложенные налоговые обязательства
17,ДОЛГОСРОЧНЫЕ ОБЯЗАТЕЛЬСТВА,T23_000000_t20Ved14.xlsx,19,9,False,DATA,Отложенные налоговые обязательства
17,ДОЛГОСРОЧНЫЕ ОБЯЗАТЕЛЬСТВА,T23_000000_t20Ved14.xlsx,19,10,False,DATA,Отложенные налоговые обязательства
17,ДОЛГОСРОЧНЫЕ ОБЯЗАТЕЛЬСТВА,T23_000000_t20Ved14.xlsx,19,11,False,DATA,Отложенные налоговые обязательства
17,ДОЛГОСРОЧНЫЕ ОБЯЗАТЕЛЬСТВА,T23_000000_t20Ved14.xlsx,19,12,False,DATA,Оценочные обязательства
17,ДОЛГОСРОЧНЫЕ ОБЯЗАТЕЛЬСТВА,T23_000000_t20Ved14.xlsx,19,13,False,DATA,Оценочные обязательства
17,ДОЛГОСРОЧНЫЕ ОБЯЗАТЕЛЬСТВА,T23_000000_t20Ved14.xlsx,19,14,False,DATA,Оценочные обязательства
17,ДОЛГОСРОЧНЫЕ ОБЯЗАТЕЛЬСТВА,T23_000000_t20Ved14.xlsx,19,15,False,DATA,Оценочные обязательства
17,ДОЛГОСРОЧНЫЕ ОБЯЗАТЕЛЬСТВА,T23_000000_t20Ved14.xlsx,19,16,False,DATA,Прочие долгосрочные обязательства
17,ДОЛГОСРОЧНЫЕ ОБЯЗАТЕЛЬСТВА,T23_000000_t20Ved14.xlsx,19,17,False,DATA,Прочие долгосрочные обязательства
17,ДОЛГОСРОЧНЫЕ ОБЯЗАТЕЛЬСТВА,T23_000000_t20Ved14.xlsx,19,18,False,DATA,Прочие долгосрочные обязательства
17,ДОЛГОСРОЧНЫЕ ОБЯЗАТЕЛЬСТВА,T23_000000_t20Ved14.xlsx,20,0,False,OKVED_CODE,
17,ДОЛГОСРОЧНЫЕ ОБЯЗАТЕЛЬСТВА,T23_000000_t20Ved14.xlsx,20,1,False,OKVED_NAME,
17,ДОЛГОСРОЧНЫЕ ОБЯЗАТЕЛЬСТВА,T23_000000_t20Ved14.xlsx,20,2,False,DATA,2022
17,ДОЛГОСРОЧНЫЕ ОБЯЗАТЕЛЬСТВА,T23_000000_t20Ved14.xlsx,20,3,False,DATA,2022
17,ДОЛГОСРОЧНЫЕ ОБЯЗАТЕЛЬСТВА,T23_000000_t20Ved14.xlsx,20,4,False,DATA,2022
17,ДОЛГОСРОЧНЫЕ ОБЯЗАТЕЛЬСТВА,T23_000000_t20Ved14.xlsx,20,5,False,DATA,2023
17,ДОЛГОСРОЧНЫЕ ОБЯЗАТЕЛЬСТВА,T23_000000_t20Ved14.xlsx,20,6,False,DATA,2023
17,ДОЛГОСРОЧНЫЕ ОБЯЗАТЕЛЬСТВА,T23_000000_t20Ved14.xlsx,20,7,False,DATA,2023
17,ДОЛГОСРОЧНЫЕ ОБЯЗАТЕЛЬСТВА,T23_000000_t20Ved14.xlsx,20,8,False,DATA,2022
17,ДОЛГОСРОЧНЫЕ ОБЯЗАТЕЛЬСТВА,T23_000000_t20Ved14.xlsx,20,9,False,DATA,2022
17,ДОЛГОСРОЧНЫЕ ОБЯЗАТЕЛЬСТВА,T23_000000_t20Ved14.xlsx,20,10,False,DATA,2023
17,ДОЛГОСРОЧНЫЕ ОБЯЗАТЕЛЬСТВА,T23_000000_t20Ved14.xlsx,20,11,False,DATA,2023
17,ДОЛГОСРОЧНЫЕ ОБЯЗАТЕЛЬСТВА,T23_000000_t20Ved14.xlsx,20,12,False,DATA,2022
17,ДОЛГОСРОЧНЫЕ ОБЯЗАТЕЛЬСТВА,T23_000000_t20Ved14.xlsx,20,13,False,DATA,2022
17,ДОЛГОСРОЧНЫЕ ОБЯЗАТЕЛЬСТВА,T23_000000_t20Ved14.xlsx,20,14,False,DATA,2023
17,ДОЛГОСРОЧНЫЕ ОБЯЗАТЕЛЬСТВА,T23_000000_t20Ved14.xlsx,20,15,False,DATA,2023
17,ДОЛГОСРОЧНЫЕ ОБЯЗАТЕЛЬСТВА,T23_000000_t20Ved14.xlsx,20,16,False,DATA,2022
17,ДОЛГОСРОЧНЫЕ ОБЯЗАТЕЛЬСТВА,T23_000000_t20Ved14.xlsx,20,17,False,DATA,2022
17,ДОЛГОСРОЧНЫЕ ОБЯЗАТЕЛЬСТВА,T23_000000_t20Ved14.xlsx,20,18,False,DATA,2023
17,ДОЛГОСРОЧНЫЕ ОБЯЗАТЕЛЬСТВА,T23_000000_t20Ved14.xlsx,21,0,False,OKVED_CODE,"сбор, обработка и утилизация отходов; обработка вторичного сырья"
17,ДОЛГОСРОЧНЫЕ ОБЯЗАТЕЛЬСТВА,T23_000000_t20Ved14.xlsx,21,1,False,OKVED_NAME,"сбор, обработка и утилизация отходов; обработка вторичного сырья"
17,ДОЛГОСРОЧНЫЕ ОБЯЗАТЕЛЬСТВА,T23_000000_t20Ved14.xlsx,21,2,False,DATA,-
17,ДОЛГОСРОЧНЫЕ ОБЯЗАТЕЛЬСТВА,T23_000000_t20Ved14.xlsx,21,3,False,DATA,-
17,ДОЛГОСРОЧНЫЕ ОБЯЗАТЕЛЬСТВА,T23_000000_t20Ved14.xlsx,21,4,False,DATA,-
17,ДОЛГОСРОЧНЫЕ ОБЯЗАТЕЛЬСТВА,T23_000000_t20Ved14.xlsx,21,5,False,DATA,34100
17,ДОЛГОСРОЧНЫЕ ОБЯЗАТЕЛЬСТВА,T23_000000_t20Ved14.xlsx,21,6,False,DATA,34100
17,ДОЛГОСРОЧНЫЕ ОБЯЗАТЕЛЬСТВА,T23_000000_t20Ved14.xlsx,21,7,False,DATA,34100
17,ДОЛГОСРОЧНЫЕ ОБЯЗАТЕЛЬСТВА,T23_000000_t20Ved14.xlsx,21,8,False,DATA,-
17,ДОЛГОСРОЧНЫЕ ОБЯЗАТЕЛЬСТВА,T23_000000_t20Ved14.xlsx,21,9,False,DATA,-
17,ДОЛГОСРОЧНЫЕ ОБЯЗАТЕЛЬСТВА,T23_000000_t20Ved14.xlsx,21,10,False,DATA,-
17,ДОЛГОСРОЧНЫЕ ОБЯЗАТЕЛЬСТВА,T23_000000_t20Ved14.xlsx,21,11,False,DATA,-
17,ДОЛГОСРОЧНЫЕ ОБЯЗАТЕЛЬСТВА,T23_000000_t20Ved14.xlsx,21,12,False,DATA,-
17,ДОЛГОСРОЧНЫЕ ОБЯЗАТЕЛЬСТВА,T23_000000_t20Ved14.xlsx,21,13,False,DATA,-
17,ДОЛГОСРОЧНЫЕ ОБЯЗАТЕЛЬСТВА,T23_000000_t20Ved14.xlsx,21,14,False,DATA,-
17,ДОЛГОСРОЧНЫЕ ОБЯЗАТЕЛЬСТВА,T23_000000_t20Ved14.xlsx,21,15,False,DATA,-
17,ДОЛГОСРОЧНЫЕ ОБЯЗАТЕЛЬСТВА,T23_000000_t20Ved14.xlsx,21,16,False,DATA,1037
17,ДОЛГОСРОЧНЫЕ ОБЯЗАТЕЛЬСТВА,T23_000000_t20Ved14.xlsx,21,17,False,DATA,1037
17,ДОЛГОСРОЧНЫЕ ОБЯЗАТЕЛЬСТВА,T23_000000_t20Ved14.xlsx,21,18,False,DATA,5213
17,ДОЛГОСРОЧНЫЕ ОБЯЗАТЕЛЬСТВА,T23_000000_t20Ved14.xlsx,22,0,False,OKVED_CODE,Строительство
17,ДОЛГОСРОЧНЫЕ ОБЯЗАТЕЛЬСТВА,T23_000000_t20Ved14.xlsx,22,1,False,OKVED_NAME,Строительство
17,ДОЛГОСРОЧНЫЕ ОБЯЗАТЕЛЬСТВА,T23_000000_t20Ved14.xlsx,22,2,False,DATA,-
17,ДОЛГОСРОЧНЫЕ ОБЯЗАТЕЛЬСТВА,T23_000000_t20Ved14.xlsx,22,3,False,DATA,-
17,ДОЛГОСРОЧНЫЕ ОБЯЗАТЕЛЬСТВА,T23_000000_t20Ved14.xlsx,22,4,False,DATA,-
17,ДОЛГОСРОЧНЫЕ ОБЯЗАТЕЛЬСТВА,T23_000000_t20Ved14.xlsx,22,5,False,DATA,199907
17,ДОЛГОСРОЧНЫЕ ОБЯЗАТЕЛЬСТВА,T23_000000_t20Ved14.xlsx,22,6,False,DATA,199907
17,ДОЛГОСРОЧНЫЕ ОБЯЗАТЕЛЬСТВА,T23_000000_t20Ved14.xlsx,22,7,False,DATA,199907
17,ДОЛГОСРОЧНЫЕ ОБЯЗАТЕЛЬСТВА,T23_000000_t20Ved14.xlsx,22,8,False,DATA,259674
17,ДОЛГОСРОЧНЫЕ ОБЯЗАТЕЛЬСТВА,T23_000000_t20Ved14.xlsx,22,9,False,DATA,259674
17,ДОЛГОСРОЧНЫЕ ОБЯЗАТЕЛЬСТВА,T23_000000_t20Ved14.xlsx,22,10,False,DATA,658665
17,ДОЛГОСРОЧНЫЕ ОБЯЗАТЕЛЬСТВА,T23_000000_t20Ved14.xlsx,22,11,False,DATA,658665
17,ДОЛГОСРОЧНЫЕ ОБЯЗАТЕЛЬСТВА,T23_000000_t20Ved14.xlsx,22,12,False,DATA,-
17,ДОЛГОСРОЧНЫЕ ОБЯЗАТЕЛЬСТВА,T23_000000_t20Ved14.xlsx,22,13,False,DATA,-
17,ДОЛГОСРОЧНЫЕ ОБЯЗАТЕЛЬСТВА,T23_000000_t20Ved14.xlsx,22,14,False,DATA,-
17,ДОЛГОСРОЧНЫЕ ОБЯЗАТЕЛЬСТВА,T23_000000_t20Ved14.xlsx,22,15,False,DATA,-
17,ДОЛГОСРОЧНЫЕ ОБЯЗАТЕЛЬСТВА,T23_000000_t20Ved14.xlsx,22,16,False,DATA,600917
17,ДОЛГОСРОЧНЫЕ ОБЯЗАТЕЛЬСТВА,T23_000000_t20Ved14.xlsx,22,17,False,DATA,600917
17,ДОЛГОСРОЧНЫЕ ОБЯЗАТЕЛЬСТВА,T23_000000_t20Ved14.xlsx,22,18,False,DATA,414682
17,ДОЛГОСРОЧНЫЕ ОБЯЗАТЕЛЬСТВА,T23_000000_t20Ved14.xlsx,23,0,False,OKVED_CODE,строительство зданий
17,ДОЛГОСРОЧНЫЕ ОБЯЗАТЕЛЬСТВА,T23_000000_t20Ved14.xlsx,23,1,False,OKVED_NAME,строительство зданий
17,ДОЛГОСРОЧНЫЕ ОБЯЗАТЕЛЬСТВА,T23_000000_t20Ved14.xlsx,23,2,False,DATA,-
17,ДОЛГОСРОЧНЫЕ ОБЯЗАТЕЛЬСТВА,T23_000000_t20Ved14.xlsx,23,3,False,DATA,-
17,ДОЛГОСРОЧНЫЕ ОБЯЗАТЕЛЬСТВА,T23_000000_t20Ved14.xlsx,23,4,False,DATA,-
17,ДОЛГОСРОЧНЫЕ ОБЯЗАТЕЛЬСТВА,T23_000000_t20Ved14.xlsx,23,5,False,DATA,-
17,ДОЛГОСРОЧНЫЕ ОБЯЗАТЕЛЬСТВА,T23_000000_t20Ved14.xlsx,23,6,False,DATA,-
17,ДОЛГОСРОЧНЫЕ ОБЯЗАТЕЛЬСТВА,T23_000000_t20Ved14.xlsx,23,7,False,DATA,-
17,ДОЛГОСРОЧНЫЕ ОБЯЗАТЕЛЬСТВА,T23_000000_t20Ved14.xlsx,23,8,False,DATA,121754
17,ДОЛГОСРОЧНЫЕ ОБЯЗАТЕЛЬСТВА,T23_000000_t20Ved14.xlsx,23,9,False,DATA,121754
17,ДОЛГОСРОЧНЫЕ ОБЯЗАТЕЛЬСТВА,T23_000000_t20Ved14.xlsx,23,10,False,DATA,240653
17,ДОЛГОСРОЧНЫЕ ОБЯЗАТЕЛЬСТВА,T23_000000_t20Ved14.xlsx,23,11,False,DATA,240653
17,ДОЛГОСРОЧНЫЕ ОБЯЗАТЕЛЬСТВА,T23_000000_t20Ved14.xlsx,23,12,False,DATA,-
17,ДОЛГОСРОЧНЫЕ ОБЯЗАТЕЛЬСТВА,T23_000000_t20Ved14.xlsx,23,13,False,DATA,-
17,ДОЛГОСРОЧНЫЕ ОБЯЗАТЕЛЬСТВА,T23_000000_t20Ved14.xlsx,23,14,False,DATA,-
17,ДОЛГОСРОЧНЫЕ ОБЯЗАТЕЛЬСТВА,T23_000000_t20Ved14.xlsx,23,15,False,DATA,-
17,ДОЛГОСРОЧНЫЕ ОБЯЗАТЕЛЬСТВА,T23_000000_t20Ved14.xlsx,23,16,False,DATA,505279
17,ДОЛГОСРОЧНЫЕ ОБЯЗАТЕЛЬСТВА,T23_000000_t20Ved14.xlsx,23,17,False,DATA,505279
17,ДОЛГОСРОЧНЫЕ ОБЯЗАТЕЛЬСТВА,T23_000000_t20Ved14.xlsx,23,18,False,DATA,185397
17,ДОЛГОСРОЧНЫЕ ОБЯЗАТЕЛЬСТВА,T23_000000_t20Ved14.xlsx,24,0,False,OKVED_CODE,строительство инженерных сооружений
17,ДОЛГОСРОЧНЫЕ ОБЯЗАТЕЛЬСТВА,T23_000000_t20Ved14.xlsx,24,1,False,OKVED_NAME,строительство инженерных сооружений
17,ДОЛГОСРОЧНЫЕ ОБЯЗАТЕЛЬСТВА,T23_000000_t20Ved14.xlsx,24,2,False,DATA,-
17,ДОЛГОСРОЧНЫЕ ОБЯЗАТЕЛЬСТВА,T23_000000_t20Ved14.xlsx,24,3,False,DATA,-
17,ДОЛГОСРОЧНЫЕ ОБЯЗАТЕЛЬСТВА,T23_000000_t20Ved14.xlsx,24,4,False,DATA,-
17,ДОЛГОСРОЧНЫЕ ОБЯЗАТЕЛЬСТВА,T23_000000_t20Ved14.xlsx,24,5,False,DATA,199800
17,ДОЛГОСРОЧНЫЕ ОБЯЗАТЕЛЬСТВА,T23_000000_t20Ved14.xlsx,24,6,False,DATA,199800
17,ДОЛГОСРОЧНЫЕ ОБЯЗАТЕЛЬСТВА,T23_000000_t20Ved14.xlsx,24,7,False,DATA,199800
17,ДОЛГОСРОЧНЫЕ ОБЯЗАТЕЛЬСТВА,T23_000000_t20Ved14.xlsx,24,8,False,DATA,137920
17,ДОЛГОСРОЧНЫЕ ОБЯЗАТЕЛЬСТВА,T23_000000_t20Ved14.xlsx,24,9,False,DATA,137920
17,ДОЛГОСРОЧНЫЕ ОБЯЗАТЕЛЬСТВА,T23_000000_t20Ved14.xlsx,24,10,False,DATA,417857
17,ДОЛГОСРОЧНЫЕ ОБЯЗАТЕЛЬСТВА,T23_000000_t20Ved14.xlsx,24,11,False,DATA,417857
17,ДОЛГОСРОЧНЫЕ ОБЯЗАТЕЛЬСТВА,T23_000000_t20Ved14.xlsx,24,12,False,DATA,-
17,ДОЛГОСРОЧНЫЕ ОБЯЗАТЕЛЬСТВА,T23_000000_t20Ved14.xlsx,24,13,False,DATA,-
17,ДОЛГОСРОЧНЫЕ ОБЯЗАТЕЛЬСТВА,T23_000000_t20Ved14.xlsx,24,14,False,DATA,-
17,ДОЛГОСРОЧНЫЕ ОБЯЗАТЕЛЬСТВА,T23_000000_t20Ved14.xlsx,24,15,False,DATA,-
17,ДОЛГОСРОЧНЫЕ ОБЯЗАТЕЛЬСТВА,T23_000000_t20Ved14.xlsx,24,16,False,DATA,95638
17,ДОЛГОСРОЧНЫЕ ОБЯЗАТЕЛЬСТВА,T23_000000_t20Ved14.xlsx,24,17,False,DATA,95638
17,ДОЛГОСРОЧНЫЕ ОБЯЗАТЕЛЬСТВА,T23_000000_t20Ved14.xlsx,24,18,False,DATA,229285
17,ДОЛГОСРОЧНЫЕ ОБЯЗАТЕЛЬСТВА,T23_000000_t20Ved14.xlsx,25,0,False,OKVED_CODE,работы строительные специализированные
17,ДОЛГОСРОЧНЫЕ ОБЯЗАТЕЛЬСТВА,T23_000000_t20Ved14.xlsx,25,1,False,OKVED_NAME,работы строительные специализированные
17,ДОЛГОСРОЧНЫЕ ОБЯЗАТЕЛЬСТВА,T23_000000_t20Ved14.xlsx,25,2,False,DATA,-
17,ДОЛГОСРОЧНЫЕ ОБЯЗАТЕЛЬСТВА,T23_000000_t20Ved14.xlsx,25,3,False,DATA,-
17,ДОЛГОСРОЧНЫЕ ОБЯЗАТЕЛЬСТВА,T23_000000_t20Ved14.xlsx,25,4,False,DATA,-
17,ДОЛГОСРОЧНЫЕ ОБЯЗАТЕЛЬСТВА,T23_000000_t20Ved14.xlsx,25,5,False,DATA,107
17,ДОЛГОСРОЧНЫЕ ОБЯЗАТЕЛЬСТВА,T23_000000_t20Ved14.xlsx,25,6,False,DATA,107
17,ДОЛГОСРОЧНЫЕ ОБЯЗАТЕЛЬСТВА,T23_000000_t20Ved14.xlsx,25,7,False,DATA,107
17,ДОЛГОСРОЧНЫЕ ОБЯЗАТЕЛЬСТВА,T23_000000_t20Ved14.xlsx,25,8,False,DATA,-
17,ДОЛГОСРОЧНЫЕ ОБЯЗАТЕЛЬСТВА,T23_000000_t20Ved14.xlsx,25,9,False,DATA,-
17,ДОЛГОСРОЧНЫЕ ОБЯЗАТЕЛЬСТВА,T23_000000_t20Ved14.xlsx,25,10,False,DATA,155
17,ДОЛГОСРОЧНЫЕ ОБЯЗАТЕЛЬСТВА,T23_000000_t20Ved14.xlsx,25,11,False,DATA,155
17,ДОЛГОСРОЧНЫЕ ОБЯЗАТЕЛЬСТВА,T23_000000_t20Ved14.xlsx,25,12,False,DATA,-
17,ДОЛГОСРОЧНЫЕ ОБЯЗАТЕЛЬСТВА,T23_000000_t20Ved14.xlsx,25,13,False,DATA,-
17,ДОЛГОСРОЧНЫЕ ОБЯЗАТЕЛЬСТВА,T23_000000_t20Ved14.xlsx,25,14,False,DATA,-
17,ДОЛГОСРОЧНЫЕ ОБЯЗАТЕЛЬСТВА,T23_000000_t20Ved14.xlsx,25,15,False,DATA,-
17,ДОЛГОСРОЧНЫЕ ОБЯЗАТЕЛЬСТВА,T23_000000_t20Ved14.xlsx,25,16,False,DATA,-
17,ДОЛГОСРОЧНЫЕ ОБЯЗАТЕЛЬСТВА,T23_000000_t20Ved14.xlsx,25,17,False,DATA,-
17,ДОЛГОСРОЧНЫЕ ОБЯЗАТЕЛЬСТВА,T23_000000_t20Ved14.xlsx,25,18,False,DATA,-
17,ДОЛГОСРОЧНЫЕ ОБЯЗАТЕЛЬСТВА,T23_000000_t20Ved14.xlsx,26,0,False,OKVED_CODE,"Торговля оптовая и розничная; ремонт автотранспортных средств 
и мотоциклов"
17,ДОЛГОСРОЧНЫЕ ОБЯЗАТЕЛЬСТВА,T23_000000_t20Ved14.xlsx,26,1,False,OKVED_NAME,"Торговля оптовая и розничная; ремонт автотранспортных средств 
и мотоциклов"
17,ДОЛГОСРОЧНЫЕ ОБЯЗАТЕЛЬСТВА,T23_000000_t20Ved14.xlsx,26,2,False,DATA,5448012
17,ДОЛГОСРОЧНЫЕ ОБЯЗАТЕЛЬСТВА,T23_000000_t20Ved14.xlsx,26,3,False,DATA,5448012
17,ДОЛГОСРОЧНЫЕ ОБЯЗАТЕЛЬСТВА,T23_000000_t20Ved14.xlsx,26,4,False,DATA,5448012
17,ДОЛГОСРОЧНЫЕ ОБЯЗАТЕЛЬСТВА,T23_000000_t20Ved14.xlsx,26,5,False,DATA,7350580
17,ДОЛГОСРОЧНЫЕ ОБЯЗАТЕЛЬСТВА,T23_000000_t20Ved14.xlsx,26,6,False,DATA,7350580
17,ДОЛГОСРОЧНЫЕ ОБЯЗАТЕЛЬСТВА,T23_000000_t20Ved14.xlsx,26,7,False,DATA,7350580
17,ДОЛГОСРОЧНЫЕ ОБЯЗАТЕЛЬСТВА,T23_000000_t20Ved14.xlsx,26,8,False,DATA,49671
17,ДОЛГОСРОЧНЫЕ ОБЯЗАТЕЛЬСТВА,T23_000000_t20Ved14.xlsx,26,9,False,DATA,49671
17,ДОЛГОСРОЧНЫЕ ОБЯЗАТЕЛЬСТВА,T23_000000_t20Ved14.xlsx,26,10,False,DATA,46029
17,ДОЛГОСРОЧНЫЕ ОБЯЗАТЕЛЬСТВА,T23_000000_t20Ved14.xlsx,26,11,False,DATA,46029
17,ДОЛГОСРОЧНЫЕ ОБЯЗАТЕЛЬСТВА,T23_000000_t20Ved14.xlsx,26,12,False,DATA,59638
17,ДОЛГОСРОЧНЫЕ ОБЯЗАТЕЛЬСТВА,T23_000000_t20Ved14.xlsx,26,13,False,DATA,59638
17,ДОЛГОСРОЧНЫЕ ОБЯЗАТЕЛЬСТВА,T23_000000_t20Ved14.xlsx,26,14,False,DATA,65474
17,ДОЛГОСРОЧНЫЕ ОБЯЗАТЕЛЬСТВА,T23_000000_t20Ved14.xlsx,26,15,False,DATA,65474
17,ДОЛГОСРОЧНЫЕ ОБЯЗАТЕЛЬСТВА,T23_000000_t20Ved14.xlsx,26,16,False,DATA,1709015
17,ДОЛГОСРОЧНЫЕ ОБЯЗАТЕЛЬСТВА,T23_000000_t20Ved14.xlsx,26,17,False,DATA,1709015
17,ДОЛГОСРОЧНЫЕ ОБЯЗАТЕЛЬСТВА,T23_000000_t20Ved14.xlsx,26,18,False,DATA,1471578
17,ДОЛГОСРОЧНЫЕ ОБЯЗАТЕЛЬСТВА,T23_000000_t20Ved14.xlsx,27,0,False,OKVED_CODE,"торговля оптовая, кроме оптовой торговли автотранспортными средствами и мотоциклами"
17,ДОЛГОСРОЧНЫЕ ОБЯЗАТЕЛЬСТВА,T23_000000_t20Ved14.xlsx,27,1,False,OKVED_NAME,"торговля оптовая, кроме оптовой торговли автотранспортными средствами и мотоциклами"
17,ДОЛГОСРОЧНЫЕ ОБЯЗАТЕЛЬСТВА,T23_000000_t20Ved14.xlsx,27,2,False,DATA,5393672
17,ДОЛГОСРОЧНЫЕ ОБЯЗАТЕЛЬСТВА,T23_000000_t20Ved14.xlsx,27,3,False,DATA,5393672
17,ДОЛГОСРОЧНЫЕ ОБЯЗАТЕЛЬСТВА,T23_000000_t20Ved14.xlsx,27,4,False,DATA,5393672
17,ДОЛГОСРОЧНЫЕ ОБЯЗАТЕЛЬСТВА,T23_000000_t20Ved14.xlsx,27,5,False,DATA,7283359
17,ДОЛГОСРОЧНЫЕ ОБЯЗАТЕЛЬСТВА,T23_000000_t20Ved14.xlsx,27,6,False,DATA,7283359
17,ДОЛГОСРОЧНЫЕ ОБЯЗАТЕЛЬСТВА,T23_000000_t20Ved14.xlsx,27,7,False,DATA,7283359
17,ДОЛГОСРОЧНЫЕ ОБЯЗАТЕЛЬСТВА,T23_000000_t20Ved14.xlsx,27,8,False,DATA,49153
17,ДОЛГОСРОЧНЫЕ ОБЯЗАТЕЛЬСТВА,T23_000000_t20Ved14.xlsx,27,9,False,DATA,49153
17,ДОЛГОСРОЧНЫЕ ОБЯЗАТЕЛЬСТВА,T23_000000_t20Ved14.xlsx,27,10,False,DATA,45736
17,ДОЛГОСРОЧНЫЕ ОБЯЗАТЕЛЬСТВА,T23_000000_t20Ved14.xlsx,27,11,False,DATA,45736
17,ДОЛГОСРОЧНЫЕ ОБЯЗАТЕЛЬСТВА,T23_000000_t20Ved14.xlsx,27,12,False,DATA,59638
17,ДОЛГОСРОЧНЫЕ ОБЯЗАТЕЛЬСТВА,T23_000000_t20Ved14.xlsx,27,13,False,DATA,59638
17,ДОЛГОСРОЧНЫЕ ОБЯЗАТЕЛЬСТВА,T23_000000_t20Ved14.xlsx,27,14,False,DATA,65474
17,ДОЛГОСРОЧНЫЕ ОБЯЗАТЕЛЬСТВА,T23_000000_t20Ved14.xlsx,27,15,False,DATA,65474
17,ДОЛГОСРОЧНЫЕ ОБЯЗАТЕЛЬСТВА,T23_000000_t20Ved14.xlsx,27,16,False,DATA,447769
17,ДОЛГОСРОЧНЫЕ ОБЯЗАТЕЛЬСТВА,T23_000000_t20Ved14.xlsx,27,17,False,DATA,447769
17,ДОЛГОСРОЧНЫЕ ОБЯЗАТЕЛЬСТВА,T23_000000_t20Ved14.xlsx,27,18,False,DATA,422573
17,ДОЛГОСРОЧНЫЕ ОБЯЗАТЕЛЬСТВА,T23_000000_t20Ved14.xlsx,28,0,False,OKVED_CODE,"торговля розничная, кроме торговли автотранспортными средствами 
и мотоциклами"
17,ДОЛГОСРОЧНЫЕ ОБЯЗАТЕЛЬСТВА,T23_000000_t20Ved14.xlsx,28,1,False,OKVED_NAME,"торговля розничная, кроме торговли автотранспортными средствами 
и мотоциклами"
17,ДОЛГОСРОЧНЫЕ ОБЯЗАТЕЛЬСТВА,T23_000000_t20Ved14.xlsx,28,2,False,DATA,54340
17,ДОЛГОСРОЧНЫЕ ОБЯЗАТЕЛЬСТВА,T23_000000_t20Ved14.xlsx,28,3,False,DATA,54340
17,ДОЛГОСРОЧНЫЕ ОБЯЗАТЕЛЬСТВА,T23_000000_t20Ved14.xlsx,28,4,False,DATA,54340
17,ДОЛГОСРОЧНЫЕ ОБЯЗАТЕЛЬСТВА,T23_000000_t20Ved14.xlsx,28,5,False,DATA,67221
17,ДОЛГОСРОЧНЫЕ ОБЯЗАТЕЛЬСТВА,T23_000000_t20Ved14.xlsx,28,6,False,DATA,67221
17,ДОЛГОСРОЧНЫЕ ОБЯЗАТЕЛЬСТВА,T23_000000_t20Ved14.xlsx,28,7,False,DATA,67221
17,ДОЛГОСРОЧНЫЕ ОБЯЗАТЕЛЬСТВА,T23_000000_t20Ved14.xlsx,28,8,False,DATA,518
17,ДОЛГОСРОЧНЫЕ ОБЯЗАТЕЛЬСТВА,T23_000000_t20Ved14.xlsx,28,9,False,DATA,518
17,ДОЛГОСРОЧНЫЕ ОБЯЗАТЕЛЬСТВА,T23_000000_t20Ved14.xlsx,28,10,False,DATA,293
17,ДОЛГОСРОЧНЫЕ ОБЯЗАТЕЛЬСТВА,T23_000000_t20Ved14.xlsx,28,11,False,DATA,293
17,ДОЛГОСРОЧНЫЕ ОБЯЗАТЕЛЬСТВА,T23_000000_t20Ved14.xlsx,28,12,False,DATA,-
17,ДОЛГОСРОЧНЫЕ ОБЯЗАТЕЛЬСТВА,T23_000000_t20Ved14.xlsx,28,13,False,DATA,-
17,ДОЛГОСРОЧНЫЕ ОБЯЗАТЕЛЬСТВА,T23_000000_t20Ved14.xlsx,28,14,False,DATA,-
17,ДОЛГОСРОЧНЫЕ ОБЯЗАТЕЛЬСТВА,T23_000000_t20Ved14.xlsx,28,15,False,DATA,-
17,ДОЛГОСРОЧНЫЕ ОБЯЗАТЕЛЬСТВА,T23_000000_t20Ved14.xlsx,28,16,False,DATA,1261246
17,ДОЛГОСРОЧНЫЕ ОБЯЗАТЕЛЬСТВА,T23_000000_t20Ved14.xlsx,28,17,False,DATA,1261246
17,ДОЛГОСРОЧНЫЕ ОБЯЗАТЕЛЬСТВА,T23_000000_t20Ved14.xlsx,28,18,False,DATA,1049005
17,ДОЛГОСРОЧНЫЕ ОБЯЗАТЕЛЬСТВА,T23_000000_t20Ved14.xlsx,29,0,False,OKVED_CODE,Транспортировка и хранение
17,ДОЛГОСРОЧНЫЕ ОБЯЗАТЕЛЬСТВА,T23_000000_t20Ved14.xlsx,29,1,False,OKVED_NAME,Транспортировка и хранение
17,ДОЛГОСРОЧНЫЕ ОБЯЗАТЕЛЬСТВА,T23_000000_t20Ved14.xlsx,29,2,False,DATA,5897991
17,ДОЛГОСРОЧНЫЕ ОБЯЗАТЕЛЬСТВА,T23_000000_t20Ved14.xlsx,29,3,False,DATA,5897991
17,ДОЛГОСРОЧНЫЕ ОБЯЗАТЕЛЬСТВА,T23_000000_t20Ved14.xlsx,29,4,False,DATA,5897991
17,ДОЛГОСРОЧНЫЕ ОБЯЗАТЕЛЬСТВА,T23_000000_t20Ved14.xlsx,29,5,False,DATA,15219005
17,ДОЛГОСРОЧНЫЕ ОБЯЗАТЕЛЬСТВА,T23_000000_t20Ved14.xlsx,29,6,False,DATA,15219005
17,ДОЛГОСРОЧНЫЕ ОБЯЗАТЕЛЬСТВА,T23_000000_t20Ved14.xlsx,29,7,False,DATA,15219005
17,ДОЛГОСРОЧНЫЕ ОБЯЗАТЕЛЬСТВА,T23_000000_t20Ved14.xlsx,29,8,False,DATA,426684
17,ДОЛГОСРОЧНЫЕ ОБЯЗАТЕЛЬСТВА,T23_000000_t20Ved14.xlsx,29,9,False,DATA,426684
17,ДОЛГОСРОЧНЫЕ ОБЯЗАТЕЛЬСТВА,T23_000000_t20Ved14.xlsx,29,10,False,DATA,581558
17,ДОЛГОСРОЧНЫЕ ОБЯЗАТЕЛЬСТВА,T23_000000_t20Ved14.xlsx,29,11,False,DATA,581558
17,ДОЛГОСРОЧНЫЕ ОБЯЗАТЕЛЬСТВА,T23_000000_t20Ved14.xlsx,29,12,False,DATA,-
17,ДОЛГОСРОЧНЫЕ ОБЯЗАТЕЛЬСТВА,T23_000000_t20Ved14.xlsx,29,13,False,DATA,-
17,ДОЛГОСРОЧНЫЕ ОБЯЗАТЕЛЬСТВА,T23_000000_t20Ved14.xlsx,29,14,False,DATA,-
17,ДОЛГОСРОЧНЫЕ ОБЯЗАТЕЛЬСТВА,T23_000000_t20Ved14.xlsx,29,15,False,DATA,-
17,ДОЛГОСРОЧНЫЕ ОБЯЗАТЕЛЬСТВА,T23_000000_t20Ved14.xlsx,29,16,False,DATA,1753976
17,ДОЛГОСРОЧНЫЕ ОБЯЗАТЕЛЬСТВА,T23_000000_t20Ved14.xlsx,29,17,False,DATA,1753976
17,ДОЛГОСРОЧНЫЕ ОБЯЗАТЕЛЬСТВА,T23_000000_t20Ved14.xlsx,29,18,False,DATA,2448956
17,ДОЛГОСРОЧНЫЕ ОБЯЗАТЕЛЬСТВА,T23_000000_t20Ved14.xlsx,30,0,False,OKVED_CODE,"деятельность сухопутного
и трубопроводного транспорта"
17,ДОЛГОСРОЧНЫЕ ОБЯЗАТЕЛЬСТВА,T23_000000_t20Ved14.xlsx,30,1,False,OKVED_NAME,"деятельность сухопутного
и трубопроводного транспорта"
17,ДОЛГОСРОЧНЫЕ ОБЯЗАТЕЛЬСТВА,T23_000000_t20Ved14.xlsx,30,2,False,DATA,-
17,ДОЛГОСРОЧНЫЕ ОБЯЗАТЕЛЬСТВА,T23_000000_t20Ved14.xlsx,30,3,False,DATA,-
17,ДОЛГОСРОЧНЫЕ ОБЯЗАТЕЛЬСТВА,T23_000000_t20Ved14.xlsx,30,4,False,DATA,-
17,ДОЛГОСРОЧНЫЕ ОБЯЗАТЕЛЬСТВА,T23_000000_t20Ved14.xlsx,30,5,False,DATA,-
17,ДОЛГОСРОЧНЫЕ ОБЯЗАТЕЛЬСТВА,T23_000000_t20Ved14.xlsx,30,6,False,DATA,-
17,ДОЛГОСРОЧНЫЕ ОБЯЗАТЕЛЬСТВА,T23_000000_t20Ved14.xlsx,30,7,False,DATA,-
17,ДОЛГОСРОЧНЫЕ ОБЯЗАТЕЛЬСТВА,T23_000000_t20Ved14.xlsx,30,8,False,DATA,-
17,ДОЛГОСРОЧНЫЕ ОБЯЗАТЕЛЬСТВА,T23_000000_t20Ved14.xlsx,30,9,False,DATA,-
17,ДОЛГОСРОЧНЫЕ ОБЯЗАТЕЛЬСТВА,T23_000000_t20Ved14.xlsx,30,10,False,DATA,9
17,ДОЛГОСРОЧНЫЕ ОБЯЗАТЕЛЬСТВА,T23_000000_t20Ved14.xlsx,30,11,False,DATA,9
17,ДОЛГОСРОЧНЫЕ ОБЯЗАТЕЛЬСТВА,T23_000000_t20Ved14.xlsx,30,12,False,DATA,-
17,ДОЛГОСРОЧНЫЕ ОБЯЗАТЕЛЬСТВА,T23_000000_t20Ved14.xlsx,30,13,False,DATA,-
17,ДОЛГОСРОЧНЫЕ ОБЯЗАТЕЛЬСТВА,T23_000000_t20Ved14.xlsx,30,14,False,DATA,-
17,ДОЛГОСРОЧНЫЕ ОБЯЗАТЕЛЬСТВА,T23_000000_t20Ved14.xlsx,30,15,False,DATA,-
17,ДОЛГОСРОЧНЫЕ ОБЯЗАТЕЛЬСТВА,T23_000000_t20Ved14.xlsx,30,16,False,DATA,71741
17,ДОЛГОСРОЧНЫЕ ОБЯЗАТЕЛЬСТВА,T23_000000_t20Ved14.xlsx,30,17,False,DATA,71741
17,ДОЛГОСРОЧНЫЕ ОБЯЗАТЕЛЬСТВА,T23_000000_t20Ved14.xlsx,30,18,False,DATA,53636
17,ДОЛГОСРОЧНЫЕ ОБЯЗАТЕЛЬСТВА,T23_000000_t20Ved14.xlsx,31,0,False,OKVED_CODE,деятельность водного транспорта
17,ДОЛГОСРОЧНЫЕ ОБЯЗАТЕЛЬСТВА,T23_000000_t20Ved14.xlsx,31,1,False,OKVED_NAME,деятельность водного транспорта
17,ДОЛГОСРОЧНЫЕ ОБЯЗАТЕЛЬСТВА,T23_000000_t20Ved14.xlsx,31,2,False,DATA,1404406
17,ДОЛГОСРОЧНЫЕ ОБЯЗАТЕЛЬСТВА,T23_000000_t20Ved14.xlsx,31,3,False,DATA,1404406
17,ДОЛГОСРОЧНЫЕ ОБЯЗАТЕЛЬСТВА,T23_000000_t20Ved14.xlsx,31,4,False,DATA,1404406
17,ДОЛГОСРОЧНЫЕ ОБЯЗАТЕЛЬСТВА,T23_000000_t20Ved14.xlsx,31,5,False,DATA,1204900
17,ДОЛГОСРОЧНЫЕ ОБЯЗАТЕЛЬСТВА,T23_000000_t20Ved14.xlsx,31,6,False,DATA,1204900
17,ДОЛГОСРОЧНЫЕ ОБЯЗАТЕЛЬСТВА,T23_000000_t20Ved14.xlsx,31,7,False,DATA,1204900
17,ДОЛГОСРОЧНЫЕ ОБЯЗАТЕЛЬСТВА,T23_000000_t20Ved14.xlsx,31,8,False,DATA,6973
17,ДОЛГОСРОЧНЫЕ ОБЯЗАТЕЛЬСТВА,T23_000000_t20Ved14.xlsx,31,9,False,DATA,6973
17,ДОЛГОСРОЧНЫЕ ОБЯЗАТЕЛЬСТВА,T23_000000_t20Ved14.xlsx,31,10,False,DATA,7517
17,ДОЛГОСРОЧНЫЕ ОБЯЗАТЕЛЬСТВА,T23_000000_t20Ved14.xlsx,31,11,False,DATA,7517
17,ДОЛГОСРОЧНЫЕ ОБЯЗАТЕЛЬСТВА,T23_000000_t20Ved14.xlsx,31,12,False,DATA,-
17,ДОЛГОСРОЧНЫЕ ОБЯЗАТЕЛЬСТВА,T23_000000_t20Ved14.xlsx,31,13,False,DATA,-
17,ДОЛГОСРОЧНЫЕ ОБЯЗАТЕЛЬСТВА,T23_000000_t20Ved14.xlsx,31,14,False,DATA,-
17,ДОЛГОСРОЧНЫЕ ОБЯЗАТЕЛЬСТВА,T23_000000_t20Ved14.xlsx,31,15,False,DATA,-
17,ДОЛГОСРОЧНЫЕ ОБЯЗАТЕЛЬСТВА,T23_000000_t20Ved14.xlsx,31,16,False,DATA,582213
17,ДОЛГОСРОЧНЫЕ ОБЯЗАТЕЛЬСТВА,T23_000000_t20Ved14.xlsx,31,17,False,DATA,582213
17,ДОЛГОСРОЧНЫЕ ОБЯЗАТЕЛЬСТВА,T23_000000_t20Ved14.xlsx,31,18,False,DATA,545973
17,ДОЛГОСРОЧНЫЕ ОБЯЗАТЕЛЬСТВА,T23_000000_t20Ved14.xlsx,32,0,False,OKVED_CODE,деятельность воздушного и космического транспорта
17,ДОЛГОСРОЧНЫЕ ОБЯЗАТЕЛЬСТВА,T23_000000_t20Ved14.xlsx,32,1,False,OKVED_NAME,деятельность воздушного и космического транспорта
17,ДОЛГОСРОЧНЫЕ ОБЯЗАТЕЛЬСТВА,T23_000000_t20Ved14.xlsx,32,2,False,DATA,621585
17,ДОЛГОСРОЧНЫЕ ОБЯЗАТЕЛЬСТВА,T23_000000_t20Ved14.xlsx,32,3,False,DATA,621585
17,ДОЛГОСРОЧНЫЕ ОБЯЗАТЕЛЬСТВА,T23_000000_t20Ved14.xlsx,32,4,False,DATA,621585
17,ДОЛГОСРОЧНЫЕ ОБЯЗАТЕЛЬСТВА,T23_000000_t20Ved14.xlsx,32,5,False,DATA,568729
17,ДОЛГОСРОЧНЫЕ ОБЯЗАТЕЛЬСТВА,T23_000000_t20Ved14.xlsx,32,6,False,DATA,568729
17,ДОЛГОСРОЧНЫЕ ОБЯЗАТЕЛЬСТВА,T23_000000_t20Ved14.xlsx,32,7,False,DATA,568729
17,ДОЛГОСРОЧНЫЕ ОБЯЗАТЕЛЬСТВА,T23_000000_t20Ved14.xlsx,32,8,False,DATA,61246
17,ДОЛГОСРОЧНЫЕ ОБЯЗАТЕЛЬСТВА,T23_000000_t20Ved14.xlsx,32,9,False,DATA,61246
17,ДОЛГОСРОЧНЫЕ ОБЯЗАТЕЛЬСТВА,T23_000000_t20Ved14.xlsx,32,10,False,DATA,108064
17,ДОЛГОСРОЧНЫЕ ОБЯЗАТЕЛЬСТВА,T23_000000_t20Ved14.xlsx,32,11,False,DATA,108064
17,ДОЛГОСРОЧНЫЕ ОБЯЗАТЕЛЬСТВА,T23_000000_t20Ved14.xlsx,32,12,False,DATA,-
17,ДОЛГОСРОЧНЫЕ ОБЯЗАТЕЛЬСТВА,T23_000000_t20Ved14.xlsx,32,13,False,DATA,-
17,ДОЛГОСРОЧНЫЕ ОБЯЗАТЕЛЬСТВА,T23_000000_t20Ved14.xlsx,32,14,False,DATA,-
17,ДОЛГОСРОЧНЫЕ ОБЯЗАТЕЛЬСТВА,T23_000000_t20Ved14.xlsx,32,15,False,DATA,-
17,ДОЛГОСРОЧНЫЕ ОБЯЗАТЕЛЬСТВА,T23_000000_t20Ved14.xlsx,32,16,False,DATA,706908
17,ДОЛГОСРОЧНЫЕ ОБЯЗАТЕЛЬСТВА,T23_000000_t20Ved14.xlsx,32,17,False,DATA,706908
17,ДОЛГОСРОЧНЫЕ ОБЯЗАТЕЛЬСТВА,T23_000000_t20Ved14.xlsx,32,18,False,DATA,1116053
17,ДОЛГОСРОЧНЫЕ ОБЯЗАТЕЛЬСТВА,T23_000000_t20Ved14.xlsx,33,0,False,OKVED_CODE,складское хозяйство и вспомогательная транспортная деятельность
17,ДОЛГОСРОЧНЫЕ ОБЯЗАТЕЛЬСТВА,T23_000000_t20Ved14.xlsx,33,1,False,OKVED_NAME,складское хозяйство и вспомогательная транспортная деятельность
17,ДОЛГОСРОЧНЫЕ ОБЯЗАТЕЛЬСТВА,T23_000000_t20Ved14.xlsx,33,2,False,DATA,3872000
17,ДОЛГОСРОЧНЫЕ ОБЯЗАТЕЛЬСТВА,T23_000000_t20Ved14.xlsx,33,3,False,DATA,3872000
17,ДОЛГОСРОЧНЫЕ ОБЯЗАТЕЛЬСТВА,T23_000000_t20Ved14.xlsx,33,4,False,DATA,3872000
17,ДОЛГОСРОЧНЫЕ ОБЯЗАТЕЛЬСТВА,T23_000000_t20Ved14.xlsx,33,5,False,DATA,13445376
17,ДОЛГОСРОЧНЫЕ ОБЯЗАТЕЛЬСТВА,T23_000000_t20Ved14.xlsx,33,6,False,DATA,13445376
17,ДОЛГОСРОЧНЫЕ ОБЯЗАТЕЛЬСТВА,T23_000000_t20Ved14.xlsx,33,7,False,DATA,13445376
17,ДОЛГОСРОЧНЫЕ ОБЯЗАТЕЛЬСТВА,T23_000000_t20Ved14.xlsx,33,8,False,DATA,358465
17,ДОЛГОСРОЧНЫЕ ОБЯЗАТЕЛЬСТВА,T23_000000_t20Ved14.xlsx,33,9,False,DATA,358465
17,ДОЛГОСРОЧНЫЕ ОБЯЗАТЕЛЬСТВА,T23_000000_t20Ved14.xlsx,33,10,False,DATA,465968
17,ДОЛГОСРОЧНЫЕ ОБЯЗАТЕЛЬСТВА,T23_000000_t20Ved14.xlsx,33,11,False,DATA,465968
17,ДОЛГОСРОЧНЫЕ ОБЯЗАТЕЛЬСТВА,T23_000000_t20Ved14.xlsx,33,12,False,DATA,-
17,ДОЛГОСРОЧНЫЕ ОБЯЗАТЕЛЬСТВА,T23_000000_t20Ved14.xlsx,33,13,False,DATA,-
17,ДОЛГОСРОЧНЫЕ ОБЯЗАТЕЛЬСТВА,T23_000000_t20Ved14.xlsx,33,14,False,DATA,-
17,ДОЛГОСРОЧНЫЕ ОБЯЗАТЕЛЬСТВА,T23_000000_t20Ved14.xlsx,33,15,False,DATA,-
17,ДОЛГОСРОЧНЫЕ ОБЯЗАТЕЛЬСТВА,T23_000000_t20Ved14.xlsx,33,16,False,DATA,393114
17,ДОЛГОСРОЧНЫЕ ОБЯЗАТЕЛЬСТВА,T23_000000_t20Ved14.xlsx,33,17,False,DATA,393114
17,ДОЛГОСРОЧНЫЕ ОБЯЗАТЕЛЬСТВА,T23_000000_t20Ved14.xlsx,33,18,False,DATA,733294
17,ДОЛГОСРОЧНЫЕ ОБЯЗАТЕЛЬСТВА,T23_000000_t20Ved14.xlsx,34,0,False,OKVED_CODE,Деятельность гостиниц и предприятий общественного питания
17,ДОЛГОСРОЧНЫЕ ОБЯЗАТЕЛЬСТВА,T23_000000_t20Ved14.xlsx,34,1,False,OKVED_NAME,Деятельность гостиниц и предприятий общественного питания
17,ДОЛГОСРОЧНЫЕ ОБЯЗАТЕЛЬСТВА,T23_000000_t20Ved14.xlsx,34,2,False,DATA,3000643
17,ДОЛГОСРОЧНЫЕ ОБЯЗАТЕЛЬСТВА,T23_000000_t20Ved14.xlsx,34,3,False,DATA,3000643
17,ДОЛГОСРОЧНЫЕ ОБЯЗАТЕЛЬСТВА,T23_000000_t20Ved14.xlsx,34,4,False,DATA,3000643
17,ДОЛГОСРОЧНЫЕ ОБЯЗАТЕЛЬСТВА,T23_000000_t20Ved14.xlsx,34,5,False,DATA,4061109
17,ДОЛГОСРОЧНЫЕ ОБЯЗАТЕЛЬСТВА,T23_000000_t20Ved14.xlsx,34,6,False,DATA,4061109
17,ДОЛГОСРОЧНЫЕ ОБЯЗАТЕЛЬСТВА,T23_000000_t20Ved14.xlsx,34,7,False,DATA,4061109
17,ДОЛГОСРОЧНЫЕ ОБЯЗАТЕЛЬСТВА,T23_000000_t20Ved14.xlsx,34,8,False,DATA,12541
17,ДОЛГОСРОЧНЫЕ ОБЯЗАТЕЛЬСТВА,T23_000000_t20Ved14.xlsx,34,9,False,DATA,12541
17,ДОЛГОСРОЧНЫЕ ОБЯЗАТЕЛЬСТВА,T23_000000_t20Ved14.xlsx,34,10,False,DATA,12944
17,ДОЛГОСРОЧНЫЕ ОБЯЗАТЕЛЬСТВА,T23_000000_t20Ved14.xlsx,34,11,False,DATA,12944
17,ДОЛГОСРОЧНЫЕ ОБЯЗАТЕЛЬСТВА,T23_000000_t20Ved14.xlsx,34,12,False,DATA,-
17,ДОЛГОСРОЧНЫЕ ОБЯЗАТЕЛЬСТВА,T23_000000_t20Ved14.xlsx,34,13,False,DATA,-
17,ДОЛГОСРОЧНЫЕ ОБЯЗАТЕЛЬСТВА,T23_000000_t20Ved14.xlsx,34,14,False,DATA,-
17,ДОЛГОСРОЧНЫЕ ОБЯЗАТЕЛЬСТВА,T23_000000_t20Ved14.xlsx,34,15,False,DATA,-
17,ДОЛГОСРОЧНЫЕ ОБЯЗАТЕЛЬСТВА,T23_000000_t20Ved14.xlsx,34,16,False,DATA,14459
17,ДОЛГОСРОЧНЫЕ ОБЯЗАТЕЛЬСТВА,T23_000000_t20Ved14.xlsx,34,17,False,DATA,14459
17,ДОЛГОСРОЧНЫЕ ОБЯЗАТЕЛЬСТВА,T23_000000_t20Ved14.xlsx,34,18,False,DATA,32228
17,ДОЛГОСРОЧНЫЕ ОБЯЗАТЕЛЬСТВА,T23_000000_t20Ved14.xlsx,35,0,False,OKVED_CODE,деятельность по предоставлению мест для временного проживания
17,ДОЛГОСРОЧНЫЕ ОБЯЗАТЕЛЬСТВА,T23_000000_t20Ved14.xlsx,35,1,False,OKVED_NAME,деятельность по предоставлению мест для временного проживания
17,ДОЛГОСРОЧНЫЕ ОБЯЗАТЕЛЬСТВА,T23_000000_t20Ved14.xlsx,35,2,False,DATA,3000643
17,ДОЛГОСРОЧНЫЕ ОБЯЗАТЕЛЬСТВА,T23_000000_t20Ved14.xlsx,35,3,False,DATA,3000643
17,ДОЛГОСРОЧНЫЕ ОБЯЗАТЕЛЬСТВА,T23_000000_t20Ved14.xlsx,35,4,False,DATA,3000643
17,ДОЛГОСРОЧНЫЕ ОБЯЗАТЕЛЬСТВА,T23_000000_t20Ved14.xlsx,35,5,False,DATA,4061109
17,ДОЛГОСРОЧНЫЕ ОБЯЗАТЕЛЬСТВА,T23_000000_t20Ved14.xlsx,35,6,False,DATA,4061109
17,ДОЛГОСРОЧНЫЕ ОБЯЗАТЕЛЬСТВА,T23_000000_t20Ved14.xlsx,35,7,False,DATA,4061109
17,ДОЛГОСРОЧНЫЕ ОБЯЗАТЕЛЬСТВА,T23_000000_t20Ved14.xlsx,35,8,False,DATA,12541
17,ДОЛГОСРОЧНЫЕ ОБЯЗАТЕЛЬСТВА,T23_000000_t20Ved14.xlsx,35,9,False,DATA,12541
17,ДОЛГОСРОЧНЫЕ ОБЯЗАТЕЛЬСТВА,T23_000000_t20Ved14.xlsx,35,10,False,DATA,12944
17,ДОЛГОСРОЧНЫЕ ОБЯЗАТЕЛЬСТВА,T23_000000_t20Ved14.xlsx,35,11,False,DATA,12944
17,ДОЛГОСРОЧНЫЕ ОБЯЗАТЕЛЬСТВА,T23_000000_t20Ved14.xlsx,35,12,False,DATA,-
17,ДОЛГОСРОЧНЫЕ ОБЯЗАТЕЛЬСТВА,T23_000000_t20Ved14.xlsx,35,13,False,DATA,-
17,ДОЛГОСРОЧНЫЕ ОБЯЗАТЕЛЬСТВА,T23_000000_t20Ved14.xlsx,35,14,False,DATA,-
17,ДОЛГОСРОЧНЫЕ ОБЯЗАТЕЛЬСТВА,T23_000000_t20Ved14.xlsx,35,15,False,DATA,-
17,ДОЛГОСРОЧНЫЕ ОБЯЗАТЕЛЬСТВА,T23_000000_t20Ved14.xlsx,35,16,False,DATA,14459
17,ДОЛГОСРОЧНЫЕ ОБЯЗАТЕЛЬСТВА,T23_000000_t20Ved14.xlsx,35,17,False,DATA,14459
17,ДОЛГОСРОЧНЫЕ ОБЯЗАТЕЛЬСТВА,T23_000000_t20Ved14.xlsx,35,18,False,DATA,32228
17,ДОЛГОСРОЧНЫЕ ОБЯЗАТЕЛЬСТВА,T23_000000_t20Ved14.xlsx,36,0,False,OKVED_CODE,
17,ДОЛГОСРОЧНЫЕ ОБЯЗАТЕЛЬСТВА,T23_000000_t20Ved14.xlsx,36,1,False,OKVED_NAME,
17,ДОЛГОСРОЧНЫЕ ОБЯЗАТЕЛЬСТВА,T23_000000_t20Ved14.xlsx,36,2,False,EMPTY,
17,ДОЛГОСРОЧНЫЕ ОБЯЗАТЕЛЬСТВА,T23_000000_t20Ved14.xlsx,36,3,False,EMPTY,
17,ДОЛГОСРОЧНЫЕ ОБЯЗАТЕЛЬСТВА,T23_000000_t20Ved14.xlsx,36,4,False,EMPTY,
17,ДОЛГОСРОЧНЫЕ ОБЯЗАТЕЛЬСТВА,T23_000000_t20Ved14.xlsx,36,5,False,EMPTY,
17,ДОЛГОСРОЧНЫЕ ОБЯЗАТЕЛЬСТВА,T23_000000_t20Ved14.xlsx,36,6,False,EMPTY,
17,ДОЛГОСРОЧНЫЕ ОБЯЗАТЕЛЬСТВА,T23_000000_t20Ved14.xlsx,36,7,False,EMPTY,
17,ДОЛГОСРОЧНЫЕ ОБЯЗАТЕЛЬСТВА,T23_000000_t20Ved14.xlsx,36,8,False,EMPTY,
17,ДОЛГОСРОЧНЫЕ ОБЯЗАТЕЛЬСТВА,T23_000000_t20Ved14.xlsx,36,9,False,EMPTY,
17,ДОЛГОСРОЧНЫЕ ОБЯЗАТЕЛЬСТВА,T23_000000_t20Ved14.xlsx,36,10,False,EMPTY,
17,ДОЛГОСРОЧНЫЕ ОБЯЗАТЕЛЬСТВА,T23_000000_t20Ved14.xlsx,36,11,False,EMPTY,
17,ДОЛГОСРОЧНЫЕ ОБЯЗАТЕЛЬСТВА,T23_000000_t20Ved14.xlsx,36,12,False,EMPTY,
17,ДОЛГОСРОЧНЫЕ ОБЯЗАТЕЛЬСТВА,T23_000000_t20Ved14.xlsx,36,13,False,EMPTY,
17,ДОЛГОСРОЧНЫЕ ОБЯЗАТЕЛЬСТВА,T23_000000_t20Ved14.xlsx,36,14,False,DATA,Продолжение таблицы 7.
17,ДОЛГОСРОЧНЫЕ ОБЯЗАТЕЛЬСТВА,T23_000000_t20Ved14.xlsx,36,15,False,DATA,Продолжение таблицы 7.
17,ДОЛГОСРОЧНЫЕ ОБЯЗАТЕЛЬСТВА,T23_000000_t20Ved14.xlsx,36,16,False,DATA,Продолжение таблицы 7.
17,ДОЛГОСРОЧНЫЕ ОБЯЗАТЕЛЬСТВА,T23_000000_t20Ved14.xlsx,36,17,False,DATA,Продолжение таблицы 7.
17,ДОЛГОСРОЧНЫЕ ОБЯЗАТЕЛЬСТВА,T23_000000_t20Ved14.xlsx,36,18,False,DATA,Продолжение таблицы 7.
17,ДОЛГОСРОЧНЫЕ ОБЯЗАТЕЛЬСТВА,T23_000000_t20Ved14.xlsx,37,0,False,OKVED_CODE,
17,ДОЛГОСРОЧНЫЕ ОБЯЗАТЕЛЬСТВА,T23_000000_t20Ved14.xlsx,37,1,False,OKVED_NAME,
17,ДОЛГОСРОЧНЫЕ ОБЯЗАТЕЛЬСТВА,T23_000000_t20Ved14.xlsx,37,2,False,DATA,Займы и кредиты
17,ДОЛГОСРОЧНЫЕ ОБЯЗАТЕЛЬСТВА,T23_000000_t20Ved14.xlsx,37,3,False,DATA,Займы и кредиты
17,ДОЛГОСРОЧНЫЕ ОБЯЗАТЕЛЬСТВА,T23_000000_t20Ved14.xlsx,37,4,False,DATA,Займы и кредиты
17,ДОЛГОСРОЧНЫЕ ОБЯЗАТЕЛЬСТВА,T23_000000_t20Ved14.xlsx,37,5,False,DATA,Займы и кредиты
17,ДОЛГОСРОЧНЫЕ ОБЯЗАТЕЛЬСТВА,T23_000000_t20Ved14.xlsx,37,6,False,DATA,Займы и кредиты
17,ДОЛГОСРОЧНЫЕ ОБЯЗАТЕЛЬСТВА,T23_000000_t20Ved14.xlsx,37,7,False,DATA,Займы и кредиты
17,ДОЛГОСРОЧНЫЕ ОБЯЗАТЕЛЬСТВА,T23_000000_t20Ved14.xlsx,37,8,False,DATA,Отложенные налоговые обязательства
17,ДОЛГОСРОЧНЫЕ ОБЯЗАТЕЛЬСТВА,T23_000000_t20Ved14.xlsx,37,9,False,DATA,Отложенные налоговые обязательства
17,ДОЛГОСРОЧНЫЕ ОБЯЗАТЕЛЬСТВА,T23_000000_t20Ved14.xlsx,37,10,False,DATA,Отложенные налоговые обязательства
17,ДОЛГОСРОЧНЫЕ ОБЯЗАТЕЛЬСТВА,T23_000000_t20Ved14.xlsx,37,11,False,DATA,Отложенные налоговые обязательства
17,ДОЛГОСРОЧНЫЕ ОБЯЗАТЕЛЬСТВА,T23_000000_t20Ved14.xlsx,37,12,False,DATA,Оценочные обязательства
17,ДОЛГОСРОЧНЫЕ ОБЯЗАТЕЛЬСТВА,T23_000000_t20Ved14.xlsx,37,13,False,DATA,Оценочные обязательства
17,ДОЛГОСРОЧНЫЕ ОБЯЗАТЕЛЬСТВА,T23_000000_t20Ved14.xlsx,37,14,False,DATA,Оценочные обязательства
17,ДОЛГОСРОЧНЫЕ ОБЯЗАТЕЛЬСТВА,T23_000000_t20Ved14.xlsx,37,15,False,DATA,Оценочные обязательства
17,ДОЛГОСРОЧНЫЕ ОБЯЗАТЕЛЬСТВА,T23_000000_t20Ved14.xlsx,37,16,False,DATA,Прочие долгосрочные обязательства
17,ДОЛГОСРОЧНЫЕ ОБЯЗАТЕЛЬСТВА,T23_000000_t20Ved14.xlsx,37,17,False,DATA,Прочие долгосрочные обязательства
17,ДОЛГОСРОЧНЫЕ ОБЯЗАТЕЛЬСТВА,T23_000000_t20Ved14.xlsx,37,18,False,DATA,Прочие долгосрочные обязательства
17,ДОЛГОСРОЧНЫЕ ОБЯЗАТЕЛЬСТВА,T23_000000_t20Ved14.xlsx,38,0,False,OKVED_CODE,
17,ДОЛГОСРОЧНЫЕ ОБЯЗАТЕЛЬСТВА,T23_000000_t20Ved14.xlsx,38,1,False,OKVED_NAME,
17,ДОЛГОСРОЧНЫЕ ОБЯЗАТЕЛЬСТВА,T23_000000_t20Ved14.xlsx,38,2,False,DATA,2022
17,ДОЛГОСРОЧНЫЕ ОБЯЗАТЕЛЬСТВА,T23_000000_t20Ved14.xlsx,38,3,False,DATA,2022
17,ДОЛГОСРОЧНЫЕ ОБЯЗАТЕЛЬСТВА,T23_000000_t20Ved14.xlsx,38,4,False,DATA,2022
17,ДОЛГОСРОЧНЫЕ ОБЯЗАТЕЛЬСТВА,T23_000000_t20Ved14.xlsx,38,5,False,DATA,2022
17,ДОЛГОСРОЧНЫЕ ОБЯЗАТЕЛЬСТВА,T23_000000_t20Ved14.xlsx,38,6,False,DATA,2023
17,ДОЛГОСРОЧНЫЕ ОБЯЗАТЕЛЬСТВА,T23_000000_t20Ved14.xlsx,38,7,False,DATA,2023
17,ДОЛГОСРОЧНЫЕ ОБЯЗАТЕЛЬСТВА,T23_000000_t20Ved14.xlsx,38,8,False,DATA,2022
17,ДОЛГОСРОЧНЫЕ ОБЯЗАТЕЛЬСТВА,T23_000000_t20Ved14.xlsx,38,9,False,DATA,2022
17,ДОЛГОСРОЧНЫЕ ОБЯЗАТЕЛЬСТВА,T23_000000_t20Ved14.xlsx,38,10,False,DATA,2023
17,ДОЛГОСРОЧНЫЕ ОБЯЗАТЕЛЬСТВА,T23_000000_t20Ved14.xlsx,38,11,False,DATA,2023
17,ДОЛГОСРОЧНЫЕ ОБЯЗАТЕЛЬСТВА,T23_000000_t20Ved14.xlsx,38,12,False,DATA,2022
17,ДОЛГОСРОЧНЫЕ ОБЯЗАТЕЛЬСТВА,T23_000000_t20Ved14.xlsx,38,13,False,DATA,2022
17,ДОЛГОСРОЧНЫЕ ОБЯЗАТЕЛЬСТВА,T23_000000_t20Ved14.xlsx,38,14,False,DATA,2023
17,ДОЛГОСРОЧНЫЕ ОБЯЗАТЕЛЬСТВА,T23_000000_t20Ved14.xlsx,38,15,False,DATA,2023
17,ДОЛГОСРОЧНЫЕ ОБЯЗАТЕЛЬСТВА,T23_000000_t20Ved14.xlsx,38,16,False,DATA,2022
17,ДОЛГОСРОЧНЫЕ ОБЯЗАТЕЛЬСТВА,T23_000000_t20Ved14.xlsx,38,17,False,DATA,2022
17,ДОЛГОСРОЧНЫЕ ОБЯЗАТЕЛЬСТВА,T23_000000_t20Ved14.xlsx,38,18,False,DATA,2023
17,ДОЛГОСРОЧНЫЕ ОБЯЗАТЕЛЬСТВА,T23_000000_t20Ved14.xlsx,39,0,False,OKVED_CODE,Деятельность финансовая и страховая
17,ДОЛГОСРОЧНЫЕ ОБЯЗАТЕЛЬСТВА,T23_000000_t20Ved14.xlsx,39,1,False,OKVED_NAME,Деятельность финансовая и страховая
17,ДОЛГОСРОЧНЫЕ ОБЯЗАТЕЛЬСТВА,T23_000000_t20Ved14.xlsx,39,2,False,DATA,7389330
17,ДОЛГОСРОЧНЫЕ ОБЯЗАТЕЛЬСТВА,T23_000000_t20Ved14.xlsx,39,3,False,DATA,7389330
17,ДОЛГОСРОЧНЫЕ ОБЯЗАТЕЛЬСТВА,T23_000000_t20Ved14.xlsx,39,4,False,DATA,7389330
17,ДОЛГОСРОЧНЫЕ ОБЯЗАТЕЛЬСТВА,T23_000000_t20Ved14.xlsx,39,5,False,DATA,7389330
17,ДОЛГОСРОЧНЫЕ ОБЯЗАТЕЛЬСТВА,T23_000000_t20Ved14.xlsx,39,6,False,DATA,2344399
17,ДОЛГОСРОЧНЫЕ ОБЯЗАТЕЛЬСТВА,T23_000000_t20Ved14.xlsx,39,7,False,DATA,2344399
17,ДОЛГОСРОЧНЫЕ ОБЯЗАТЕЛЬСТВА,T23_000000_t20Ved14.xlsx,39,8,False,DATA,171
17,ДОЛГОСРОЧНЫЕ ОБЯЗАТЕЛЬСТВА,T23_000000_t20Ved14.xlsx,39,9,False,DATA,171
17,ДОЛГОСРОЧНЫЕ ОБЯЗАТЕЛЬСТВА,T23_000000_t20Ved14.xlsx,39,10,False,DATA,647
17,ДОЛГОСРОЧНЫЕ ОБЯЗАТЕЛЬСТВА,T23_000000_t20Ved14.xlsx,39,11,False,DATA,647
17,ДОЛГОСРОЧНЫЕ ОБЯЗАТЕЛЬСТВА,T23_000000_t20Ved14.xlsx,39,12,False,DATA,-
17,ДОЛГОСРОЧНЫЕ ОБЯЗАТЕЛЬСТВА,T23_000000_t20Ved14.xlsx,39,13,False,DATA,-
17,ДОЛГОСРОЧНЫЕ ОБЯЗАТЕЛЬСТВА,T23_000000_t20Ved14.xlsx,39,14,False,DATA,-
17,ДОЛГОСРОЧНЫЕ ОБЯЗАТЕЛЬСТВА,T23_000000_t20Ved14.xlsx,39,15,False,DATA,-
17,ДОЛГОСРОЧНЫЕ ОБЯЗАТЕЛЬСТВА,T23_000000_t20Ved14.xlsx,39,16,False,DATA,785
17,ДОЛГОСРОЧНЫЕ ОБЯЗАТЕЛЬСТВА,T23_000000_t20Ved14.xlsx,39,17,False,DATA,785
17,ДОЛГОСРОЧНЫЕ ОБЯЗАТЕЛЬСТВА,T23_000000_t20Ved14.xlsx,39,18,False,DATA,609
17,ДОЛГОСРОЧНЫЕ ОБЯЗАТЕЛЬСТВА,T23_000000_t20Ved14.xlsx,40,0,False,OKVED_CODE,"деятельность по предоставлению финансовых услуг, кроме услуг 
по страхованию и пенсионному обеспечен"
17,ДОЛГОСРОЧНЫЕ ОБЯЗАТЕЛЬСТВА,T23_000000_t20Ved14.xlsx,40,1,False,OKVED_NAME,"деятельность по предоставлению финансовых услуг, кроме услуг 
по страхованию и пенсионному обеспечен"
17,ДОЛГОСРОЧНЫЕ ОБЯЗАТЕЛЬСТВА,T23_000000_t20Ved14.xlsx,40,2,False,DATA,7389330
17,ДОЛГОСРОЧНЫЕ ОБЯЗАТЕЛЬСТВА,T23_000000_t20Ved14.xlsx,40,3,False,DATA,7389330
17,ДОЛГОСРОЧНЫЕ ОБЯЗАТЕЛЬСТВА,T23_000000_t20Ved14.xlsx,40,4,False,DATA,7389330
17,ДОЛГОСРОЧНЫЕ ОБЯЗАТЕЛЬСТВА,T23_000000_t20Ved14.xlsx,40,5,False,DATA,7389330
17,ДОЛГОСРОЧНЫЕ ОБЯЗАТЕЛЬСТВА,T23_000000_t20Ved14.xlsx,40,6,False,DATA,2344399
17,ДОЛГОСРОЧНЫЕ ОБЯЗАТЕЛЬСТВА,T23_000000_t20Ved14.xlsx,40,7,False,DATA,2344399
17,ДОЛГОСРОЧНЫЕ ОБЯЗАТЕЛЬСТВА,T23_000000_t20Ved14.xlsx,40,8,False,DATA,171
17,ДОЛГОСРОЧНЫЕ ОБЯЗАТЕЛЬСТВА,T23_000000_t20Ved14.xlsx,40,9,False,DATA,171
17,ДОЛГОСРОЧНЫЕ ОБЯЗАТЕЛЬСТВА,T23_000000_t20Ved14.xlsx,40,10,False,DATA,647
17,ДОЛГОСРОЧНЫЕ ОБЯЗАТЕЛЬСТВА,T23_000000_t20Ved14.xlsx,40,11,False,DATA,647
17,ДОЛГОСРОЧНЫЕ ОБЯЗАТЕЛЬСТВА,T23_000000_t20Ved14.xlsx,40,12,False,DATA,-
17,ДОЛГОСРОЧНЫЕ ОБЯЗАТЕЛЬСТВА,T23_000000_t20Ved14.xlsx,40,13,False,DATA,-
17,ДОЛГОСРОЧНЫЕ ОБЯЗАТЕЛЬСТВА,T23_000000_t20Ved14.xlsx,40,14,False,DATA,-
17,ДОЛГОСРОЧНЫЕ ОБЯЗАТЕЛЬСТВА,T23_000000_t20Ved14.xlsx,40,15,False,DATA,-
17,ДОЛГОСРОЧНЫЕ ОБЯЗАТЕЛЬСТВА,T23_000000_t20Ved14.xlsx,40,16,False,DATA,785
17,ДОЛГОСРОЧНЫЕ ОБЯЗАТЕЛЬСТВА,T23_000000_t20Ved14.xlsx,40,17,False,DATA,785
17,ДОЛГОСРОЧНЫЕ ОБЯЗАТЕЛЬСТВА,T23_000000_t20Ved14.xlsx,40,18,False,DATA,609
17,ДОЛГОСРОЧНЫЕ ОБЯЗАТЕЛЬСТВА,T23_000000_t20Ved14.xlsx,41,0,False,OKVED_CODE,"Деятельность по операциям 
с недвижимым имуществом"
17,ДОЛГОСРОЧНЫЕ ОБЯЗАТЕЛЬСТВА,T23_000000_t20Ved14.xlsx,41,1,False,OKVED_NAME,"Деятельность по операциям 
с недвижимым имуществом"
17,ДОЛГОСРОЧНЫЕ ОБЯЗАТЕЛЬСТВА,T23_000000_t20Ved14.xlsx,41,2,False,DATA,1032251
17,ДОЛГОСРОЧНЫЕ ОБЯЗАТЕЛЬСТВА,T23_000000_t20Ved14.xlsx,41,3,False,DATA,1032251
17,ДОЛГОСРОЧНЫЕ ОБЯЗАТЕЛЬСТВА,T23_000000_t20Ved14.xlsx,41,4,False,DATA,1032251
17,ДОЛГОСРОЧНЫЕ ОБЯЗАТЕЛЬСТВА,T23_000000_t20Ved14.xlsx,41,5,False,DATA,1032251
17,ДОЛГОСРОЧНЫЕ ОБЯЗАТЕЛЬСТВА,T23_000000_t20Ved14.xlsx,41,6,False,DATA,541434
17,ДОЛГОСРОЧНЫЕ ОБЯЗАТЕЛЬСТВА,T23_000000_t20Ved14.xlsx,41,7,False,DATA,541434
17,ДОЛГОСРОЧНЫЕ ОБЯЗАТЕЛЬСТВА,T23_000000_t20Ved14.xlsx,41,8,False,DATA,60471
17,ДОЛГОСРОЧНЫЕ ОБЯЗАТЕЛЬСТВА,T23_000000_t20Ved14.xlsx,41,9,False,DATA,60471
17,ДОЛГОСРОЧНЫЕ ОБЯЗАТЕЛЬСТВА,T23_000000_t20Ved14.xlsx,41,10,False,DATA,50954
17,ДОЛГОСРОЧНЫЕ ОБЯЗАТЕЛЬСТВА,T23_000000_t20Ved14.xlsx,41,11,False,DATA,50954
17,ДОЛГОСРОЧНЫЕ ОБЯЗАТЕЛЬСТВА,T23_000000_t20Ved14.xlsx,41,12,False,DATA,-
17,ДОЛГОСРОЧНЫЕ ОБЯЗАТЕЛЬСТВА,T23_000000_t20Ved14.xlsx,41,13,False,DATA,-
17,ДОЛГОСРОЧНЫЕ ОБЯЗАТЕЛЬСТВА,T23_000000_t20Ved14.xlsx,41,14,False,DATA,-
17,ДОЛГОСРОЧНЫЕ ОБЯЗАТЕЛЬСТВА,T23_000000_t20Ved14.xlsx,41,15,False,DATA,-
17,ДОЛГОСРОЧНЫЕ ОБЯЗАТЕЛЬСТВА,T23_000000_t20Ved14.xlsx,41,16,False,DATA,868
17,ДОЛГОСРОЧНЫЕ ОБЯЗАТЕЛЬСТВА,T23_000000_t20Ved14.xlsx,41,17,False,DATA,868
17,ДОЛГОСРОЧНЫЕ ОБЯЗАТЕЛЬСТВА,T23_000000_t20Ved14.xlsx,41,18,False,DATA,28257
17,ДОЛГОСРОЧНЫЕ ОБЯЗАТЕЛЬСТВА,T23_000000_t20Ved14.xlsx,42,0,False,OKVED_CODE,операции с недвижимым имуществом
17,ДОЛГОСРОЧНЫЕ ОБЯЗАТЕЛЬСТВА,T23_000000_t20Ved14.xlsx,42,1,False,OKVED_NAME,операции с недвижимым имуществом
17,ДОЛГОСРОЧНЫЕ ОБЯЗАТЕЛЬСТВА,T23_000000_t20Ved14.xlsx,42,2,False,DATA,1032251
17,ДОЛГОСРОЧНЫЕ ОБЯЗАТЕЛЬСТВА,T23_000000_t20Ved14.xlsx,42,3,False,DATA,1032251
17,ДОЛГОСРОЧНЫЕ ОБЯЗАТЕЛЬСТВА,T23_000000_t20Ved14.xlsx,42,4,False,DATA,1032251
17,ДОЛГОСРОЧНЫЕ ОБЯЗАТЕЛЬСТВА,T23_000000_t20Ved14.xlsx,42,5,False,DATA,1032251
17,ДОЛГОСРОЧНЫЕ ОБЯЗАТЕЛЬСТВА,T23_000000_t20Ved14.xlsx,42,6,False,DATA,541434
17,ДОЛГОСРОЧНЫЕ ОБЯЗАТЕЛЬСТВА,T23_000000_t20Ved14.xlsx,42,7,False,DATA,541434
17,ДОЛГОСРОЧНЫЕ ОБЯЗАТЕЛЬСТВА,T23_000000_t20Ved14.xlsx,42,8,False,DATA,60471
17,ДОЛГОСРОЧНЫЕ ОБЯЗАТЕЛЬСТВА,T23_000000_t20Ved14.xlsx,42,9,False,DATA,60471
17,ДОЛГОСРОЧНЫЕ ОБЯЗАТЕЛЬСТВА,T23_000000_t20Ved14.xlsx,42,10,False,DATA,50954
17,ДОЛГОСРОЧНЫЕ ОБЯЗАТЕЛЬСТВА,T23_000000_t20Ved14.xlsx,42,11,False,DATA,50954
17,ДОЛГОСРОЧНЫЕ ОБЯЗАТЕЛЬСТВА,T23_000000_t20Ved14.xlsx,42,12,False,DATA,-
17,ДОЛГОСРОЧНЫЕ ОБЯЗАТЕЛЬСТВА,T23_000000_t20Ved14.xlsx,42,13,False,DATA,-
17,ДОЛГОСРОЧНЫЕ ОБЯЗАТЕЛЬСТВА,T23_000000_t20Ved14.xlsx,42,14,False,DATA,-
17,ДОЛГОСРОЧНЫЕ ОБЯЗАТЕЛЬСТВА,T23_000000_t20Ved14.xlsx,42,15,False,DATA,-
17,ДОЛГОСРОЧНЫЕ ОБЯЗАТЕЛЬСТВА,T23_000000_t20Ved14.xlsx,42,16,False,DATA,868
17,ДОЛГОСРОЧНЫЕ ОБЯЗАТЕЛЬСТВА,T23_000000_t20Ved14.xlsx,42,17,False,DATA,868
17,ДОЛГОСРОЧНЫЕ ОБЯЗАТЕЛЬСТВА,T23_000000_t20Ved14.xlsx,42,18,False,DATA,28257
17,ДОЛГОСРОЧНЫЕ ОБЯЗАТЕЛЬСТВА,T23_000000_t20Ved14.xlsx,43,0,False,OKVED_CODE,"Деятельность профессиональная, научная и техническая"
17,ДОЛГОСРОЧНЫЕ ОБЯЗАТЕЛЬСТВА,T23_000000_t20Ved14.xlsx,43,1,False,OKVED_NAME,"Деятельность профессиональная, научная и техническая"
17,ДОЛГОСРОЧНЫЕ ОБЯЗАТЕЛЬСТВА,T23_000000_t20Ved14.xlsx,43,2,False,DATA,1656681
17,ДОЛГОСРОЧНЫЕ ОБЯЗАТЕЛЬСТВА,T23_000000_t20Ved14.xlsx,43,3,False,DATA,1656681
17,ДОЛГОСРОЧНЫЕ ОБЯЗАТЕЛЬСТВА,T23_000000_t20Ved14.xlsx,43,4,False,DATA,1656681
17,ДОЛГОСРОЧНЫЕ ОБЯЗАТЕЛЬСТВА,T23_000000_t20Ved14.xlsx,43,5,False,DATA,1656681
17,ДОЛГОСРОЧНЫЕ ОБЯЗАТЕЛЬСТВА,T23_000000_t20Ved14.xlsx,43,6,False,DATA,1425388
17,ДОЛГОСРОЧНЫЕ ОБЯЗАТЕЛЬСТВА,T23_000000_t20Ved14.xlsx,43,7,False,DATA,1425388
17,ДОЛГОСРОЧНЫЕ ОБЯЗАТЕЛЬСТВА,T23_000000_t20Ved14.xlsx,43,8,False,DATA,260248
17,ДОЛГОСРОЧНЫЕ ОБЯЗАТЕЛЬСТВА,T23_000000_t20Ved14.xlsx,43,9,False,DATA,260248
17,ДОЛГОСРОЧНЫЕ ОБЯЗАТЕЛЬСТВА,T23_000000_t20Ved14.xlsx,43,10,False,DATA,328761
17,ДОЛГОСРОЧНЫЕ ОБЯЗАТЕЛЬСТВА,T23_000000_t20Ved14.xlsx,43,11,False,DATA,328761
17,ДОЛГОСРОЧНЫЕ ОБЯЗАТЕЛЬСТВА,T23_000000_t20Ved14.xlsx,43,12,False,DATA,-
17,ДОЛГОСРОЧНЫЕ ОБЯЗАТЕЛЬСТВА,T23_000000_t20Ved14.xlsx,43,13,False,DATA,-
17,ДОЛГОСРОЧНЫЕ ОБЯЗАТЕЛЬСТВА,T23_000000_t20Ved14.xlsx,43,14,False,DATA,-
17,ДОЛГОСРОЧНЫЕ ОБЯЗАТЕЛЬСТВА,T23_000000_t20Ved14.xlsx,43,15,False,DATA,-
17,ДОЛГОСРОЧНЫЕ ОБЯЗАТЕЛЬСТВА,T23_000000_t20Ved14.xlsx,43,16,False,DATA,3382
17,ДОЛГОСРОЧНЫЕ ОБЯЗАТЕЛЬСТВА,T23_000000_t20Ved14.xlsx,43,17,False,DATA,3382
17,ДОЛГОСРОЧНЫЕ ОБЯЗАТЕЛЬСТВА,T23_000000_t20Ved14.xlsx,43,18,False,DATA,48298
17,ДОЛГОСРОЧНЫЕ ОБЯЗАТЕЛЬСТВА,T23_000000_t20Ved14.xlsx,44,0,False,OKVED_CODE,"деятельность в области права 
и бухгалтерского учета"
17,ДОЛГОСРОЧНЫЕ ОБЯЗАТЕЛЬСТВА,T23_000000_t20Ved14.xlsx,44,1,False,OKVED_NAME,"деятельность в области права 
и бухгалтерского учета"
17,ДОЛГОСРОЧНЫЕ ОБЯЗАТЕЛЬСТВА,T23_000000_t20Ved14.xlsx,44,2,False,DATA,94600
17,ДОЛГОСРОЧНЫЕ ОБЯЗАТЕЛЬСТВА,T23_000000_t20Ved14.xlsx,44,3,False,DATA,94600
17,ДОЛГОСРОЧНЫЕ ОБЯЗАТЕЛЬСТВА,T23_000000_t20Ved14.xlsx,44,4,False,DATA,94600
17,ДОЛГОСРОЧНЫЕ ОБЯЗАТЕЛЬСТВА,T23_000000_t20Ved14.xlsx,44,5,False,DATA,94600
17,ДОЛГОСРОЧНЫЕ ОБЯЗАТЕЛЬСТВА,T23_000000_t20Ved14.xlsx,44,6,False,DATA,-
17,ДОЛГОСРОЧНЫЕ ОБЯЗАТЕЛЬСТВА,T23_000000_t20Ved14.xlsx,44,7,False,DATA,-
17,ДОЛГОСРОЧНЫЕ ОБЯЗАТЕЛЬСТВА,T23_000000_t20Ved14.xlsx,44,8,False,DATA,219
17,ДОЛГОСРОЧНЫЕ ОБЯЗАТЕЛЬСТВА,T23_000000_t20Ved14.xlsx,44,9,False,DATA,219
17,ДОЛГОСРОЧНЫЕ ОБЯЗАТЕЛЬСТВА,T23_000000_t20Ved14.xlsx,44,10,False,DATA,219
17,ДОЛГОСРОЧНЫЕ ОБЯЗАТЕЛЬСТВА,T23_000000_t20Ved14.xlsx,44,11,False,DATA,219
17,ДОЛГОСРОЧНЫЕ ОБЯЗАТЕЛЬСТВА,T23_000000_t20Ved14.xlsx,44,12,False,DATA,-
17,ДОЛГОСРОЧНЫЕ ОБЯЗАТЕЛЬСТВА,T23_000000_t20Ved14.xlsx,44,13,False,DATA,-
17,ДОЛГОСРОЧНЫЕ ОБЯЗАТЕЛЬСТВА,T23_000000_t20Ved14.xlsx,44,14,False,DATA,-
17,ДОЛГОСРОЧНЫЕ ОБЯЗАТЕЛЬСТВА,T23_000000_t20Ved14.xlsx,44,15,False,DATA,-
17,ДОЛГОСРОЧНЫЕ ОБЯЗАТЕЛЬСТВА,T23_000000_t20Ved14.xlsx,44,16,False,DATA,-
17,ДОЛГОСРОЧНЫЕ ОБЯЗАТЕЛЬСТВА,T23_000000_t20Ved14.xlsx,44,17,False,DATA,-
17,ДОЛГОСРОЧНЫЕ ОБЯЗАТЕЛЬСТВА,T23_000000_t20Ved14.xlsx,44,18,False,DATA,-
17,ДОЛГОСРОЧНЫЕ ОБЯЗАТЕЛЬСТВА,T23_000000_t20Ved14.xlsx,45,0,False,OKVED_CODE,деятельность головных офисов; консультирование по вопросам управления
17,ДОЛГОСРОЧНЫЕ ОБЯЗАТЕЛЬСТВА,T23_000000_t20Ved14.xlsx,45,1,False,OKVED_NAME,деятельность головных офисов; консультирование по вопросам управления
17,ДОЛГОСРОЧНЫЕ ОБЯЗАТЕЛЬСТВА,T23_000000_t20Ved14.xlsx,45,2,False,DATA,-
17,ДОЛГОСРОЧНЫЕ ОБЯЗАТЕЛЬСТВА,T23_000000_t20Ved14.xlsx,45,3,False,DATA,-
17,ДОЛГОСРОЧНЫЕ ОБЯЗАТЕЛЬСТВА,T23_000000_t20Ved14.xlsx,45,4,False,DATA,-
17,ДОЛГОСРОЧНЫЕ ОБЯЗАТЕЛЬСТВА,T23_000000_t20Ved14.xlsx,45,5,False,DATA,-
17,ДОЛГОСРОЧНЫЕ ОБЯЗАТЕЛЬСТВА,T23_000000_t20Ved14.xlsx,45,6,False,DATA,-
17,ДОЛГОСРОЧНЫЕ ОБЯЗАТЕЛЬСТВА,T23_000000_t20Ved14.xlsx,45,7,False,DATA,-
17,ДОЛГОСРОЧНЫЕ ОБЯЗАТЕЛЬСТВА,T23_000000_t20Ved14.xlsx,45,8,False,DATA,21357
17,ДОЛГОСРОЧНЫЕ ОБЯЗАТЕЛЬСТВА,T23_000000_t20Ved14.xlsx,45,9,False,DATA,21357
17,ДОЛГОСРОЧНЫЕ ОБЯЗАТЕЛЬСТВА,T23_000000_t20Ved14.xlsx,45,10,False,DATA,17759
17,ДОЛГОСРОЧНЫЕ ОБЯЗАТЕЛЬСТВА,T23_000000_t20Ved14.xlsx,45,11,False,DATA,17759
17,ДОЛГОСРОЧНЫЕ ОБЯЗАТЕЛЬСТВА,T23_000000_t20Ved14.xlsx,45,12,False,DATA,-
17,ДОЛГОСРОЧНЫЕ ОБЯЗАТЕЛЬСТВА,T23_000000_t20Ved14.xlsx,45,13,False,DATA,-
17,ДОЛГОСРОЧНЫЕ ОБЯЗАТЕЛЬСТВА,T23_000000_t20Ved14.xlsx,45,14,False,DATA,-
17,ДОЛГОСРОЧНЫЕ ОБЯЗАТЕЛЬСТВА,T23_000000_t20Ved14.xlsx,45,15,False,DATA,-
17,ДОЛГОСРОЧНЫЕ ОБЯЗАТЕЛЬСТВА,T23_000000_t20Ved14.xlsx,45,16,False,DATA,682
17,ДОЛГОСРОЧНЫЕ ОБЯЗАТЕЛЬСТВА,T23_000000_t20Ved14.xlsx,45,17,False,DATA,682
17,ДОЛГОСРОЧНЫЕ ОБЯЗАТЕЛЬСТВА,T23_000000_t20Ved14.xlsx,45,18,False,DATA,726
17,ДОЛГОСРОЧНЫЕ ОБЯЗАТЕЛЬСТВА,T23_000000_t20Ved14.xlsx,46,0,False,OKVED_CODE,"деятельность в области архитектуры 
и инженерно-технического проектирования; технических испытаний, "
17,ДОЛГОСРОЧНЫЕ ОБЯЗАТЕЛЬСТВА,T23_000000_t20Ved14.xlsx,46,1,False,OKVED_NAME,"деятельность в области архитектуры 
и инженерно-технического проектирования; технических испытаний, "
17,ДОЛГОСРОЧНЫЕ ОБЯЗАТЕЛЬСТВА,T23_000000_t20Ved14.xlsx,46,2,False,DATA,1562081
17,ДОЛГОСРОЧНЫЕ ОБЯЗАТЕЛЬСТВА,T23_000000_t20Ved14.xlsx,46,3,False,DATA,1562081
17,ДОЛГОСРОЧНЫЕ ОБЯЗАТЕЛЬСТВА,T23_000000_t20Ved14.xlsx,46,4,False,DATA,1562081
17,ДОЛГОСРОЧНЫЕ ОБЯЗАТЕЛЬСТВА,T23_000000_t20Ved14.xlsx,46,5,False,DATA,1562081
17,ДОЛГОСРОЧНЫЕ ОБЯЗАТЕЛЬСТВА,T23_000000_t20Ved14.xlsx,46,6,False,DATA,1425388
17,ДОЛГОСРОЧНЫЕ ОБЯЗАТЕЛЬСТВА,T23_000000_t20Ved14.xlsx,46,7,False,DATA,1425388
17,ДОЛГОСРОЧНЫЕ ОБЯЗАТЕЛЬСТВА,T23_000000_t20Ved14.xlsx,46,8,False,DATA,238672
17,ДОЛГОСРОЧНЫЕ ОБЯЗАТЕЛЬСТВА,T23_000000_t20Ved14.xlsx,46,9,False,DATA,238672
17,ДОЛГОСРОЧНЫЕ ОБЯЗАТЕЛЬСТВА,T23_000000_t20Ved14.xlsx,46,10,False,DATA,310783
17,ДОЛГОСРОЧНЫЕ ОБЯЗАТЕЛЬСТВА,T23_000000_t20Ved14.xlsx,46,11,False,DATA,310783
17,ДОЛГОСРОЧНЫЕ ОБЯЗАТЕЛЬСТВА,T23_000000_t20Ved14.xlsx,46,12,False,DATA,-
17,ДОЛГОСРОЧНЫЕ ОБЯЗАТЕЛЬСТВА,T23_000000_t20Ved14.xlsx,46,13,False,DATA,-
17,ДОЛГОСРОЧНЫЕ ОБЯЗАТЕЛЬСТВА,T23_000000_t20Ved14.xlsx,46,14,False,DATA,-
17,ДОЛГОСРОЧНЫЕ ОБЯЗАТЕЛЬСТВА,T23_000000_t20Ved14.xlsx,46,15,False,DATA,-
17,ДОЛГОСРОЧНЫЕ ОБЯЗАТЕЛЬСТВА,T23_000000_t20Ved14.xlsx,46,16,False,DATA,1922
17,ДОЛГОСРОЧНЫЕ ОБЯЗАТЕЛЬСТВА,T23_000000_t20Ved14.xlsx,46,17,False,DATA,1922
17,ДОЛГОСРОЧНЫЕ ОБЯЗАТЕЛЬСТВА,T23_000000_t20Ved14.xlsx,46,18,False,DATA,46802
17,ДОЛГОСРОЧНЫЕ ОБЯЗАТЕЛЬСТВА,T23_000000_t20Ved14.xlsx,47,0,False,OKVED_CODE,деятельность профессиональная научная и техническая прочая
17,ДОЛГОСРОЧНЫЕ ОБЯЗАТЕЛЬСТВА,T23_000000_t20Ved14.xlsx,47,1,False,OKVED_NAME,деятельность профессиональная научная и техническая прочая
17,ДОЛГОСРОЧНЫЕ ОБЯЗАТЕЛЬСТВА,T23_000000_t20Ved14.xlsx,47,2,False,DATA,-
17,ДОЛГОСРОЧНЫЕ ОБЯЗАТЕЛЬСТВА,T23_000000_t20Ved14.xlsx,47,3,False,DATA,-
17,ДОЛГОСРОЧНЫЕ ОБЯЗАТЕЛЬСТВА,T23_000000_t20Ved14.xlsx,47,4,False,DATA,-
17,ДОЛГОСРОЧНЫЕ ОБЯЗАТЕЛЬСТВА,T23_000000_t20Ved14.xlsx,47,5,False,DATA,-
17,ДОЛГОСРОЧНЫЕ ОБЯЗАТЕЛЬСТВА,T23_000000_t20Ved14.xlsx,47,6,False,DATA,-
17,ДОЛГОСРОЧНЫЕ ОБЯЗАТЕЛЬСТВА,T23_000000_t20Ved14.xlsx,47,7,False,DATA,-
17,ДОЛГОСРОЧНЫЕ ОБЯЗАТЕЛЬСТВА,T23_000000_t20Ved14.xlsx,47,8,False,DATA,-
17,ДОЛГОСРОЧНЫЕ ОБЯЗАТЕЛЬСТВА,T23_000000_t20Ved14.xlsx,47,9,False,DATA,-
17,ДОЛГОСРОЧНЫЕ ОБЯЗАТЕЛЬСТВА,T23_000000_t20Ved14.xlsx,47,10,False,DATA,-
17,ДОЛГОСРОЧНЫЕ ОБЯЗАТЕЛЬСТВА,T23_000000_t20Ved14.xlsx,47,11,False,DATA,-
17,ДОЛГОСРОЧНЫЕ ОБЯЗАТЕЛЬСТВА,T23_000000_t20Ved14.xlsx,47,12,False,DATA,-
17,ДОЛГОСРОЧНЫЕ ОБЯЗАТЕЛЬСТВА,T23_000000_t20Ved14.xlsx,47,13,False,DATA,-
17,ДОЛГОСРОЧНЫЕ ОБЯЗАТЕЛЬСТВА,T23_000000_t20Ved14.xlsx,47,14,False,DATA,-
17,ДОЛГОСРОЧНЫЕ ОБЯЗАТЕЛЬСТВА,T23_000000_t20Ved14.xlsx,47,15,False,DATA,-
17,ДОЛГОСРОЧНЫЕ ОБЯЗАТЕЛЬСТВА,T23_000000_t20Ved14.xlsx,47,16,False,DATA,778
17,ДОЛГОСРОЧНЫЕ ОБЯЗАТЕЛЬСТВА,T23_000000_t20Ved14.xlsx,47,17,False,DATA,778
17,ДОЛГОСРОЧНЫЕ ОБЯЗАТЕЛЬСТВА,T23_000000_t20Ved14.xlsx,47,18,False,DATA,770
17,ДОЛГОСРОЧНЫЕ ОБЯЗАТЕЛЬСТВА,T23_000000_t20Ved14.xlsx,48,0,False,OKVED_CODE,"Деятельность административная 
и сопутствующие дополнительные услуги"
17,ДОЛГОСРОЧНЫЕ ОБЯЗАТЕЛЬСТВА,T23_000000_t20Ved14.xlsx,48,1,False,OKVED_NAME,"Деятельность административная 
и сопутствующие дополнительные услуги"
17,ДОЛГОСРОЧНЫЕ ОБЯЗАТЕЛЬСТВА,T23_000000_t20Ved14.xlsx,48,2,False,DATA,117600
17,ДОЛГОСРОЧНЫЕ ОБЯЗАТЕЛЬСТВА,T23_000000_t20Ved14.xlsx,48,3,False,DATA,117600
17,ДОЛГОСРОЧНЫЕ ОБЯЗАТЕЛЬСТВА,T23_000000_t20Ved14.xlsx,48,4,False,DATA,117600
17,ДОЛГОСРОЧНЫЕ ОБЯЗАТЕЛЬСТВА,T23_000000_t20Ved14.xlsx,48,5,False,DATA,117600
17,ДОЛГОСРОЧНЫЕ ОБЯЗАТЕЛЬСТВА,T23_000000_t20Ved14.xlsx,48,6,False,DATA,212585
17,ДОЛГОСРОЧНЫЕ ОБЯЗАТЕЛЬСТВА,T23_000000_t20Ved14.xlsx,48,7,False,DATA,212585
17,ДОЛГОСРОЧНЫЕ ОБЯЗАТЕЛЬСТВА,T23_000000_t20Ved14.xlsx,48,8,False,DATA,147
17,ДОЛГОСРОЧНЫЕ ОБЯЗАТЕЛЬСТВА,T23_000000_t20Ved14.xlsx,48,9,False,DATA,147
17,ДОЛГОСРОЧНЫЕ ОБЯЗАТЕЛЬСТВА,T23_000000_t20Ved14.xlsx,48,10,False,DATA,724
17,ДОЛГОСРОЧНЫЕ ОБЯЗАТЕЛЬСТВА,T23_000000_t20Ved14.xlsx,48,11,False,DATA,724
17,ДОЛГОСРОЧНЫЕ ОБЯЗАТЕЛЬСТВА,T23_000000_t20Ved14.xlsx,48,12,False,DATA,-
17,ДОЛГОСРОЧНЫЕ ОБЯЗАТЕЛЬСТВА,T23_000000_t20Ved14.xlsx,48,13,False,DATA,-
17,ДОЛГОСРОЧНЫЕ ОБЯЗАТЕЛЬСТВА,T23_000000_t20Ved14.xlsx,48,14,False,DATA,-
17,ДОЛГОСРОЧНЫЕ ОБЯЗАТЕЛЬСТВА,T23_000000_t20Ved14.xlsx,48,15,False,DATA,-
17,ДОЛГОСРОЧНЫЕ ОБЯЗАТЕЛЬСТВА,T23_000000_t20Ved14.xlsx,48,16,False,DATA,-
17,ДОЛГОСРОЧНЫЕ ОБЯЗАТЕЛЬСТВА,T23_000000_t20Ved14.xlsx,48,17,False,DATA,-
17,ДОЛГОСРОЧНЫЕ ОБЯЗАТЕЛЬСТВА,T23_000000_t20Ved14.xlsx,48,18,False,DATA,-
17,ДОЛГОСРОЧНЫЕ ОБЯЗАТЕЛЬСТВА,T23_000000_t20Ved14.xlsx,49,0,False,OKVED_CODE,"деятельность туристических агентств 
и прочих организаций, предоставляющих услуги в сфере туризма"
17,ДОЛГОСРОЧНЫЕ ОБЯЗАТЕЛЬСТВА,T23_000000_t20Ved14.xlsx,49,1,False,OKVED_NAME,"деятельность туристических агентств 
и прочих организаций, предоставляющих услуги в сфере туризма"
17,ДОЛГОСРОЧНЫЕ ОБЯЗАТЕЛЬСТВА,T23_000000_t20Ved14.xlsx,49,2,False,DATA,5100
17,ДОЛГОСРОЧНЫЕ ОБЯЗАТЕЛЬСТВА,T23_000000_t20Ved14.xlsx,49,3,False,DATA,5100
17,ДОЛГОСРОЧНЫЕ ОБЯЗАТЕЛЬСТВА,T23_000000_t20Ved14.xlsx,49,4,False,DATA,5100
17,ДОЛГОСРОЧНЫЕ ОБЯЗАТЕЛЬСТВА,T23_000000_t20Ved14.xlsx,49,5,False,DATA,5100
17,ДОЛГОСРОЧНЫЕ ОБЯЗАТЕЛЬСТВА,T23_000000_t20Ved14.xlsx,49,6,False,DATA,102175
17,ДОЛГОСРОЧНЫЕ ОБЯЗАТЕЛЬСТВА,T23_000000_t20Ved14.xlsx,49,7,False,DATA,102175
17,ДОЛГОСРОЧНЫЕ ОБЯЗАТЕЛЬСТВА,T23_000000_t20Ved14.xlsx,49,8,False,DATA,147
17,ДОЛГОСРОЧНЫЕ ОБЯЗАТЕЛЬСТВА,T23_000000_t20Ved14.xlsx,49,9,False,DATA,147
17,ДОЛГОСРОЧНЫЕ ОБЯЗАТЕЛЬСТВА,T23_000000_t20Ved14.xlsx,49,10,False,DATA,724
17,ДОЛГОСРОЧНЫЕ ОБЯЗАТЕЛЬСТВА,T23_000000_t20Ved14.xlsx,49,11,False,DATA,724
17,ДОЛГОСРОЧНЫЕ ОБЯЗАТЕЛЬСТВА,T23_000000_t20Ved14.xlsx,49,12,False,DATA,-
17,ДОЛГОСРОЧНЫЕ ОБЯЗАТЕЛЬСТВА,T23_000000_t20Ved14.xlsx,49,13,False,DATA,-
17,ДОЛГОСРОЧНЫЕ ОБЯЗАТЕЛЬСТВА,T23_000000_t20Ved14.xlsx,49,14,False,DATA,-
17,ДОЛГОСРОЧНЫЕ ОБЯЗАТЕЛЬСТВА,T23_000000_t20Ved14.xlsx,49,15,False,DATA,-
17,ДОЛГОСРОЧНЫЕ ОБЯЗАТЕЛЬСТВА,T23_000000_t20Ved14.xlsx,49,16,False,DATA,-
17,ДОЛГОСРОЧНЫЕ ОБЯЗАТЕЛЬСТВА,T23_000000_t20Ved14.xlsx,49,17,False,DATA,-
17,ДОЛГОСРОЧНЫЕ ОБЯЗАТЕЛЬСТВА,T23_000000_t20Ved14.xlsx,49,18,False,DATA,-
17,ДОЛГОСРОЧНЫЕ ОБЯЗАТЕЛЬСТВА,T23_000000_t20Ved14.xlsx,50,0,False,OKVED_CODE,"деятельность по обслуживанию зданий 
и территорий"
17,ДОЛГОСРОЧНЫЕ ОБЯЗАТЕЛЬСТВА,T23_000000_t20Ved14.xlsx,50,1,False,OKVED_NAME,"деятельность по обслуживанию зданий 
и территорий"
17,ДОЛГОСРОЧНЫЕ ОБЯЗАТЕЛЬСТВА,T23_000000_t20Ved14.xlsx,50,2,False,DATA,112500
17,ДОЛГОСРОЧНЫЕ ОБЯЗАТЕЛЬСТВА,T23_000000_t20Ved14.xlsx,50,3,False,DATA,112500
17,ДОЛГОСРОЧНЫЕ ОБЯЗАТЕЛЬСТВА,T23_000000_t20Ved14.xlsx,50,4,False,DATA,112500
17,ДОЛГОСРОЧНЫЕ ОБЯЗАТЕЛЬСТВА,T23_000000_t20Ved14.xlsx,50,5,False,DATA,112500
17,ДОЛГОСРОЧНЫЕ ОБЯЗАТЕЛЬСТВА,T23_000000_t20Ved14.xlsx,50,6,False,DATA,110410
17,ДОЛГОСРОЧНЫЕ ОБЯЗАТЕЛЬСТВА,T23_000000_t20Ved14.xlsx,50,7,False,DATA,110410
17,ДОЛГОСРОЧНЫЕ ОБЯЗАТЕЛЬСТВА,T23_000000_t20Ved14.xlsx,50,8,False,DATA,-
17,ДОЛГОСРОЧНЫЕ ОБЯЗАТЕЛЬСТВА,T23_000000_t20Ved14.xlsx,50,9,False,DATA,-
17,ДОЛГОСРОЧНЫЕ ОБЯЗАТЕЛЬСТВА,T23_000000_t20Ved14.xlsx,50,10,False,DATA,-
17,ДОЛГОСРОЧНЫЕ ОБЯЗАТЕЛЬСТВА,T23_000000_t20Ved14.xlsx,50,11,False,DATA,-
17,ДОЛГОСРОЧНЫЕ ОБЯЗАТЕЛЬСТВА,T23_000000_t20Ved14.xlsx,50,12,False,DATA,-
17,ДОЛГОСРОЧНЫЕ ОБЯЗАТЕЛЬСТВА,T23_000000_t20Ved14.xlsx,50,13,False,DATA,-
17,ДОЛГОСРОЧНЫЕ ОБЯЗАТЕЛЬСТВА,T23_000000_t20Ved14.xlsx,50,14,False,DATA,-
17,ДОЛГОСРОЧНЫЕ ОБЯЗАТЕЛЬСТВА,T23_000000_t20Ved14.xlsx,50,15,False,DATA,-
17,ДОЛГОСРОЧНЫЕ ОБЯЗАТЕЛЬСТВА,T23_000000_t20Ved14.xlsx,50,16,False,DATA,-
17,ДОЛГОСРОЧНЫЕ ОБЯЗАТЕЛЬСТВА,T23_000000_t20Ved14.xlsx,50,17,False,DATA,-
17,ДОЛГОСРОЧНЫЕ ОБЯЗАТЕЛЬСТВА,T23_000000_t20Ved14.xlsx,50,18,False,DATA,-
17,ДОЛГОСРОЧНЫЕ ОБЯЗАТЕЛЬСТВА,T23_000000_t20Ved14.xlsx,51,0,False,OKVED_CODE,
17,ДОЛГОСРОЧНЫЕ ОБЯЗАТЕЛЬСТВА,T23_000000_t20Ved14.xlsx,51,1,False,OKVED_NAME,
17,ДОЛГОСРОЧНЫЕ ОБЯЗАТЕЛЬСТВА,T23_000000_t20Ved14.xlsx,51,2,False,EMPTY,
17,ДОЛГОСРОЧНЫЕ ОБЯЗАТЕЛЬСТВА,T23_000000_t20Ved14.xlsx,51,3,False,EMPTY,
17,ДОЛГОСРОЧНЫЕ ОБЯЗАТЕЛЬСТВА,T23_000000_t20Ved14.xlsx,51,4,False,EMPTY,
17,ДОЛГОСРОЧНЫЕ ОБЯЗАТЕЛЬСТВА,T23_000000_t20Ved14.xlsx,51,5,False,EMPTY,
17,ДОЛГОСРОЧНЫЕ ОБЯЗАТЕЛЬСТВА,T23_000000_t20Ved14.xlsx,51,6,False,EMPTY,
17,ДОЛГОСРОЧНЫЕ ОБЯЗАТЕЛЬСТВА,T23_000000_t20Ved14.xlsx,51,7,False,EMPTY,
17,ДОЛГОСРОЧНЫЕ ОБЯЗАТЕЛЬСТВА,T23_000000_t20Ved14.xlsx,51,8,False,EMPTY,
17,ДОЛГОСРОЧНЫЕ ОБЯЗАТЕЛЬСТВА,T23_000000_t20Ved14.xlsx,51,9,False,EMPTY,
17,ДОЛГОСРОЧНЫЕ ОБЯЗАТЕЛЬСТВА,T23_000000_t20Ved14.xlsx,51,10,False,EMPTY,
17,ДОЛГОСРОЧНЫЕ ОБЯЗАТЕЛЬСТВА,T23_000000_t20Ved14.xlsx,51,11,False,EMPTY,
17,ДОЛГОСРОЧНЫЕ ОБЯЗАТЕЛЬСТВА,T23_000000_t20Ved14.xlsx,51,12,False,EMPTY,
17,ДОЛГОСРОЧНЫЕ ОБЯЗАТЕЛЬСТВА,T23_000000_t20Ved14.xlsx,51,13,False,DATA,Продолжение таблицы 7.
17,ДОЛГОСРОЧНЫЕ ОБЯЗАТЕЛЬСТВА,T23_000000_t20Ved14.xlsx,51,14,False,DATA,Продолжение таблицы 7.
17,ДОЛГОСРОЧНЫЕ ОБЯЗАТЕЛЬСТВА,T23_000000_t20Ved14.xlsx,51,15,False,DATA,Продолжение таблицы 7.
17,ДОЛГОСРОЧНЫЕ ОБЯЗАТЕЛЬСТВА,T23_000000_t20Ved14.xlsx,51,16,False,DATA,Продолжение таблицы 7.
17,ДОЛГОСРОЧНЫЕ ОБЯЗАТЕЛЬСТВА,T23_000000_t20Ved14.xlsx,51,17,False,DATA,Продолжение таблицы 7.
17,ДОЛГОСРОЧНЫЕ ОБЯЗАТЕЛЬСТВА,T23_000000_t20Ved14.xlsx,51,18,False,DATA,Продолжение таблицы 7.
17,ДОЛГОСРОЧНЫЕ ОБЯЗАТЕЛЬСТВА,T23_000000_t20Ved14.xlsx,52,0,False,OKVED_CODE,
17,ДОЛГОСРОЧНЫЕ ОБЯЗАТЕЛЬСТВА,T23_000000_t20Ved14.xlsx,52,1,False,OKVED_NAME,Займы и кредиты
17,ДОЛГОСРОЧНЫЕ ОБЯЗАТЕЛЬСТВА,T23_000000_t20Ved14.xlsx,52,2,False,DATA,Займы и кредиты
17,ДОЛГОСРОЧНЫЕ ОБЯЗАТЕЛЬСТВА,T23_000000_t20Ved14.xlsx,52,3,False,DATA,Займы и кредиты
17,ДОЛГОСРОЧНЫЕ ОБЯЗАТЕЛЬСТВА,T23_000000_t20Ved14.xlsx,52,4,False,DATA,Займы и кредиты
17,ДОЛГОСРОЧНЫЕ ОБЯЗАТЕЛЬСТВА,T23_000000_t20Ved14.xlsx,52,5,False,DATA,Займы и кредиты
17,ДОЛГОСРОЧНЫЕ ОБЯЗАТЕЛЬСТВА,T23_000000_t20Ved14.xlsx,52,6,False,DATA,Займы и кредиты
17,ДОЛГОСРОЧНЫЕ ОБЯЗАТЕЛЬСТВА,T23_000000_t20Ved14.xlsx,52,7,False,DATA,Отложенные налоговые обязательства
17,ДОЛГОСРОЧНЫЕ ОБЯЗАТЕЛЬСТВА,T23_000000_t20Ved14.xlsx,52,8,False,DATA,Отложенные налоговые обязательства
17,ДОЛГОСРОЧНЫЕ ОБЯЗАТЕЛЬСТВА,T23_000000_t20Ved14.xlsx,52,9,False,DATA,Отложенные налоговые обязательства
17,ДОЛГОСРОЧНЫЕ ОБЯЗАТЕЛЬСТВА,T23_000000_t20Ved14.xlsx,52,10,False,DATA,Отложенные налоговые обязательства
17,ДОЛГОСРОЧНЫЕ ОБЯЗАТЕЛЬСТВА,T23_000000_t20Ved14.xlsx,52,11,False,DATA,Оценочные обязательства
17,ДОЛГОСРОЧНЫЕ ОБЯЗАТЕЛЬСТВА,T23_000000_t20Ved14.xlsx,52,12,False,DATA,Оценочные обязательства
17,ДОЛГОСРОЧНЫЕ ОБЯЗАТЕЛЬСТВА,T23_000000_t20Ved14.xlsx,52,13,False,DATA,Оценочные обязательства
17,ДОЛГОСРОЧНЫЕ ОБЯЗАТЕЛЬСТВА,T23_000000_t20Ved14.xlsx,52,14,False,DATA,Оценочные обязательства
17,ДОЛГОСРОЧНЫЕ ОБЯЗАТЕЛЬСТВА,T23_000000_t20Ved14.xlsx,52,15,False,DATA,Прочие долгосрочные обязательства
17,ДОЛГОСРОЧНЫЕ ОБЯЗАТЕЛЬСТВА,T23_000000_t20Ved14.xlsx,52,16,False,DATA,Прочие долгосрочные обязательства
17,ДОЛГОСРОЧНЫЕ ОБЯЗАТЕЛЬСТВА,T23_000000_t20Ved14.xlsx,52,17,False,DATA,Прочие долгосрочные обязательства
17,ДОЛГОСРОЧНЫЕ ОБЯЗАТЕЛЬСТВА,T23_000000_t20Ved14.xlsx,52,18,False,DATA,Прочие долгосрочные обязательства
17,ДОЛГОСРОЧНЫЕ ОБЯЗАТЕЛЬСТВА,T23_000000_t20Ved14.xlsx,53,0,False,OKVED_CODE,
17,ДОЛГОСРОЧНЫЕ ОБЯЗАТЕЛЬСТВА,T23_000000_t20Ved14.xlsx,53,1,False,OKVED_NAME,2022
17,ДОЛГОСРОЧНЫЕ ОБЯЗАТЕЛЬСТВА,T23_000000_t20Ved14.xlsx,53,2,False,DATA,2022
17,ДОЛГОСРОЧНЫЕ ОБЯЗАТЕЛЬСТВА,T23_000000_t20Ved14.xlsx,53,3,False,DATA,2022
17,ДОЛГОСРОЧНЫЕ ОБЯЗАТЕЛЬСТВА,T23_000000_t20Ved14.xlsx,53,4,False,DATA,2022
17,ДОЛГОСРОЧНЫЕ ОБЯЗАТЕЛЬСТВА,T23_000000_t20Ved14.xlsx,53,5,False,DATA,2023
17,ДОЛГОСРОЧНЫЕ ОБЯЗАТЕЛЬСТВА,T23_000000_t20Ved14.xlsx,53,6,False,DATA,2023
17,ДОЛГОСРОЧНЫЕ ОБЯЗАТЕЛЬСТВА,T23_000000_t20Ved14.xlsx,53,7,False,DATA,2022
17,ДОЛГОСРОЧНЫЕ ОБЯЗАТЕЛЬСТВА,T23_000000_t20Ved14.xlsx,53,8,False,DATA,2022
17,ДОЛГОСРОЧНЫЕ ОБЯЗАТЕЛЬСТВА,T23_000000_t20Ved14.xlsx,53,9,False,DATA,2023
17,ДОЛГОСРОЧНЫЕ ОБЯЗАТЕЛЬСТВА,T23_000000_t20Ved14.xlsx,53,10,False,DATA,2023
17,ДОЛГОСРОЧНЫЕ ОБЯЗАТЕЛЬСТВА,T23_000000_t20Ved14.xlsx,53,11,False,DATA,2022
17,ДОЛГОСРОЧНЫЕ ОБЯЗАТЕЛЬСТВА,T23_000000_t20Ved14.xlsx,53,12,False,DATA,2022
17,ДОЛГОСРОЧНЫЕ ОБЯЗАТЕЛЬСТВА,T23_000000_t20Ved14.xlsx,53,13,False,DATA,2023
17,ДОЛГОСРОЧНЫЕ ОБЯЗАТЕЛЬСТВА,T23_000000_t20Ved14.xlsx,53,14,False,DATA,2023
17,ДОЛГОСРОЧНЫЕ ОБЯЗАТЕЛЬСТВА,T23_000000_t20Ved14.xlsx,53,15,False,DATA,2022
17,ДОЛГОСРОЧНЫЕ ОБЯЗАТЕЛЬСТВА,T23_000000_t20Ved14.xlsx,53,16,False,DATA,2022
17,ДОЛГОСРОЧНЫЕ ОБЯЗАТЕЛЬСТВА,T23_000000_t20Ved14.xlsx,53,17,False,DATA,2023
17,ДОЛГОСРОЧНЫЕ ОБЯЗАТЕЛЬСТВА,T23_000000_t20Ved14.xlsx,53,18,False,DATA,2023
17,ДОЛГОСРОЧНЫЕ ОБЯЗАТЕЛЬСТВА,T23_000000_t20Ved14.xlsx,54,0,False,OKVED_CODE,"Государственное управление 
и обеспечение военной безопасности; социальное обеспечение"
17,ДОЛГОСРОЧНЫЕ ОБЯЗАТЕЛЬСТВА,T23_000000_t20Ved14.xlsx,54,1,False,OKVED_NAME,-
17,ДОЛГОСРОЧНЫЕ ОБЯЗАТЕЛЬСТВА,T23_000000_t20Ved14.xlsx,54,2,False,DATA,-
17,ДОЛГОСРОЧНЫЕ ОБЯЗАТЕЛЬСТВА,T23_000000_t20Ved14.xlsx,54,3,False,DATA,-
17,ДОЛГОСРОЧНЫЕ ОБЯЗАТЕЛЬСТВА,T23_000000_t20Ved14.xlsx,54,4,False,DATA,-
17,ДОЛГОСРОЧНЫЕ ОБЯЗАТЕЛЬСТВА,T23_000000_t20Ved14.xlsx,54,5,False,DATA,-
17,ДОЛГОСРОЧНЫЕ ОБЯЗАТЕЛЬСТВА,T23_000000_t20Ved14.xlsx,54,6,False,DATA,-
17,ДОЛГОСРОЧНЫЕ ОБЯЗАТЕЛЬСТВА,T23_000000_t20Ved14.xlsx,54,7,False,DATA,-
17,ДОЛГОСРОЧНЫЕ ОБЯЗАТЕЛЬСТВА,T23_000000_t20Ved14.xlsx,54,8,False,DATA,-
17,ДОЛГОСРОЧНЫЕ ОБЯЗАТЕЛЬСТВА,T23_000000_t20Ved14.xlsx,54,9,False,DATA,-
17,ДОЛГОСРОЧНЫЕ ОБЯЗАТЕЛЬСТВА,T23_000000_t20Ved14.xlsx,54,10,False,DATA,-
17,ДОЛГОСРОЧНЫЕ ОБЯЗАТЕЛЬСТВА,T23_000000_t20Ved14.xlsx,54,11,False,DATA,-
17,ДОЛГОСРОЧНЫЕ ОБЯЗАТЕЛЬСТВА,T23_000000_t20Ved14.xlsx,54,12,False,DATA,-
17,ДОЛГОСРОЧНЫЕ ОБЯЗАТЕЛЬСТВА,T23_000000_t20Ved14.xlsx,54,13,False,DATA,-
17,ДОЛГОСРОЧНЫЕ ОБЯЗАТЕЛЬСТВА,T23_000000_t20Ved14.xlsx,54,14,False,DATA,-
17,ДОЛГОСРОЧНЫЕ ОБЯЗАТЕЛЬСТВА,T23_000000_t20Ved14.xlsx,54,15,False,DATA,-
17,ДОЛГОСРОЧНЫЕ ОБЯЗАТЕЛЬСТВА,T23_000000_t20Ved14.xlsx,54,16,False,DATA,-
17,ДОЛГОСРОЧНЫЕ ОБЯЗАТЕЛЬСТВА,T23_000000_t20Ved14.xlsx,54,17,False,DATA,102947
17,ДОЛГОСРОЧНЫЕ ОБЯЗАТЕЛЬСТВА,T23_000000_t20Ved14.xlsx,54,18,False,DATA,102947
17,ДОЛГОСРОЧНЫЕ ОБЯЗАТЕЛЬСТВА,T23_000000_t20Ved14.xlsx,55,0,False,OKVED_CODE,"деятельность органов государственного управления 
по обеспечению военной безопасности, обязательному"
17,ДОЛГОСРОЧНЫЕ ОБЯЗАТЕЛЬСТВА,T23_000000_t20Ved14.xlsx,55,1,False,OKVED_NAME,-
17,ДОЛГОСРОЧНЫЕ ОБЯЗАТЕЛЬСТВА,T23_000000_t20Ved14.xlsx,55,2,False,DATA,-
17,ДОЛГОСРОЧНЫЕ ОБЯЗАТЕЛЬСТВА,T23_000000_t20Ved14.xlsx,55,3,False,DATA,-
17,ДОЛГОСРОЧНЫЕ ОБЯЗАТЕЛЬСТВА,T23_000000_t20Ved14.xlsx,55,4,False,DATA,-
17,ДОЛГОСРОЧНЫЕ ОБЯЗАТЕЛЬСТВА,T23_000000_t20Ved14.xlsx,55,5,False,DATA,-
17,ДОЛГОСРОЧНЫЕ ОБЯЗАТЕЛЬСТВА,T23_000000_t20Ved14.xlsx,55,6,False,DATA,-
17,ДОЛГОСРОЧНЫЕ ОБЯЗАТЕЛЬСТВА,T23_000000_t20Ved14.xlsx,55,7,False,DATA,-
17,ДОЛГОСРОЧНЫЕ ОБЯЗАТЕЛЬСТВА,T23_000000_t20Ved14.xlsx,55,8,False,DATA,-
17,ДОЛГОСРОЧНЫЕ ОБЯЗАТЕЛЬСТВА,T23_000000_t20Ved14.xlsx,55,9,False,DATA,-
17,ДОЛГОСРОЧНЫЕ ОБЯЗАТЕЛЬСТВА,T23_000000_t20Ved14.xlsx,55,10,False,DATA,-
17,ДОЛГОСРОЧНЫЕ ОБЯЗАТЕЛЬСТВА,T23_000000_t20Ved14.xlsx,55,11,False,DATA,-
17,ДОЛГОСРОЧНЫЕ ОБЯЗАТЕЛЬСТВА,T23_000000_t20Ved14.xlsx,55,12,False,DATA,-
17,ДОЛГОСРОЧНЫЕ ОБЯЗАТЕЛЬСТВА,T23_000000_t20Ved14.xlsx,55,13,False,DATA,-
17,ДОЛГОСРОЧНЫЕ ОБЯЗАТЕЛЬСТВА,T23_000000_t20Ved14.xlsx,55,14,False,DATA,-
17,ДОЛГОСРОЧНЫЕ ОБЯЗАТЕЛЬСТВА,T23_000000_t20Ved14.xlsx,55,15,False,DATA,-
17,ДОЛГОСРОЧНЫЕ ОБЯЗАТЕЛЬСТВА,T23_000000_t20Ved14.xlsx,55,16,False,DATA,-
17,ДОЛГОСРОЧНЫЕ ОБЯЗАТЕЛЬСТВА,T23_000000_t20Ved14.xlsx,55,17,False,DATA,102947
17,ДОЛГОСРОЧНЫЕ ОБЯЗАТЕЛЬСТВА,T23_000000_t20Ved14.xlsx,55,18,False,DATA,102947
17,ДОЛГОСРОЧНЫЕ ОБЯЗАТЕЛЬСТВА,T23_000000_t20Ved14.xlsx,56,0,False,OKVED_CODE,Деятельность в области здравоохранения и социальных услуг
17,ДОЛГОСРОЧНЫЕ ОБЯЗАТЕЛЬСТВА,T23_000000_t20Ved14.xlsx,56,1,False,OKVED_NAME,110000
17,ДОЛГОСРОЧНЫЕ ОБЯЗАТЕЛЬСТВА,T23_000000_t20Ved14.xlsx,56,2,False,DATA,110000
17,ДОЛГОСРОЧНЫЕ ОБЯЗАТЕЛЬСТВА,T23_000000_t20Ved14.xlsx,56,3,False,DATA,110000
17,ДОЛГОСРОЧНЫЕ ОБЯЗАТЕЛЬСТВА,T23_000000_t20Ved14.xlsx,56,4,False,DATA,306896
17,ДОЛГОСРОЧНЫЕ ОБЯЗАТЕЛЬСТВА,T23_000000_t20Ved14.xlsx,56,5,False,DATA,306896
17,ДОЛГОСРОЧНЫЕ ОБЯЗАТЕЛЬСТВА,T23_000000_t20Ved14.xlsx,56,6,False,DATA,306896
17,ДОЛГОСРОЧНЫЕ ОБЯЗАТЕЛЬСТВА,T23_000000_t20Ved14.xlsx,56,7,False,DATA,782
17,ДОЛГОСРОЧНЫЕ ОБЯЗАТЕЛЬСТВА,T23_000000_t20Ved14.xlsx,56,8,False,DATA,782
17,ДОЛГОСРОЧНЫЕ ОБЯЗАТЕЛЬСТВА,T23_000000_t20Ved14.xlsx,56,9,False,DATA,775
17,ДОЛГОСРОЧНЫЕ ОБЯЗАТЕЛЬСТВА,T23_000000_t20Ved14.xlsx,56,10,False,DATA,775
17,ДОЛГОСРОЧНЫЕ ОБЯЗАТЕЛЬСТВА,T23_000000_t20Ved14.xlsx,56,11,False,DATA,-
17,ДОЛГОСРОЧНЫЕ ОБЯЗАТЕЛЬСТВА,T23_000000_t20Ved14.xlsx,56,12,False,DATA,-
17,ДОЛГОСРОЧНЫЕ ОБЯЗАТЕЛЬСТВА,T23_000000_t20Ved14.xlsx,56,13,False,DATA,-
17,ДОЛГОСРОЧНЫЕ ОБЯЗАТЕЛЬСТВА,T23_000000_t20Ved14.xlsx,56,14,False,DATA,-
17,ДОЛГОСРОЧНЫЕ ОБЯЗАТЕЛЬСТВА,T23_000000_t20Ved14.xlsx,56,15,False,DATA,-
17,ДОЛГОСРОЧНЫЕ ОБЯЗАТЕЛЬСТВА,T23_000000_t20Ved14.xlsx,56,16,False,DATA,-
17,ДОЛГОСРОЧНЫЕ ОБЯЗАТЕЛЬСТВА,T23_000000_t20Ved14.xlsx,56,17,False,DATA,-
17,ДОЛГОСРОЧНЫЕ ОБЯЗАТЕЛЬСТВА,T23_000000_t20Ved14.xlsx,56,18,False,DATA,-
17,ДОЛГОСРОЧНЫЕ ОБЯЗАТЕЛЬСТВА,T23_000000_t20Ved14.xlsx,57,0,False,OKVED_CODE,деятельность в области здравоохранения
17,ДОЛГОСРОЧНЫЕ ОБЯЗАТЕЛЬСТВА,T23_000000_t20Ved14.xlsx,57,1,False,OKVED_NAME,110000
17,ДОЛГОСРОЧНЫЕ ОБЯЗАТЕЛЬСТВА,T23_000000_t20Ved14.xlsx,57,2,False,DATA,110000
17,ДОЛГОСРОЧНЫЕ ОБЯЗАТЕЛЬСТВА,T23_000000_t20Ved14.xlsx,57,3,False,DATA,110000
17,ДОЛГОСРОЧНЫЕ ОБЯЗАТЕЛЬСТВА,T23_000000_t20Ved14.xlsx,57,4,False,DATA,306896
17,ДОЛГОСРОЧНЫЕ ОБЯЗАТЕЛЬСТВА,T23_000000_t20Ved14.xlsx,57,5,False,DATA,306896
17,ДОЛГОСРОЧНЫЕ ОБЯЗАТЕЛЬСТВА,T23_000000_t20Ved14.xlsx,57,6,False,DATA,306896
17,ДОЛГОСРОЧНЫЕ ОБЯЗАТЕЛЬСТВА,T23_000000_t20Ved14.xlsx,57,7,False,DATA,782
17,ДОЛГОСРОЧНЫЕ ОБЯЗАТЕЛЬСТВА,T23_000000_t20Ved14.xlsx,57,8,False,DATA,782
17,ДОЛГОСРОЧНЫЕ ОБЯЗАТЕЛЬСТВА,T23_000000_t20Ved14.xlsx,57,9,False,DATA,775
17,ДОЛГОСРОЧНЫЕ ОБЯЗАТЕЛЬСТВА,T23_000000_t20Ved14.xlsx,57,10,False,DATA,775
17,ДОЛГОСРОЧНЫЕ ОБЯЗАТЕЛЬСТВА,T23_000000_t20Ved14.xlsx,57,11,False,DATA,-
17,ДОЛГОСРОЧНЫЕ ОБЯЗАТЕЛЬСТВА,T23_000000_t20Ved14.xlsx,57,12,False,DATA,-
17,ДОЛГОСРОЧНЫЕ ОБЯЗАТЕЛЬСТВА,T23_000000_t20Ved14.xlsx,57,13,False,DATA,-
17,ДОЛГОСРОЧНЫЕ ОБЯЗАТЕЛЬСТВА,T23_000000_t20Ved14.xlsx,57,14,False,DATA,-
17,ДОЛГОСРОЧНЫЕ ОБЯЗАТЕЛЬСТВА,T23_000000_t20Ved14.xlsx,57,15,False,DATA,-
17,ДОЛГОСРОЧНЫЕ ОБЯЗАТЕЛЬСТВА,T23_000000_t20Ved14.xlsx,57,16,False,DATA,-
17,ДОЛГОСРОЧНЫЕ ОБЯЗАТЕЛЬСТВА,T23_000000_t20Ved14.xlsx,57,17,False,DATA,-
17,ДОЛГОСРОЧНЫЕ ОБЯЗАТЕЛЬСТВА,T23_000000_t20Ved14.xlsx,57,18,False,DATA,-
17,ДОЛГОСРОЧНЫЕ ОБЯЗАТЕЛЬСТВА,T23_000000_t20Ved14.xlsx,58,0,False,OKVED_CODE,Предоставление прочих видов услуг
17,ДОЛГОСРОЧНЫЕ ОБЯЗАТЕЛЬСТВА,T23_000000_t20Ved14.xlsx,58,1,False,OKVED_NAME,-
17,ДОЛГОСРОЧНЫЕ ОБЯЗАТЕЛЬСТВА,T23_000000_t20Ved14.xlsx,58,2,False,DATA,-
17,ДОЛГОСРОЧНЫЕ ОБЯЗАТЕЛЬСТВА,T23_000000_t20Ved14.xlsx,58,3,False,DATA,-
17,ДОЛГОСРОЧНЫЕ ОБЯЗАТЕЛЬСТВА,T23_000000_t20Ved14.xlsx,58,4,False,DATA,-
17,ДОЛГОСРОЧНЫЕ ОБЯЗАТЕЛЬСТВА,T23_000000_t20Ved14.xlsx,58,5,False,DATA,-
17,ДОЛГОСРОЧНЫЕ ОБЯЗАТЕЛЬСТВА,T23_000000_t20Ved14.xlsx,58,6,False,DATA,-
17,ДОЛГОСРОЧНЫЕ ОБЯЗАТЕЛЬСТВА,T23_000000_t20Ved14.xlsx,58,7,False,DATA,-
17,ДОЛГОСРОЧНЫЕ ОБЯЗАТЕЛЬСТВА,T23_000000_t20Ved14.xlsx,58,8,False,DATA,-
17,ДОЛГОСРОЧНЫЕ ОБЯЗАТЕЛЬСТВА,T23_000000_t20Ved14.xlsx,58,9,False,DATA,-
17,ДОЛГОСРОЧНЫЕ ОБЯЗАТЕЛЬСТВА,T23_000000_t20Ved14.xlsx,58,10,False,DATA,-
17,ДОЛГОСРОЧНЫЕ ОБЯЗАТЕЛЬСТВА,T23_000000_t20Ved14.xlsx,58,11,False,DATA,-
17,ДОЛГОСРОЧНЫЕ ОБЯЗАТЕЛЬСТВА,T23_000000_t20Ved14.xlsx,58,12,False,DATA,-
17,ДОЛГОСРОЧНЫЕ ОБЯЗАТЕЛЬСТВА,T23_000000_t20Ved14.xlsx,58,13,False,DATA,-
17,ДОЛГОСРОЧНЫЕ ОБЯЗАТЕЛЬСТВА,T23_000000_t20Ved14.xlsx,58,14,False,DATA,-
17,ДОЛГОСРОЧНЫЕ ОБЯЗАТЕЛЬСТВА,T23_000000_t20Ved14.xlsx,58,15,False,DATA,353
17,ДОЛГОСРОЧНЫЕ ОБЯЗАТЕЛЬСТВА,T23_000000_t20Ved14.xlsx,58,16,False,DATA,353
17,ДОЛГОСРОЧНЫЕ ОБЯЗАТЕЛЬСТВА,T23_000000_t20Ved14.xlsx,58,17,False,DATA,265
17,ДОЛГОСРОЧНЫЕ ОБЯЗАТЕЛЬСТВА,T23_000000_t20Ved14.xlsx,58,18,False,DATA,265
17,ДОЛГОСРОЧНЫЕ ОБЯЗАТЕЛЬСТВА,T23_000000_t20Ved14.xlsx,59,0,False,OKVED_CODE,деятельность общественных и прочих некоммерческих организаций
17,ДОЛГОСРОЧНЫЕ ОБЯЗАТЕЛЬСТВА,T23_000000_t20Ved14.xlsx,59,1,False,OKVED_NAME,-
17,ДОЛГОСРОЧНЫЕ ОБЯЗАТЕЛЬСТВА,T23_000000_t20Ved14.xlsx,59,2,False,DATA,-
17,ДОЛГОСРОЧНЫЕ ОБЯЗАТЕЛЬСТВА,T23_000000_t20Ved14.xlsx,59,3,False,DATA,-
17,ДОЛГОСРОЧНЫЕ ОБЯЗАТЕЛЬСТВА,T23_000000_t20Ved14.xlsx,59,4,False,DATA,-
17,ДОЛГОСРОЧНЫЕ ОБЯЗАТЕЛЬСТВА,T23_000000_t20Ved14.xlsx,59,5,False,DATA,-
17,ДОЛГОСРОЧНЫЕ ОБЯЗАТЕЛЬСТВА,T23_000000_t20Ved14.xlsx,59,6,False,DATA,-
17,ДОЛГОСРОЧНЫЕ ОБЯЗАТЕЛЬСТВА,T23_000000_t20Ved14.xlsx,59,7,False,DATA,-
17,ДОЛГОСРОЧНЫЕ ОБЯЗАТЕЛЬСТВА,T23_000000_t20Ved14.xlsx,59,8,False,DATA,-
17,ДОЛГОСРОЧНЫЕ ОБЯЗАТЕЛЬСТВА,T23_000000_t20Ved14.xlsx,59,9,False,DATA,-
17,ДОЛГОСРОЧНЫЕ ОБЯЗАТЕЛЬСТВА,T23_000000_t20Ved14.xlsx,59,10,False,DATA,-
17,ДОЛГОСРОЧНЫЕ ОБЯЗАТЕЛЬСТВА,T23_000000_t20Ved14.xlsx,59,11,False,DATA,-
17,ДОЛГОСРОЧНЫЕ ОБЯЗАТЕЛЬСТВА,T23_000000_t20Ved14.xlsx,59,12,False,DATA,-
17,ДОЛГОСРОЧНЫЕ ОБЯЗАТЕЛЬСТВА,T23_000000_t20Ved14.xlsx,59,13,False,DATA,-
17,ДОЛГОСРОЧНЫЕ ОБЯЗАТЕЛЬСТВА,T23_000000_t20Ved14.xlsx,59,14,False,DATA,-
17,ДОЛГОСРОЧНЫЕ ОБЯЗАТЕЛЬСТВА,T23_000000_t20Ved14.xlsx,59,15,False,DATA,353
17,ДОЛГОСРОЧНЫЕ ОБЯЗАТЕЛЬСТВА,T23_000000_t20Ved14.xlsx,59,16,False,DATA,353
17,ДОЛГОСРОЧНЫЕ ОБЯЗАТЕЛЬСТВА,T23_000000_t20Ved14.xlsx,59,17,False,DATA,265
17,ДОЛГОСРОЧНЫЕ ОБЯЗАТЕЛЬСТВА,T23_000000_t20Ved14.xlsx,59,18,False,DATA,265
18,UNKNOWN,UNKNOWN,0,0,True,HEADER,
18,UNKNOWN,UNKNOWN,0,1,True,HEADER,
18,UNKNOWN,UNKNOWN,0,2,True,HEADER,
18,UNKNOWN,UNKNOWN,0,3,True,HEADER,
18,UNKNOWN,UNKNOWN,0,4,True,HEADER,
18,UNKNOWN,UNKNOWN,0,5,True,HEADER,
18,UNKNOWN,UNKNOWN,0,6,True,HEADER,тысяч рублей
18,UNKNOWN,UNKNOWN,0,7,True,HEADER,тысяч рублей
18,UNKNOWN,UNKNOWN,1,0,True,HEADER,
18,UNKNOWN,UNKNOWN,1,1,True,HEADER,Займы и кредиты
18,UNKNOWN,UNKNOWN,1,2,True,HEADER,Займы и кредиты
18,UNKNOWN,UNKNOWN,1,3,True,HEADER,Кредиторская задолженность
18,UNKNOWN,UNKNOWN,1,4,True,HEADER,Кредиторская задолженность
18,UNKNOWN,UNKNOWN,1,5,True,HEADER,Кредиторская задолженность
18,UNKNOWN,UNKNOWN,1,6,True,HEADER,Доходы будущих периодов
18,UNKNOWN,UNKNOWN,1,7,True,HEADER,Доходы будущих периодов
18,UNKNOWN,UNKNOWN,2,0,False,OKVED_CODE,
18,UNKNOWN,UNKNOWN,2,1,False,OKVED_NAME,2022
18,UNKNOWN,UNKNOWN,2,2,False,DATA,2023
18,UNKNOWN,UNKNOWN,2,3,False,DATA,2022
18,UNKNOWN,UNKNOWN,2,4,False,DATA,2023
18,UNKNOWN,UNKNOWN,2,5,False,DATA,2023
18,UNKNOWN,UNKNOWN,2,6,False,DATA,2022
18,UNKNOWN,UNKNOWN,2,7,False,DATA,2023
18,UNKNOWN,UNKNOWN,3,0,False,OKVED_CODE,Всего по обследуемым видам экономической деятельности
18,UNKNOWN,UNKNOWN,3,1,False,OKVED_NAME,50285659
18,UNKNOWN,UNKNOWN,3,2,False,DATA,54241956
18,UNKNOWN,UNKNOWN,3,3,False,DATA,92075546
18,UNKNOWN,UNKNOWN,3,4,False,DATA,97578301
18,UNKNOWN,UNKNOWN,3,5,False,DATA,97578301
18,UNKNOWN,UNKNOWN,3,6,False,DATA,1368278
18,UNKNOWN,UNKNOWN,3,7,False,DATA,1517754
18,UNKNOWN,UNKNOWN,4,0,False,OKVED_CODE,"Сельское, лесное хозяйство, охота, рыболовство и рыбоводство"
18,UNKNOWN,UNKNOWN,4,1,False,OKVED_NAME,21322966
18,UNKNOWN,UNKNOWN,4,2,False,DATA,24941598
18,UNKNOWN,UNKNOWN,4,3,False,DATA,29395388
18,UNKNOWN,UNKNOWN,4,4,False,DATA,32740626
18,UNKNOWN,UNKNOWN,4,5,False,DATA,32740626
18,UNKNOWN,UNKNOWN,4,6,False,DATA,38328
18,UNKNOWN,UNKNOWN,4,7,False,DATA,131365
18,UNKNOWN,UNKNOWN,5,0,False,OKVED_CODE,"растениеводство и животноводство, охота и предоставление соответствующих услуг в этих областях"
18,UNKNOWN,UNKNOWN,5,1,False,OKVED_NAME,647961
18,UNKNOWN,UNKNOWN,5,2,False,DATA,765835
18,UNKNOWN,UNKNOWN,5,3,False,DATA,482694
18,UNKNOWN,UNKNOWN,5,4,False,DATA,618758
18,UNKNOWN,UNKNOWN,5,5,False,DATA,618758
18,UNKNOWN,UNKNOWN,5,6,False,DATA,12230
18,UNKNOWN,UNKNOWN,5,7,False,DATA,115124
18,UNKNOWN,UNKNOWN,6,0,False,OKVED_CODE,рыболовство и рыбоводство
18,UNKNOWN,UNKNOWN,6,1,False,OKVED_NAME,20675005
18,UNKNOWN,UNKNOWN,6,2,False,DATA,24175763
18,UNKNOWN,UNKNOWN,6,3,False,DATA,28912694
18,UNKNOWN,UNKNOWN,6,4,False,DATA,32121868
18,UNKNOWN,UNKNOWN,6,5,False,DATA,32121868
18,UNKNOWN,UNKNOWN,6,6,False,DATA,26098
18,UNKNOWN,UNKNOWN,6,7,False,DATA,16241
18,UNKNOWN,UNKNOWN,7,0,False,OKVED_CODE,Добыча полезных ископаемых
18,UNKNOWN,UNKNOWN,7,1,False,OKVED_NAME,13990567
18,UNKNOWN,UNKNOWN,7,2,False,DATA,16789519
18,UNKNOWN,UNKNOWN,7,3,False,DATA,5145388
18,UNKNOWN,UNKNOWN,7,4,False,DATA,3648884
18,UNKNOWN,UNKNOWN,7,5,False,DATA,3648884
18,UNKNOWN,UNKNOWN,7,6,False,DATA,640054
18,UNKNOWN,UNKNOWN,7,7,False,DATA,614944
18,UNKNOWN,UNKNOWN,8,0,False,OKVED_CODE,добыча металлических руд
18,UNKNOWN,UNKNOWN,8,1,False,OKVED_NAME,13990567
18,UNKNOWN,UNKNOWN,8,2,False,DATA,16789519
18,UNKNOWN,UNKNOWN,8,3,False,DATA,5145388
18,UNKNOWN,UNKNOWN,8,4,False,DATA,3648884
18,UNKNOWN,UNKNOWN,8,5,False,DATA,3648884
18,UNKNOWN,UNKNOWN,8,6,False,DATA,640054
18,UNKNOWN,UNKNOWN,8,7,False,DATA,614944
18,UNKNOWN,UNKNOWN,9,0,False,OKVED_CODE,Обрабатывающие производства
18,UNKNOWN,UNKNOWN,9,1,False,OKVED_NAME,3634292
18,UNKNOWN,UNKNOWN,9,2,False,DATA,3401293
18,UNKNOWN,UNKNOWN,9,3,False,DATA,8187558
18,UNKNOWN,UNKNOWN,9,4,False,DATA,6939603
18,UNKNOWN,UNKNOWN,9,5,False,DATA,6939603
18,UNKNOWN,UNKNOWN,9,6,False,DATA,33994
18,UNKNOWN,UNKNOWN,9,7,False,DATA,39646
18,UNKNOWN,UNKNOWN,10,0,False,OKVED_CODE,производство пищевых продуктов
18,UNKNOWN,UNKNOWN,10,1,False,OKVED_NAME,3273869
18,UNKNOWN,UNKNOWN,10,2,False,DATA,3246724
18,UNKNOWN,UNKNOWN,10,3,False,DATA,3308992
18,UNKNOWN,UNKNOWN,10,4,False,DATA,5050115
18,UNKNOWN,UNKNOWN,10,5,False,DATA,5050115
18,UNKNOWN,UNKNOWN,10,6,False,DATA,33994
18,UNKNOWN,UNKNOWN,10,7,False,DATA,39646
18,UNKNOWN,UNKNOWN,11,0,False,OKVED_CODE,производство напитков
18,UNKNOWN,UNKNOWN,11,1,False,OKVED_NAME,-
18,UNKNOWN,UNKNOWN,11,2,False,DATA,-
18,UNKNOWN,UNKNOWN,11,3,False,DATA,49193
18,UNKNOWN,UNKNOWN,11,4,False,DATA,55191
18,UNKNOWN,UNKNOWN,11,5,False,DATA,55191
18,UNKNOWN,UNKNOWN,11,6,False,DATA,-
18,UNKNOWN,UNKNOWN,11,7,False,DATA,-
18,UNKNOWN,UNKNOWN,12,0,False,OKVED_CODE,производство прочих готовых изделий
18,UNKNOWN,UNKNOWN,12,1,False,OKVED_NAME,-
18,UNKNOWN,UNKNOWN,12,2,False,DATA,-
18,UNKNOWN,UNKNOWN,12,3,False,DATA,25137
18,UNKNOWN,UNKNOWN,12,4,False,DATA,12989
18,UNKNOWN,UNKNOWN,12,5,False,DATA,12989
18,UNKNOWN,UNKNOWN,12,6,False,DATA,-
18,UNKNOWN,UNKNOWN,12,7,False,DATA,-
18,UNKNOWN,UNKNOWN,13,0,False,OKVED_CODE,ремонт и монтаж машин и оборудования
18,UNKNOWN,UNKNOWN,13,1,False,OKVED_NAME,360423
18,UNKNOWN,UNKNOWN,13,2,False,DATA,154569
18,UNKNOWN,UNKNOWN,13,3,False,DATA,4804230
18,UNKNOWN,UNKNOWN,13,4,False,DATA,1821302
18,UNKNOWN,UNKNOWN,13,5,False,DATA,1821302
18,UNKNOWN,UNKNOWN,13,6,False,DATA,-
18,UNKNOWN,UNKNOWN,13,7,False,DATA,-
18,UNKNOWN,UNKNOWN,14,0,False,OKVED_CODE,"Обеспечение электрической энергией, газом и паром; кондиционирование воздуха"
18,UNKNOWN,UNKNOWN,14,1,False,OKVED_NAME,7276435
18,UNKNOWN,UNKNOWN,14,2,False,DATA,5009727
18,UNKNOWN,UNKNOWN,14,3,False,DATA,11308768
18,UNKNOWN,UNKNOWN,14,4,False,DATA,11677239
18,UNKNOWN,UNKNOWN,14,5,False,DATA,11677239
18,UNKNOWN,UNKNOWN,14,6,False,DATA,277398
18,UNKNOWN,UNKNOWN,14,7,False,DATA,333138
18,UNKNOWN,UNKNOWN,15,0,False,OKVED_CODE,"обеспечение электрической энергией, газом и паром; кондиционирование воздуха"
18,UNKNOWN,UNKNOWN,15,1,False,OKVED_NAME,7276435
18,UNKNOWN,UNKNOWN,15,2,False,DATA,5009727
18,UNKNOWN,UNKNOWN,15,3,False,DATA,11308768
18,UNKNOWN,UNKNOWN,15,4,False,DATA,11677239
18,UNKNOWN,UNKNOWN,15,5,False,DATA,11677239
18,UNKNOWN,UNKNOWN,15,6,False,DATA,277398
18,UNKNOWN,UNKNOWN,15,7,False,DATA,333138
18,UNKNOWN,UNKNOWN,16,0,False,OKVED_CODE,"Водоснабжение; водоотведение, организация сбора и утилизации отходов, деятельность по ликвидации заг"
18,UNKNOWN,UNKNOWN,16,1,False,OKVED_NAME,48469
18,UNKNOWN,UNKNOWN,16,2,False,DATA,446
18,UNKNOWN,UNKNOWN,16,3,False,DATA,1262896
18,UNKNOWN,UNKNOWN,16,4,False,DATA,1253347
18,UNKNOWN,UNKNOWN,16,5,False,DATA,1253347
18,UNKNOWN,UNKNOWN,16,6,False,DATA,265148
18,UNKNOWN,UNKNOWN,16,7,False,DATA,313584
18,UNKNOWN,UNKNOWN,17,0,False,OKVED_CODE,"забор, очистка и распределение воды"
18,UNKNOWN,UNKNOWN,17,1,False,OKVED_NAME,28901
18,UNKNOWN,UNKNOWN,17,2,False,DATA,371
18,UNKNOWN,UNKNOWN,17,3,False,DATA,1153538
18,UNKNOWN,UNKNOWN,17,4,False,DATA,1132290
18,UNKNOWN,UNKNOWN,17,5,False,DATA,1132290
18,UNKNOWN,UNKNOWN,17,6,False,DATA,187056
18,UNKNOWN,UNKNOWN,17,7,False,DATA,243347
18,UNKNOWN,UNKNOWN,18,0,False,OKVED_CODE,
18,UNKNOWN,UNKNOWN,18,1,False,OKVED_NAME,
18,UNKNOWN,UNKNOWN,18,2,False,EMPTY,
18,UNKNOWN,UNKNOWN,18,3,False,EMPTY,
18,UNKNOWN,UNKNOWN,18,4,False,EMPTY,
18,UNKNOWN,UNKNOWN,18,5,False,EMPTY,
18,UNKNOWN,UNKNOWN,18,6,False,EMPTY,
18,UNKNOWN,UNKNOWN,18,7,False,EMPTY,
18,UNKNOWN,UNKNOWN,19,0,False,OKVED_CODE,Продолжение таблицы 8.
18,UNKNOWN,UNKNOWN,19,1,False,OKVED_NAME,Продолжение таблицы 8.
18,UNKNOWN,UNKNOWN,19,2,False,DATA,Продолжение таблицы 8.
18,UNKNOWN,UNKNOWN,19,3,False,DATA,Продолжение таблицы 8.
18,UNKNOWN,UNKNOWN,19,4,False,DATA,Продолжение таблицы 8.
18,UNKNOWN,UNKNOWN,19,5,False,DATA,Продолжение таблицы 8.
18,UNKNOWN,UNKNOWN,19,6,False,DATA,Продолжение таблицы 8.
18,UNKNOWN,UNKNOWN,19,7,False,DATA,Продолжение таблицы 8.
18,UNKNOWN,UNKNOWN,20,0,False,OKVED_CODE,
18,UNKNOWN,UNKNOWN,20,1,False,OKVED_NAME,Займы и кредиты
18,UNKNOWN,UNKNOWN,20,2,False,DATA,Займы и кредиты
18,UNKNOWN,UNKNOWN,20,3,False,DATA,Кредиторская задолженность
18,UNKNOWN,UNKNOWN,20,4,False,DATA,Кредиторская задолженность
18,UNKNOWN,UNKNOWN,20,5,False,DATA,Кредиторская задолженность
18,UNKNOWN,UNKNOWN,20,6,False,DATA,Доходы будущих периодов
18,UNKNOWN,UNKNOWN,20,7,False,DATA,Доходы будущих периодов
18,UNKNOWN,UNKNOWN,21,0,False,OKVED_CODE,
18,UNKNOWN,UNKNOWN,21,1,False,OKVED_NAME,2022
18,UNKNOWN,UNKNOWN,21,2,False,DATA,2023
18,UNKNOWN,UNKNOWN,21,3,False,DATA,2022
18,UNKNOWN,UNKNOWN,21,4,False,DATA,2023
18,UNKNOWN,UNKNOWN,21,5,False,DATA,2023
18,UNKNOWN,UNKNOWN,21,6,False,DATA,2022
18,UNKNOWN,UNKNOWN,21,7,False,DATA,2023
18,UNKNOWN,UNKNOWN,22,0,False,OKVED_CODE,"сбор, обработка и утилизация отходов; обработка вторичного сырья"
18,UNKNOWN,UNKNOWN,22,1,False,OKVED_NAME,19568
18,UNKNOWN,UNKNOWN,22,2,False,DATA,75
18,UNKNOWN,UNKNOWN,22,3,False,DATA,109358
18,UNKNOWN,UNKNOWN,22,4,False,DATA,121057
18,UNKNOWN,UNKNOWN,22,5,False,DATA,121057
18,UNKNOWN,UNKNOWN,22,6,False,DATA,78092
18,UNKNOWN,UNKNOWN,22,7,False,DATA,70237
18,UNKNOWN,UNKNOWN,23,0,False,OKVED_CODE,Строительство
18,UNKNOWN,UNKNOWN,23,1,False,OKVED_NAME,490725
18,UNKNOWN,UNKNOWN,23,2,False,DATA,206262
18,UNKNOWN,UNKNOWN,23,3,False,DATA,15938612
18,UNKNOWN,UNKNOWN,23,4,False,DATA,21218619
18,UNKNOWN,UNKNOWN,23,5,False,DATA,21218619
18,UNKNOWN,UNKNOWN,23,6,False,DATA,-
18,UNKNOWN,UNKNOWN,23,7,False,DATA,-
18,UNKNOWN,UNKNOWN,24,0,False,OKVED_CODE,строительство зданий
18,UNKNOWN,UNKNOWN,24,1,False,OKVED_NAME,278749
18,UNKNOWN,UNKNOWN,24,2,False,DATA,206262
18,UNKNOWN,UNKNOWN,24,3,False,DATA,12039801
18,UNKNOWN,UNKNOWN,24,4,False,DATA,16237406
18,UNKNOWN,UNKNOWN,24,5,False,DATA,16237406
18,UNKNOWN,UNKNOWN,24,6,False,DATA,-
18,UNKNOWN,UNKNOWN,24,7,False,DATA,-
18,UNKNOWN,UNKNOWN,25,0,False,OKVED_CODE,строительство инженерных сооружений
18,UNKNOWN,UNKNOWN,25,1,False,OKVED_NAME,211869
18,UNKNOWN,UNKNOWN,25,2,False,DATA,-
18,UNKNOWN,UNKNOWN,25,3,False,DATA,3819401
18,UNKNOWN,UNKNOWN,25,4,False,DATA,4909859
18,UNKNOWN,UNKNOWN,25,5,False,DATA,4909859
18,UNKNOWN,UNKNOWN,25,6,False,DATA,-
18,UNKNOWN,UNKNOWN,25,7,False,DATA,-
18,UNKNOWN,UNKNOWN,26,0,False,OKVED_CODE,работы строительные специализированные
18,UNKNOWN,UNKNOWN,26,1,False,OKVED_NAME,107
18,UNKNOWN,UNKNOWN,26,2,False,DATA,-
18,UNKNOWN,UNKNOWN,26,3,False,DATA,79410
18,UNKNOWN,UNKNOWN,26,4,False,DATA,71354
18,UNKNOWN,UNKNOWN,26,5,False,DATA,71354
18,UNKNOWN,UNKNOWN,26,6,False,DATA,-
18,UNKNOWN,UNKNOWN,26,7,False,DATA,-
18,UNKNOWN,UNKNOWN,27,0,False,OKVED_CODE,"Торговля оптовая и розничная; ремонт автотранспортных средств
и мотоциклов"
18,UNKNOWN,UNKNOWN,27,1,False,OKVED_NAME,2452275
18,UNKNOWN,UNKNOWN,27,2,False,DATA,2140814
18,UNKNOWN,UNKNOWN,27,3,False,DATA,12991042
18,UNKNOWN,UNKNOWN,27,4,False,DATA,13253797
18,UNKNOWN,UNKNOWN,27,5,False,DATA,13253797
18,UNKNOWN,UNKNOWN,27,6,False,DATA,-
18,UNKNOWN,UNKNOWN,27,7,False,DATA,-
18,UNKNOWN,UNKNOWN,28,0,False,OKVED_CODE,"торговля оптовая, кроме оптовой торговли автотранспортными средствами 
и мотоциклами"
18,UNKNOWN,UNKNOWN,28,1,False,OKVED_NAME,2392748
18,UNKNOWN,UNKNOWN,28,2,False,DATA,2097190
18,UNKNOWN,UNKNOWN,28,3,False,DATA,10851262
18,UNKNOWN,UNKNOWN,28,4,False,DATA,11143071
18,UNKNOWN,UNKNOWN,28,5,False,DATA,11143071
18,UNKNOWN,UNKNOWN,28,6,False,DATA,-
18,UNKNOWN,UNKNOWN,28,7,False,DATA,-
18,UNKNOWN,UNKNOWN,29,0,False,OKVED_CODE,"торговля розничная, кроме торговли автотранспортными средствами 
и мотоциклами"
18,UNKNOWN,UNKNOWN,29,1,False,OKVED_NAME,59527
18,UNKNOWN,UNKNOWN,29,2,False,DATA,43624
18,UNKNOWN,UNKNOWN,29,3,False,DATA,2139780
18,UNKNOWN,UNKNOWN,29,4,False,DATA,2110726
18,UNKNOWN,UNKNOWN,29,5,False,DATA,2110726
18,UNKNOWN,UNKNOWN,29,6,False,DATA,-
18,UNKNOWN,UNKNOWN,29,7,False,DATA,-
18,UNKNOWN,UNKNOWN,30,0,False,OKVED_CODE,Транспортировка и хранение
18,UNKNOWN,UNKNOWN,30,1,False,OKVED_NAME,480803
18,UNKNOWN,UNKNOWN,30,2,False,DATA,101899
18,UNKNOWN,UNKNOWN,30,3,False,DATA,3779208
18,UNKNOWN,UNKNOWN,30,4,False,DATA,2315919
18,UNKNOWN,UNKNOWN,30,5,False,DATA,2315919
18,UNKNOWN,UNKNOWN,30,6,False,DATA,2894
18,UNKNOWN,UNKNOWN,30,7,False,DATA,420
18,UNKNOWN,UNKNOWN,31,0,False,OKVED_CODE,"деятельность сухопутного 
и трубопроводного транспорта"
18,UNKNOWN,UNKNOWN,31,1,False,OKVED_NAME,3503
18,UNKNOWN,UNKNOWN,31,2,False,DATA,2364
18,UNKNOWN,UNKNOWN,31,3,False,DATA,80136
18,UNKNOWN,UNKNOWN,31,4,False,DATA,66062
18,UNKNOWN,UNKNOWN,31,5,False,DATA,66062
18,UNKNOWN,UNKNOWN,31,6,False,DATA,-
18,UNKNOWN,UNKNOWN,31,7,False,DATA,-
18,UNKNOWN,UNKNOWN,32,0,False,OKVED_CODE,деятельность водного транспорта
18,UNKNOWN,UNKNOWN,32,1,False,OKVED_NAME,13100
18,UNKNOWN,UNKNOWN,32,2,False,DATA,11999
18,UNKNOWN,UNKNOWN,32,3,False,DATA,1421111
18,UNKNOWN,UNKNOWN,32,4,False,DATA,849276
18,UNKNOWN,UNKNOWN,32,5,False,DATA,849276
18,UNKNOWN,UNKNOWN,32,6,False,DATA,-
18,UNKNOWN,UNKNOWN,32,7,False,DATA,-
18,UNKNOWN,UNKNOWN,33,0,False,OKVED_CODE,деятельность воздушного и космического транспорта
18,UNKNOWN,UNKNOWN,33,1,False,OKVED_NAME,4931
18,UNKNOWN,UNKNOWN,33,2,False,DATA,3892
18,UNKNOWN,UNKNOWN,33,3,False,DATA,239536
18,UNKNOWN,UNKNOWN,33,4,False,DATA,180872
18,UNKNOWN,UNKNOWN,33,5,False,DATA,180872
18,UNKNOWN,UNKNOWN,33,6,False,DATA,-
18,UNKNOWN,UNKNOWN,33,7,False,DATA,-
18,UNKNOWN,UNKNOWN,34,0,False,OKVED_CODE,складское хозяйство и вспомогательная транспортная деятельность
18,UNKNOWN,UNKNOWN,34,1,False,OKVED_NAME,459269
18,UNKNOWN,UNKNOWN,34,2,False,DATA,83644
18,UNKNOWN,UNKNOWN,34,3,False,DATA,2038425
18,UNKNOWN,UNKNOWN,34,4,False,DATA,1219709
18,UNKNOWN,UNKNOWN,34,5,False,DATA,1219709
18,UNKNOWN,UNKNOWN,34,6,False,DATA,2894
18,UNKNOWN,UNKNOWN,34,7,False,DATA,420
18,UNKNOWN,UNKNOWN,35,0,False,OKVED_CODE,Деятельность гостиниц и предприятий общественного питания
18,UNKNOWN,UNKNOWN,35,1,False,OKVED_NAME,9288
18,UNKNOWN,UNKNOWN,35,2,False,DATA,76317
18,UNKNOWN,UNKNOWN,35,3,False,DATA,671062
18,UNKNOWN,UNKNOWN,35,4,False,DATA,533425
18,UNKNOWN,UNKNOWN,35,5,False,DATA,533425
18,UNKNOWN,UNKNOWN,35,6,False,DATA,67600
18,UNKNOWN,UNKNOWN,35,7,False,DATA,50084
18,UNKNOWN,UNKNOWN,36,0,False,OKVED_CODE,"деятельность по предоставлению мест 
для временного проживания"
18,UNKNOWN,UNKNOWN,36,1,False,OKVED_NAME,9288
18,UNKNOWN,UNKNOWN,36,2,False,DATA,76317
18,UNKNOWN,UNKNOWN,36,3,False,DATA,671062
18,UNKNOWN,UNKNOWN,36,4,False,DATA,533425
18,UNKNOWN,UNKNOWN,36,5,False,DATA,533425
18,UNKNOWN,UNKNOWN,36,6,False,DATA,67600
18,UNKNOWN,UNKNOWN,36,7,False,DATA,50084
18,UNKNOWN,UNKNOWN,37,0,False,OKVED_CODE,"Деятельность в области информации 
и связи"
18,UNKNOWN,UNKNOWN,37,1,False,OKVED_NAME,-
18,UNKNOWN,UNKNOWN,37,2,False,DATA,-
18,UNKNOWN,UNKNOWN,37,3,False,DATA,593
18,UNKNOWN,UNKNOWN,37,4,False,DATA,635
18,UNKNOWN,UNKNOWN,37,5,False,DATA,635
18,UNKNOWN,UNKNOWN,37,6,False,DATA,-
18,UNKNOWN,UNKNOWN,37,7,False,DATA,-
18,UNKNOWN,UNKNOWN,38,0,False,OKVED_CODE,
18,UNKNOWN,UNKNOWN,38,1,False,OKVED_NAME,
18,UNKNOWN,UNKNOWN,38,2,False,EMPTY,
18,UNKNOWN,UNKNOWN,38,3,False,EMPTY,
18,UNKNOWN,UNKNOWN,38,4,False,EMPTY,
18,UNKNOWN,UNKNOWN,38,5,False,EMPTY,
18,UNKNOWN,UNKNOWN,38,6,False,DATA,Продолжение таблицы 8.
18,UNKNOWN,UNKNOWN,38,7,False,DATA,Продолжение таблицы 8.
18,UNKNOWN,UNKNOWN,39,0,False,OKVED_CODE,
18,UNKNOWN,UNKNOWN,39,1,False,OKVED_NAME,Займы и кредиты
18,UNKNOWN,UNKNOWN,39,2,False,DATA,Займы и кредиты
18,UNKNOWN,UNKNOWN,39,3,False,DATA,Кредиторская задолженность
18,UNKNOWN,UNKNOWN,39,4,False,DATA,Кредиторская задолженность
18,UNKNOWN,UNKNOWN,39,5,False,DATA,Кредиторская задолженность
18,UNKNOWN,UNKNOWN,39,6,False,DATA,Доходы будущих периодов
18,UNKNOWN,UNKNOWN,39,7,False,DATA,Доходы будущих периодов
18,UNKNOWN,UNKNOWN,40,0,False,OKVED_CODE,
18,UNKNOWN,UNKNOWN,40,1,False,OKVED_NAME,2022
18,UNKNOWN,UNKNOWN,40,2,False,DATA,2023
18,UNKNOWN,UNKNOWN,40,3,False,DATA,2022
18,UNKNOWN,UNKNOWN,40,4,False,DATA,2023
18,UNKNOWN,UNKNOWN,40,5,False,DATA,2023
18,UNKNOWN,UNKNOWN,40,6,False,DATA,2022
18,UNKNOWN,UNKNOWN,40,7,False,DATA,2023
18,UNKNOWN,UNKNOWN,41,0,False,OKVED_CODE,деятельность в области информационных технологий
18,UNKNOWN,UNKNOWN,41,1,False,OKVED_NAME,-
18,UNKNOWN,UNKNOWN,41,2,False,DATA,-
18,UNKNOWN,UNKNOWN,41,3,False,DATA,593
18,UNKNOWN,UNKNOWN,41,4,False,DATA,635
18,UNKNOWN,UNKNOWN,41,5,False,DATA,635
18,UNKNOWN,UNKNOWN,41,6,False,DATA,-
18,UNKNOWN,UNKNOWN,41,7,False,DATA,-
18,UNKNOWN,UNKNOWN,42,0,False,OKVED_CODE,Деятельность финансовая и страховая
18,UNKNOWN,UNKNOWN,42,1,False,OKVED_NAME,-
18,UNKNOWN,UNKNOWN,42,2,False,DATA,-
18,UNKNOWN,UNKNOWN,42,3,False,DATA,440175
18,UNKNOWN,UNKNOWN,42,4,False,DATA,1195830
18,UNKNOWN,UNKNOWN,42,5,False,DATA,1195830
18,UNKNOWN,UNKNOWN,42,6,False,DATA,-
18,UNKNOWN,UNKNOWN,42,7,False,DATA,-
18,UNKNOWN,UNKNOWN,43,0,False,OKVED_CODE,"деятельность по предоставлению финансовых услуг, кроме услуг 
по страхованию и пенсионному обеспечен"
18,UNKNOWN,UNKNOWN,43,1,False,OKVED_NAME,-
18,UNKNOWN,UNKNOWN,43,2,False,DATA,-
18,UNKNOWN,UNKNOWN,43,3,False,DATA,440175
18,UNKNOWN,UNKNOWN,43,4,False,DATA,1195830
18,UNKNOWN,UNKNOWN,43,5,False,DATA,1195830
18,UNKNOWN,UNKNOWN,43,6,False,DATA,-
18,UNKNOWN,UNKNOWN,43,7,False,DATA,-
18,UNKNOWN,UNKNOWN,44,0,False,OKVED_CODE,"Деятельность по операциям 
с недвижимым имуществом"
18,UNKNOWN,UNKNOWN,44,1,False,OKVED_NAME,545423
18,UNKNOWN,UNKNOWN,44,2,False,DATA,1572067
18,UNKNOWN,UNKNOWN,44,3,False,DATA,1806583
18,UNKNOWN,UNKNOWN,44,4,False,DATA,2016465
18,UNKNOWN,UNKNOWN,44,5,False,DATA,2016465
18,UNKNOWN,UNKNOWN,44,6,False,DATA,10979
18,UNKNOWN,UNKNOWN,44,7,False,DATA,4237
18,UNKNOWN,UNKNOWN,45,0,False,OKVED_CODE,операции с недвижимым имуществом
18,UNKNOWN,UNKNOWN,45,1,False,OKVED_NAME,545423
18,UNKNOWN,UNKNOWN,45,2,False,DATA,1572067
18,UNKNOWN,UNKNOWN,45,3,False,DATA,1806583
18,UNKNOWN,UNKNOWN,45,4,False,DATA,2016465
18,UNKNOWN,UNKNOWN,45,5,False,DATA,2016465
18,UNKNOWN,UNKNOWN,45,6,False,DATA,10979
18,UNKNOWN,UNKNOWN,45,7,False,DATA,4237
18,UNKNOWN,UNKNOWN,46,0,False,OKVED_CODE,"Деятельность профессиональная, научная и техническая"
18,UNKNOWN,UNKNOWN,46,1,False,OKVED_NAME,460
18,UNKNOWN,UNKNOWN,46,2,False,DATA,-
18,UNKNOWN,UNKNOWN,46,3,False,DATA,674228
18,UNKNOWN,UNKNOWN,46,4,False,DATA,282793
18,UNKNOWN,UNKNOWN,46,5,False,DATA,282793
18,UNKNOWN,UNKNOWN,46,6,False,DATA,6327
18,UNKNOWN,UNKNOWN,46,7,False,DATA,20218
18,UNKNOWN,UNKNOWN,47,0,False,OKVED_CODE,"деятельность в области права 
и бухгалтерского учета"
18,UNKNOWN,UNKNOWN,47,1,False,OKVED_NAME,-
18,UNKNOWN,UNKNOWN,47,2,False,DATA,-
18,UNKNOWN,UNKNOWN,47,3,False,DATA,12707
18,UNKNOWN,UNKNOWN,47,4,False,DATA,119
18,UNKNOWN,UNKNOWN,47,5,False,DATA,119
18,UNKNOWN,UNKNOWN,47,6,False,DATA,-
18,UNKNOWN,UNKNOWN,47,7,False,DATA,-
18,UNKNOWN,UNKNOWN,48,0,False,OKVED_CODE,деятельность головных офисов; консультирование по вопросам управления
18,UNKNOWN,UNKNOWN,48,1,False,OKVED_NAME,-
18,UNKNOWN,UNKNOWN,48,2,False,DATA,-
18,UNKNOWN,UNKNOWN,48,3,False,DATA,607907
18,UNKNOWN,UNKNOWN,48,4,False,DATA,150794
18,UNKNOWN,UNKNOWN,48,5,False,DATA,150794
18,UNKNOWN,UNKNOWN,48,6,False,DATA,4671
18,UNKNOWN,UNKNOWN,48,7,False,DATA,19835
18,UNKNOWN,UNKNOWN,49,0,False,OKVED_CODE,"деятельность в области архитектуры
и инженерно-технического проектирования; технических испытаний, и"
18,UNKNOWN,UNKNOWN,49,1,False,OKVED_NAME,460
18,UNKNOWN,UNKNOWN,49,2,False,DATA,-
18,UNKNOWN,UNKNOWN,49,3,False,DATA,49583
18,UNKNOWN,UNKNOWN,49,4,False,DATA,126099
18,UNKNOWN,UNKNOWN,49,5,False,DATA,126099
18,UNKNOWN,UNKNOWN,49,6,False,DATA,1656
18,UNKNOWN,UNKNOWN,49,7,False,DATA,383
18,UNKNOWN,UNKNOWN,50,0,False,OKVED_CODE,"деятельность профессиональная научная 
и техническая прочая"
18,UNKNOWN,UNKNOWN,50,1,False,OKVED_NAME,-
18,UNKNOWN,UNKNOWN,50,2,False,DATA,-
18,UNKNOWN,UNKNOWN,50,3,False,DATA,4031
18,UNKNOWN,UNKNOWN,50,4,False,DATA,5781
18,UNKNOWN,UNKNOWN,50,5,False,DATA,5781
18,UNKNOWN,UNKNOWN,50,6,False,DATA,-
18,UNKNOWN,UNKNOWN,50,7,False,DATA,-
18,UNKNOWN,UNKNOWN,51,0,False,OKVED_CODE,"Деятельность административная 
и сопутствующие дополнительные услуги"
18,UNKNOWN,UNKNOWN,51,1,False,OKVED_NAME,24809
18,UNKNOWN,UNKNOWN,51,2,False,DATA,462
18,UNKNOWN,UNKNOWN,51,3,False,DATA,445667
18,UNKNOWN,UNKNOWN,51,4,False,DATA,467163
18,UNKNOWN,UNKNOWN,51,5,False,DATA,467163
18,UNKNOWN,UNKNOWN,51,6,False,DATA,-
18,UNKNOWN,UNKNOWN,51,7,False,DATA,-
18,UNKNOWN,UNKNOWN,52,0,False,OKVED_CODE,аренда и лизинг
18,UNKNOWN,UNKNOWN,52,1,False,OKVED_NAME,-
18,UNKNOWN,UNKNOWN,52,2,False,DATA,-
18,UNKNOWN,UNKNOWN,52,3,False,DATA,280
18,UNKNOWN,UNKNOWN,52,4,False,DATA,378
18,UNKNOWN,UNKNOWN,52,5,False,DATA,378
18,UNKNOWN,UNKNOWN,52,6,False,DATA,-
18,UNKNOWN,UNKNOWN,52,7,False,DATA,-
18,UNKNOWN,UNKNOWN,53,0,False,OKVED_CODE,"деятельность туристических агентств 
и прочих организаций, предоставляющих услуги в сфере туризма"
18,UNKNOWN,UNKNOWN,53,1,False,OKVED_NAME,-
18,UNKNOWN,UNKNOWN,53,2,False,DATA,-
18,UNKNOWN,UNKNOWN,53,3,False,DATA,6797
18,UNKNOWN,UNKNOWN,53,4,False,DATA,9579
18,UNKNOWN,UNKNOWN,53,5,False,DATA,9579
18,UNKNOWN,UNKNOWN,53,6,False,DATA,-
18,UNKNOWN,UNKNOWN,53,7,False,DATA,-
18,UNKNOWN,UNKNOWN,54,0,False,OKVED_CODE,Продолжение таблицы 8.
18,UNKNOWN,UNKNOWN,54,1,False,OKVED_NAME,Продолжение таблицы 8.
18,UNKNOWN,UNKNOWN,54,2,False,DATA,Продолжение таблицы 8.
18,UNKNOWN,UNKNOWN,54,3,False,DATA,Продолжение таблицы 8.
18,UNKNOWN,UNKNOWN,54,4,False,DATA,Продолжение таблицы 8.
18,UNKNOWN,UNKNOWN,54,5,False,DATA,Продолжение таблицы 8.
18,UNKNOWN,UNKNOWN,54,6,False,DATA,Продолжение таблицы 8.
18,UNKNOWN,UNKNOWN,54,7,False,DATA,Продолжение таблицы 8.
18,UNKNOWN,UNKNOWN,55,0,False,OKVED_CODE,
18,UNKNOWN,UNKNOWN,55,1,False,OKVED_NAME,Займы и кредиты
18,UNKNOWN,UNKNOWN,55,2,False,DATA,Займы и кредиты
18,UNKNOWN,UNKNOWN,55,3,False,DATA,Кредиторская задолженность
18,UNKNOWN,UNKNOWN,55,4,False,DATA,Кредиторская задолженность
18,UNKNOWN,UNKNOWN,55,5,False,DATA,Кредиторская задолженность
18,UNKNOWN,UNKNOWN,55,6,False,DATA,Доходы будущих периодов
18,UNKNOWN,UNKNOWN,55,7,False,DATA,Доходы будущих периодов
18,UNKNOWN,UNKNOWN,56,0,False,OKVED_CODE,
18,UNKNOWN,UNKNOWN,56,1,False,OKVED_NAME,2022
18,UNKNOWN,UNKNOWN,56,2,False,DATA,2023
18,UNKNOWN,UNKNOWN,56,3,False,DATA,2022
18,UNKNOWN,UNKNOWN,56,4,False,DATA,2022
18,UNKNOWN,UNKNOWN,56,5,False,DATA,2023
18,UNKNOWN,UNKNOWN,56,6,False,DATA,2022
18,UNKNOWN,UNKNOWN,56,7,False,DATA,2023
18,UNKNOWN,UNKNOWN,57,0,False,OKVED_CODE,"деятельность по обслуживанию зданий 
и территорий"
18,UNKNOWN,UNKNOWN,57,1,False,OKVED_NAME,24809
18,UNKNOWN,UNKNOWN,57,2,False,DATA,462
18,UNKNOWN,UNKNOWN,57,3,False,DATA,437809
18,UNKNOWN,UNKNOWN,57,4,False,DATA,437809
18,UNKNOWN,UNKNOWN,57,5,False,DATA,457130
18,UNKNOWN,UNKNOWN,57,6,False,DATA,-
18,UNKNOWN,UNKNOWN,57,7,False,DATA,-
18,UNKNOWN,UNKNOWN,58,0,False,OKVED_CODE,"деятельность административно-хозяйственная, вспомогательная деятельность по обеспечению функциониров"
18,UNKNOWN,UNKNOWN,58,1,False,OKVED_NAME,-
18,UNKNOWN,UNKNOWN,58,2,False,DATA,-
18,UNKNOWN,UNKNOWN,58,3,False,DATA,781
18,UNKNOWN,UNKNOWN,58,4,False,DATA,781
18,UNKNOWN,UNKNOWN,58,5,False,DATA,76
18,UNKNOWN,UNKNOWN,58,6,False,DATA,-
18,UNKNOWN,UNKNOWN,58,7,False,DATA,-
18,UNKNOWN,UNKNOWN,59,0,False,OKVED_CODE,"Государственное управление 
и обеспечение военной безопасности; социальное обеспечение"
18,UNKNOWN,UNKNOWN,59,1,False,OKVED_NAME,-
18,UNKNOWN,UNKNOWN,59,2,False,DATA,-
18,UNKNOWN,UNKNOWN,59,3,False,DATA,51
18,UNKNOWN,UNKNOWN,59,4,False,DATA,51
18,UNKNOWN,UNKNOWN,59,5,False,DATA,3336
18,UNKNOWN,UNKNOWN,59,6,False,DATA,13713
18,UNKNOWN,UNKNOWN,59,7,False,DATA,4138
18,UNKNOWN,UNKNOWN,60,0,False,OKVED_CODE,"деятельность органов государственного управления по обеспечению военной безопасности, обязательному "
18,UNKNOWN,UNKNOWN,60,1,False,OKVED_NAME,-
18,UNKNOWN,UNKNOWN,60,2,False,DATA,-
18,UNKNOWN,UNKNOWN,60,3,False,DATA,51
18,UNKNOWN,UNKNOWN,60,4,False,DATA,51
18,UNKNOWN,UNKNOWN,60,5,False,DATA,3336
18,UNKNOWN,UNKNOWN,60,6,False,DATA,13713
18,UNKNOWN,UNKNOWN,60,7,False,DATA,4138
18,UNKNOWN,UNKNOWN,61,0,False,OKVED_CODE,Образование
18,UNKNOWN,UNKNOWN,61,1,False,OKVED_NAME,-
18,UNKNOWN,UNKNOWN,61,2,False,DATA,-
18,UNKNOWN,UNKNOWN,61,3,False,DATA,463
18,UNKNOWN,UNKNOWN,61,4,False,DATA,463
18,UNKNOWN,UNKNOWN,61,5,False,DATA,506
18,UNKNOWN,UNKNOWN,61,6,False,DATA,-
18,UNKNOWN,UNKNOWN,61,7,False,DATA,-
18,UNKNOWN,UNKNOWN,62,0,False,OKVED_CODE,образование
18,UNKNOWN,UNKNOWN,62,1,False,OKVED_NAME,-
18,UNKNOWN,UNKNOWN,62,2,False,DATA,-
18,UNKNOWN,UNKNOWN,62,3,False,DATA,463
18,UNKNOWN,UNKNOWN,62,4,False,DATA,463
18,UNKNOWN,UNKNOWN,62,5,False,DATA,506
18,UNKNOWN,UNKNOWN,62,6,False,DATA,-
18,UNKNOWN,UNKNOWN,62,7,False,DATA,-
18,UNKNOWN,UNKNOWN,63,0,False,OKVED_CODE,Деятельность в области здравоохранения и социальных услуг
18,UNKNOWN,UNKNOWN,63,1,False,OKVED_NAME,9147
18,UNKNOWN,UNKNOWN,63,2,False,DATA,1552
18,UNKNOWN,UNKNOWN,63,3,False,DATA,7075
18,UNKNOWN,UNKNOWN,63,4,False,DATA,7075
18,UNKNOWN,UNKNOWN,63,5,False,DATA,10520
18,UNKNOWN,UNKNOWN,63,6,False,DATA,-
18,UNKNOWN,UNKNOWN,63,7,False,DATA,-
18,UNKNOWN,UNKNOWN,64,0,False,OKVED_CODE,деятельность в области здравоохранения
18,UNKNOWN,UNKNOWN,64,1,False,OKVED_NAME,9147
18,UNKNOWN,UNKNOWN,64,2,False,DATA,1552
18,UNKNOWN,UNKNOWN,64,3,False,DATA,6868
18,UNKNOWN,UNKNOWN,64,4,False,DATA,6868
18,UNKNOWN,UNKNOWN,64,5,False,DATA,10251
18,UNKNOWN,UNKNOWN,64,6,False,DATA,-
18,UNKNOWN,UNKNOWN,64,7,False,DATA,-
18,UNKNOWN,UNKNOWN,65,0,False,OKVED_CODE,"предоставление социальных услуг 
без обеспечения проживания"
18,UNKNOWN,UNKNOWN,65,1,False,OKVED_NAME,-
18,UNKNOWN,UNKNOWN,65,2,False,DATA,-
18,UNKNOWN,UNKNOWN,65,3,False,DATA,207
18,UNKNOWN,UNKNOWN,65,4,False,DATA,207
18,UNKNOWN,UNKNOWN,65,5,False,DATA,269
18,UNKNOWN,UNKNOWN,65,6,False,DATA,-
18,UNKNOWN,UNKNOWN,65,7,False,DATA,-
18,UNKNOWN,UNKNOWN,66,0,False,OKVED_CODE,Предоставление прочих видов услуг
18,UNKNOWN,UNKNOWN,66,1,False,OKVED_NAME,-
18,UNKNOWN,UNKNOWN,66,2,False,DATA,-
18,UNKNOWN,UNKNOWN,66,3,False,DATA,20789
18,UNKNOWN,UNKNOWN,66,4,False,DATA,20789
18,UNKNOWN,UNKNOWN,66,5,False,DATA,19594
18,UNKNOWN,UNKNOWN,66,6,False,DATA,11843
18,UNKNOWN,UNKNOWN,66,7,False,DATA,5980
18,UNKNOWN,UNKNOWN,67,0,False,OKVED_CODE,деятельность общественных организаций
18,UNKNOWN,UNKNOWN,67,1,False,OKVED_NAME,-
18,UNKNOWN,UNKNOWN,67,2,False,DATA,-
18,UNKNOWN,UNKNOWN,67,3,False,DATA,3060
18,UNKNOWN,UNKNOWN,67,4,False,DATA,3060
18,UNKNOWN,UNKNOWN,67,5,False,DATA,4456
18,UNKNOWN,UNKNOWN,67,6,False,DATA,5863
18,UNKNOWN,UNKNOWN,67,7,False,DATA,-
18,UNKNOWN,UNKNOWN,68,0,False,OKVED_CODE,деятельность по предоставлению прочих персональных услуг
18,UNKNOWN,UNKNOWN,68,1,False,OKVED_NAME,-
18,UNKNOWN,UNKNOWN,68,2,False,DATA,-
18,UNKNOWN,UNKNOWN,68,3,False,DATA,17729
18,UNKNOWN,UNKNOWN,68,4,False,DATA,17729
18,UNKNOWN,UNKNOWN,68,5,False,DATA,15138
18,UNKNOWN,UNKNOWN,68,6,False,DATA,5980
18,UNKNOWN,UNKNOWN,68,7,False,DATA,5980
19,КРАТКОСРОЧНЫЕ ОБЯЗАТЕЛЬСТВА,T23_000000_t21Ved14.xlsx,0,0,False,OKVED_CODE,
19,КРАТКОСРОЧНЫЕ ОБЯЗАТЕЛЬСТВА,T23_000000_t21Ved14.xlsx,0,1,False,OKVED_NAME,
19,КРАТКОСРОЧНЫЕ ОБЯЗАТЕЛЬСТВА,T23_000000_t21Ved14.xlsx,0,2,False,EMPTY,
19,КРАТКОСРОЧНЫЕ ОБЯЗАТЕЛЬСТВА,T23_000000_t21Ved14.xlsx,0,3,False,DATA,Продолжение таблицы 8.
19,КРАТКОСРОЧНЫЕ ОБЯЗАТЕЛЬСТВА,T23_000000_t21Ved14.xlsx,0,4,False,DATA,Продолжение таблицы 8.
19,КРАТКОСРОЧНЫЕ ОБЯЗАТЕЛЬСТВА,T23_000000_t21Ved14.xlsx,1,0,False,OKVED_CODE,
19,КРАТКОСРОЧНЫЕ ОБЯЗАТЕЛЬСТВА,T23_000000_t21Ved14.xlsx,1,1,False,OKVED_NAME,Оценочные обязательства
19,КРАТКОСРОЧНЫЕ ОБЯЗАТЕЛЬСТВА,T23_000000_t21Ved14.xlsx,1,2,False,DATA,Оценочные обязательства
19,КРАТКОСРОЧНЫЕ ОБЯЗАТЕЛЬСТВА,T23_000000_t21Ved14.xlsx,1,3,False,DATA,Прочие краткосрочные обязательства
19,КРАТКОСРОЧНЫЕ ОБЯЗАТЕЛЬСТВА,T23_000000_t21Ved14.xlsx,1,4,False,DATA,Прочие краткосрочные обязательства
19,КРАТКОСРОЧНЫЕ ОБЯЗАТЕЛЬСТВА,T23_000000_t21Ved14.xlsx,2,0,False,OKVED_CODE,
19,КРАТКОСРОЧНЫЕ ОБЯЗАТЕЛЬСТВА,T23_000000_t21Ved14.xlsx,2,1,False,OKVED_NAME,2022
19,КРАТКОСРОЧНЫЕ ОБЯЗАТЕЛЬСТВА,T23_000000_t21Ved14.xlsx,2,2,False,DATA,2023
19,КРАТКОСРОЧНЫЕ ОБЯЗАТЕЛЬСТВА,T23_000000_t21Ved14.xlsx,2,3,False,DATA,2022
19,КРАТКОСРОЧНЫЕ ОБЯЗАТЕЛЬСТВА,T23_000000_t21Ved14.xlsx,2,4,False,DATA,2023
19,КРАТКОСРОЧНЫЕ ОБЯЗАТЕЛЬСТВА,T23_000000_t21Ved14.xlsx,3,0,False,OKVED_CODE,Всего по обследуемым видам экономической деятельности
19,КРАТКОСРОЧНЫЕ ОБЯЗАТЕЛЬСТВА,T23_000000_t21Ved14.xlsx,3,1,False,OKVED_NAME,6016399
19,КРАТКОСРОЧНЫЕ ОБЯЗАТЕЛЬСТВА,T23_000000_t21Ved14.xlsx,3,2,False,DATA,8458215
19,КРАТКОСРОЧНЫЕ ОБЯЗАТЕЛЬСТВА,T23_000000_t21Ved14.xlsx,3,3,False,DATA,6524791
19,КРАТКОСРОЧНЫЕ ОБЯЗАТЕЛЬСТВА,T23_000000_t21Ved14.xlsx,3,4,False,DATA,7463386
19,КРАТКОСРОЧНЫЕ ОБЯЗАТЕЛЬСТВА,T23_000000_t21Ved14.xlsx,4,0,False,OKVED_CODE,"Сельское, лесное хозяйство, охота, рыболовство и рыбоводство"
19,КРАТКОСРОЧНЫЕ ОБЯЗАТЕЛЬСТВА,T23_000000_t21Ved14.xlsx,4,1,False,OKVED_NAME,2193958
19,КРАТКОСРОЧНЫЕ ОБЯЗАТЕЛЬСТВА,T23_000000_t21Ved14.xlsx,4,2,False,DATA,4221042
19,КРАТКОСРОЧНЫЕ ОБЯЗАТЕЛЬСТВА,T23_000000_t21Ved14.xlsx,4,3,False,DATA,3538583
19,КРАТКОСРОЧНЫЕ ОБЯЗАТЕЛЬСТВА,T23_000000_t21Ved14.xlsx,4,4,False,DATA,4621788
19,КРАТКОСРОЧНЫЕ ОБЯЗАТЕЛЬСТВА,T23_000000_t21Ved14.xlsx,5,0,False,OKVED_CODE,"растениеводство и животноводство, охота 
и предоставление соответствующих услуг 
в этих областях"
19,КРАТКОСРОЧНЫЕ ОБЯЗАТЕЛЬСТВА,T23_000000_t21Ved14.xlsx,5,1,False,OKVED_NAME,40396
19,КРАТКОСРОЧНЫЕ ОБЯЗАТЕЛЬСТВА,T23_000000_t21Ved14.xlsx,5,2,False,DATA,29530
19,КРАТКОСРОЧНЫЕ ОБЯЗАТЕЛЬСТВА,T23_000000_t21Ved14.xlsx,5,3,False,DATA,13744
19,КРАТКОСРОЧНЫЕ ОБЯЗАТЕЛЬСТВА,T23_000000_t21Ved14.xlsx,5,4,False,DATA,6513
19,КРАТКОСРОЧНЫЕ ОБЯЗАТЕЛЬСТВА,T23_000000_t21Ved14.xlsx,6,0,False,OKVED_CODE,рыболовство и рыбоводство
19,КРАТКОСРОЧНЫЕ ОБЯЗАТЕЛЬСТВА,T23_000000_t21Ved14.xlsx,6,1,False,OKVED_NAME,2153562
19,КРАТКОСРОЧНЫЕ ОБЯЗАТЕЛЬСТВА,T23_000000_t21Ved14.xlsx,6,2,False,DATA,4191512
19,КРАТКОСРОЧНЫЕ ОБЯЗАТЕЛЬСТВА,T23_000000_t21Ved14.xlsx,6,3,False,DATA,3524839
19,КРАТКОСРОЧНЫЕ ОБЯЗАТЕЛЬСТВА,T23_000000_t21Ved14.xlsx,6,4,False,DATA,4615275
19,КРАТКОСРОЧНЫЕ ОБЯЗАТЕЛЬСТВА,T23_000000_t21Ved14.xlsx,7,0,False,OKVED_CODE,Добыча полезных ископаемых
19,КРАТКОСРОЧНЫЕ ОБЯЗАТЕЛЬСТВА,T23_000000_t21Ved14.xlsx,7,1,False,OKVED_NAME,620049
19,КРАТКОСРОЧНЫЕ ОБЯЗАТЕЛЬСТВА,T23_000000_t21Ved14.xlsx,7,2,False,DATA,809247
19,КРАТКОСРОЧНЫЕ ОБЯЗАТЕЛЬСТВА,T23_000000_t21Ved14.xlsx,7,3,False,DATA,186023
19,КРАТКОСРОЧНЫЕ ОБЯЗАТЕЛЬСТВА,T23_000000_t21Ved14.xlsx,7,4,False,DATA,295789
19,КРАТКОСРОЧНЫЕ ОБЯЗАТЕЛЬСТВА,T23_000000_t21Ved14.xlsx,8,0,False,OKVED_CODE,добыча металлических руд
19,КРАТКОСРОЧНЫЕ ОБЯЗАТЕЛЬСТВА,T23_000000_t21Ved14.xlsx,8,1,False,OKVED_NAME,620049
19,КРАТКОСРОЧНЫЕ ОБЯЗАТЕЛЬСТВА,T23_000000_t21Ved14.xlsx,8,2,False,DATA,809247
19,КРАТКОСРОЧНЫЕ ОБЯЗАТЕЛЬСТВА,T23_000000_t21Ved14.xlsx,8,3,False,DATA,186023
19,КРАТКОСРОЧНЫЕ ОБЯЗАТЕЛЬСТВА,T23_000000_t21Ved14.xlsx,8,4,False,DATA,295789
19,КРАТКОСРОЧНЫЕ ОБЯЗАТЕЛЬСТВА,T23_000000_t21Ved14.xlsx,9,0,False,OKVED_CODE,Обрабатывающие производства
19,КРАТКОСРОЧНЫЕ ОБЯЗАТЕЛЬСТВА,T23_000000_t21Ved14.xlsx,9,1,False,OKVED_NAME,298511
19,КРАТКОСРОЧНЫЕ ОБЯЗАТЕЛЬСТВА,T23_000000_t21Ved14.xlsx,9,2,False,DATA,337337
19,КРАТКОСРОЧНЫЕ ОБЯЗАТЕЛЬСТВА,T23_000000_t21Ved14.xlsx,9,3,False,DATA,427306
19,КРАТКОСРОЧНЫЕ ОБЯЗАТЕЛЬСТВА,T23_000000_t21Ved14.xlsx,9,4,False,DATA,476351
19,КРАТКОСРОЧНЫЕ ОБЯЗАТЕЛЬСТВА,T23_000000_t21Ved14.xlsx,10,0,False,OKVED_CODE,производство пищевых продуктов
19,КРАТКОСРОЧНЫЕ ОБЯЗАТЕЛЬСТВА,T23_000000_t21Ved14.xlsx,10,1,False,OKVED_NAME,151509
19,КРАТКОСРОЧНЫЕ ОБЯЗАТЕЛЬСТВА,T23_000000_t21Ved14.xlsx,10,2,False,DATA,171747
19,КРАТКОСРОЧНЫЕ ОБЯЗАТЕЛЬСТВА,T23_000000_t21Ved14.xlsx,10,3,False,DATA,62086
19,КРАТКОСРОЧНЫЕ ОБЯЗАТЕЛЬСТВА,T23_000000_t21Ved14.xlsx,10,4,False,DATA,55725
19,КРАТКОСРОЧНЫЕ ОБЯЗАТЕЛЬСТВА,T23_000000_t21Ved14.xlsx,11,0,False,OKVED_CODE,производство напитков
19,КРАТКОСРОЧНЫЕ ОБЯЗАТЕЛЬСТВА,T23_000000_t21Ved14.xlsx,11,1,False,OKVED_NAME,-
19,КРАТКОСРОЧНЫЕ ОБЯЗАТЕЛЬСТВА,T23_000000_t21Ved14.xlsx,11,2,False,DATA,-
19,КРАТКОСРОЧНЫЕ ОБЯЗАТЕЛЬСТВА,T23_000000_t21Ved14.xlsx,11,3,False,DATA,-
19,КРАТКОСРОЧНЫЕ ОБЯЗАТЕЛЬСТВА,T23_000000_t21Ved14.xlsx,11,4,False,DATA,-
19,КРАТКОСРОЧНЫЕ ОБЯЗАТЕЛЬСТВА,T23_000000_t21Ved14.xlsx,12,0,False,OKVED_CODE,производство прочих готовых изделий
19,КРАТКОСРОЧНЫЕ ОБЯЗАТЕЛЬСТВА,T23_000000_t21Ved14.xlsx,12,1,False,OKVED_NAME,3292
19,КРАТКОСРОЧНЫЕ ОБЯЗАТЕЛЬСТВА,T23_000000_t21Ved14.xlsx,12,2,False,DATA,6784
19,КРАТКОСРОЧНЫЕ ОБЯЗАТЕЛЬСТВА,T23_000000_t21Ved14.xlsx,12,3,False,DATA,-
19,КРАТКОСРОЧНЫЕ ОБЯЗАТЕЛЬСТВА,T23_000000_t21Ved14.xlsx,12,4,False,DATA,-
19,КРАТКОСРОЧНЫЕ ОБЯЗАТЕЛЬСТВА,T23_000000_t21Ved14.xlsx,13,0,False,OKVED_CODE,ремонт и монтаж машин и оборудования
19,КРАТКОСРОЧНЫЕ ОБЯЗАТЕЛЬСТВА,T23_000000_t21Ved14.xlsx,13,1,False,OKVED_NAME,143710
19,КРАТКОСРОЧНЫЕ ОБЯЗАТЕЛЬСТВА,T23_000000_t21Ved14.xlsx,13,2,False,DATA,158806
19,КРАТКОСРОЧНЫЕ ОБЯЗАТЕЛЬСТВА,T23_000000_t21Ved14.xlsx,13,3,False,DATA,365220
19,КРАТКОСРОЧНЫЕ ОБЯЗАТЕЛЬСТВА,T23_000000_t21Ved14.xlsx,13,4,False,DATA,420626
19,КРАТКОСРОЧНЫЕ ОБЯЗАТЕЛЬСТВА,T23_000000_t21Ved14.xlsx,14,0,False,OKVED_CODE,"Обеспечение электрической энергией, газом и паром; кондиционирование воздуха"
19,КРАТКОСРОЧНЫЕ ОБЯЗАТЕЛЬСТВА,T23_000000_t21Ved14.xlsx,14,1,False,OKVED_NAME,1351938
19,КРАТКОСРОЧНЫЕ ОБЯЗАТЕЛЬСТВА,T23_000000_t21Ved14.xlsx,14,2,False,DATA,1208231
19,КРАТКОСРОЧНЫЕ ОБЯЗАТЕЛЬСТВА,T23_000000_t21Ved14.xlsx,14,3,False,DATA,2082060
19,КРАТКОСРОЧНЫЕ ОБЯЗАТЕЛЬСТВА,T23_000000_t21Ved14.xlsx,14,4,False,DATA,1985696
19,КРАТКОСРОЧНЫЕ ОБЯЗАТЕЛЬСТВА,T23_000000_t21Ved14.xlsx,15,0,False,OKVED_CODE,"обеспечение электрической энергией, газом 
и паром; кондиционирование воздуха"
19,КРАТКОСРОЧНЫЕ ОБЯЗАТЕЛЬСТВА,T23_000000_t21Ved14.xlsx,15,1,False,OKVED_NAME,1351938
19,КРАТКОСРОЧНЫЕ ОБЯЗАТЕЛЬСТВА,T23_000000_t21Ved14.xlsx,15,2,False,DATA,1208231
19,КРАТКОСРОЧНЫЕ ОБЯЗАТЕЛЬСТВА,T23_000000_t21Ved14.xlsx,15,3,False,DATA,2082060
19,КРАТКОСРОЧНЫЕ ОБЯЗАТЕЛЬСТВА,T23_000000_t21Ved14.xlsx,15,4,False,DATA,1985696
19,КРАТКОСРОЧНЫЕ ОБЯЗАТЕЛЬСТВА,T23_000000_t21Ved14.xlsx,16,0,False,OKVED_CODE,"Водоснабжение; водоотведение, организация сбора и утилизации отходов, деятельность 
по ликвидации за"
19,КРАТКОСРОЧНЫЕ ОБЯЗАТЕЛЬСТВА,T23_000000_t21Ved14.xlsx,16,1,False,OKVED_NAME,227279
19,КРАТКОСРОЧНЫЕ ОБЯЗАТЕЛЬСТВА,T23_000000_t21Ved14.xlsx,16,2,False,DATA,260640
19,КРАТКОСРОЧНЫЕ ОБЯЗАТЕЛЬСТВА,T23_000000_t21Ved14.xlsx,16,3,False,DATA,204
19,КРАТКОСРОЧНЫЕ ОБЯЗАТЕЛЬСТВА,T23_000000_t21Ved14.xlsx,16,4,False,DATA,1004
19,КРАТКОСРОЧНЫЕ ОБЯЗАТЕЛЬСТВА,T23_000000_t21Ved14.xlsx,17,0,False,OKVED_CODE,"забор, очистка и распределение воды"
19,КРАТКОСРОЧНЫЕ ОБЯЗАТЕЛЬСТВА,T23_000000_t21Ved14.xlsx,17,1,False,OKVED_NAME,181980
19,КРАТКОСРОЧНЫЕ ОБЯЗАТЕЛЬСТВА,T23_000000_t21Ved14.xlsx,17,2,False,DATA,218260
19,КРАТКОСРОЧНЫЕ ОБЯЗАТЕЛЬСТВА,T23_000000_t21Ved14.xlsx,17,3,False,DATA,-
19,КРАТКОСРОЧНЫЕ ОБЯЗАТЕЛЬСТВА,T23_000000_t21Ved14.xlsx,17,4,False,DATA,-
19,КРАТКОСРОЧНЫЕ ОБЯЗАТЕЛЬСТВА,T23_000000_t21Ved14.xlsx,18,0,False,OKVED_CODE,"сбор, обработка и утилизация отходов; обработка вторичного сырья"
19,КРАТКОСРОЧНЫЕ ОБЯЗАТЕЛЬСТВА,T23_000000_t21Ved14.xlsx,18,1,False,OKVED_NAME,45299
19,КРАТКОСРОЧНЫЕ ОБЯЗАТЕЛЬСТВА,T23_000000_t21Ved14.xlsx,18,2,False,DATA,42380
19,КРАТКОСРОЧНЫЕ ОБЯЗАТЕЛЬСТВА,T23_000000_t21Ved14.xlsx,18,3,False,DATA,204
19,КРАТКОСРОЧНЫЕ ОБЯЗАТЕЛЬСТВА,T23_000000_t21Ved14.xlsx,18,4,False,DATA,1004
19,КРАТКОСРОЧНЫЕ ОБЯЗАТЕЛЬСТВА,T23_000000_t21Ved14.xlsx,19,0,False,OKVED_CODE,Строительство
19,КРАТКОСРОЧНЫЕ ОБЯЗАТЕЛЬСТВА,T23_000000_t21Ved14.xlsx,19,1,False,OKVED_NAME,306036
19,КРАТКОСРОЧНЫЕ ОБЯЗАТЕЛЬСТВА,T23_000000_t21Ved14.xlsx,19,2,False,DATA,265378
19,КРАТКОСРОЧНЫЕ ОБЯЗАТЕЛЬСТВА,T23_000000_t21Ved14.xlsx,19,3,False,DATA,7
19,КРАТКОСРОЧНЫЕ ОБЯЗАТЕЛЬСТВА,T23_000000_t21Ved14.xlsx,19,4,False,DATA,98
19,КРАТКОСРОЧНЫЕ ОБЯЗАТЕЛЬСТВА,T23_000000_t21Ved14.xlsx,20,0,False,OKVED_CODE,строительство зданий
19,КРАТКОСРОЧНЫЕ ОБЯЗАТЕЛЬСТВА,T23_000000_t21Ved14.xlsx,20,1,False,OKVED_NAME,104151
19,КРАТКОСРОЧНЫЕ ОБЯЗАТЕЛЬСТВА,T23_000000_t21Ved14.xlsx,20,2,False,DATA,103569
19,КРАТКОСРОЧНЫЕ ОБЯЗАТЕЛЬСТВА,T23_000000_t21Ved14.xlsx,20,3,False,DATA,7
19,КРАТКОСРОЧНЫЕ ОБЯЗАТЕЛЬСТВА,T23_000000_t21Ved14.xlsx,20,4,False,DATA,98
19,КРАТКОСРОЧНЫЕ ОБЯЗАТЕЛЬСТВА,T23_000000_t21Ved14.xlsx,21,0,False,OKVED_CODE,строительство инженерных сооружений
19,КРАТКОСРОЧНЫЕ ОБЯЗАТЕЛЬСТВА,T23_000000_t21Ved14.xlsx,21,1,False,OKVED_NAME,201829
19,КРАТКОСРОЧНЫЕ ОБЯЗАТЕЛЬСТВА,T23_000000_t21Ved14.xlsx,21,2,False,DATA,161809
19,КРАТКОСРОЧНЫЕ ОБЯЗАТЕЛЬСТВА,T23_000000_t21Ved14.xlsx,21,3,False,DATA,-
19,КРАТКОСРОЧНЫЕ ОБЯЗАТЕЛЬСТВА,T23_000000_t21Ved14.xlsx,21,4,False,DATA,-
19,КРАТКОСРОЧНЫЕ ОБЯЗАТЕЛЬСТВА,T23_000000_t21Ved14.xlsx,22,0,False,OKVED_CODE,
19,КРАТКОСРОЧНЫЕ ОБЯЗАТЕЛЬСТВА,T23_000000_t21Ved14.xlsx,22,1,False,OKVED_NAME,
19,КРАТКОСРОЧНЫЕ ОБЯЗАТЕЛЬСТВА,T23_000000_t21Ved14.xlsx,22,2,False,EMPTY,
19,КРАТКОСРОЧНЫЕ ОБЯЗАТЕЛЬСТВА,T23_000000_t21Ved14.xlsx,22,3,False,EMPTY,
19,КРАТКОСРОЧНЫЕ ОБЯЗАТЕЛЬСТВА,T23_000000_t21Ved14.xlsx,22,4,False,EMPTY,
19,КРАТКОСРОЧНЫЕ ОБЯЗАТЕЛЬСТВА,T23_000000_t21Ved14.xlsx,23,0,False,OKVED_CODE,
19,КРАТКОСРОЧНЫЕ ОБЯЗАТЕЛЬСТВА,T23_000000_t21Ved14.xlsx,23,1,False,OKVED_NAME,
19,КРАТКОСРОЧНЫЕ ОБЯЗАТЕЛЬСТВА,T23_000000_t21Ved14.xlsx,23,2,False,EMPTY,
19,КРАТКОСРОЧНЫЕ ОБЯЗАТЕЛЬСТВА,T23_000000_t21Ved14.xlsx,23,3,False,DATA,Продолжение таблицы 8.
19,КРАТКОСРОЧНЫЕ ОБЯЗАТЕЛЬСТВА,T23_000000_t21Ved14.xlsx,23,4,False,DATA,Продолжение таблицы 8.
19,КРАТКОСРОЧНЫЕ ОБЯЗАТЕЛЬСТВА,T23_000000_t21Ved14.xlsx,24,0,False,OKVED_CODE,
19,КРАТКОСРОЧНЫЕ ОБЯЗАТЕЛЬСТВА,T23_000000_t21Ved14.xlsx,24,1,False,OKVED_NAME,Оценочные обязательства
19,КРАТКОСРОЧНЫЕ ОБЯЗАТЕЛЬСТВА,T23_000000_t21Ved14.xlsx,24,2,False,DATA,Оценочные обязательства
19,КРАТКОСРОЧНЫЕ ОБЯЗАТЕЛЬСТВА,T23_000000_t21Ved14.xlsx,24,3,False,DATA,Прочие краткосрочные обязательства
19,КРАТКОСРОЧНЫЕ ОБЯЗАТЕЛЬСТВА,T23_000000_t21Ved14.xlsx,24,4,False,DATA,Прочие краткосрочные обязательства
19,КРАТКОСРОЧНЫЕ ОБЯЗАТЕЛЬСТВА,T23_000000_t21Ved14.xlsx,25,0,False,OKVED_CODE,
19,КРАТКОСРОЧНЫЕ ОБЯЗАТЕЛЬСТВА,T23_000000_t21Ved14.xlsx,25,1,False,OKVED_NAME,2022
19,КРАТКОСРОЧНЫЕ ОБЯЗАТЕЛЬСТВА,T23_000000_t21Ved14.xlsx,25,2,False,DATA,2023
19,КРАТКОСРОЧНЫЕ ОБЯЗАТЕЛЬСТВА,T23_000000_t21Ved14.xlsx,25,3,False,DATA,2022
19,КРАТКОСРОЧНЫЕ ОБЯЗАТЕЛЬСТВА,T23_000000_t21Ved14.xlsx,25,4,False,DATA,2023
19,КРАТКОСРОЧНЫЕ ОБЯЗАТЕЛЬСТВА,T23_000000_t21Ved14.xlsx,26,0,False,OKVED_CODE,работы строительные специализированные
19,КРАТКОСРОЧНЫЕ ОБЯЗАТЕЛЬСТВА,T23_000000_t21Ved14.xlsx,26,1,False,OKVED_NAME,56
19,КРАТКОСРОЧНЫЕ ОБЯЗАТЕЛЬСТВА,T23_000000_t21Ved14.xlsx,26,2,False,DATA,-
19,КРАТКОСРОЧНЫЕ ОБЯЗАТЕЛЬСТВА,T23_000000_t21Ved14.xlsx,26,3,False,DATA,-
19,КРАТКОСРОЧНЫЕ ОБЯЗАТЕЛЬСТВА,T23_000000_t21Ved14.xlsx,26,4,False,DATA,-
19,КРАТКОСРОЧНЫЕ ОБЯЗАТЕЛЬСТВА,T23_000000_t21Ved14.xlsx,27,0,False,OKVED_CODE,Торговля оптовая и розничная; ремонт автотранспортных средств и мотоциклов
19,КРАТКОСРОЧНЫЕ ОБЯЗАТЕЛЬСТВА,T23_000000_t21Ved14.xlsx,27,1,False,OKVED_NAME,221386
19,КРАТКОСРОЧНЫЕ ОБЯЗАТЕЛЬСТВА,T23_000000_t21Ved14.xlsx,27,2,False,DATA,271950
19,КРАТКОСРОЧНЫЕ ОБЯЗАТЕЛЬСТВА,T23_000000_t21Ved14.xlsx,27,3,False,DATA,1949
19,КРАТКОСРОЧНЫЕ ОБЯЗАТЕЛЬСТВА,T23_000000_t21Ved14.xlsx,27,4,False,DATA,1868
19,КРАТКОСРОЧНЫЕ ОБЯЗАТЕЛЬСТВА,T23_000000_t21Ved14.xlsx,28,0,False,OKVED_CODE,"торговля оптовая, кроме оптовой торговли автотранспортными средствами и мотоциклами"
19,КРАТКОСРОЧНЫЕ ОБЯЗАТЕЛЬСТВА,T23_000000_t21Ved14.xlsx,28,1,False,OKVED_NAME,70823
19,КРАТКОСРОЧНЫЕ ОБЯЗАТЕЛЬСТВА,T23_000000_t21Ved14.xlsx,28,2,False,DATA,121702
19,КРАТКОСРОЧНЫЕ ОБЯЗАТЕЛЬСТВА,T23_000000_t21Ved14.xlsx,28,3,False,DATA,1949
19,КРАТКОСРОЧНЫЕ ОБЯЗАТЕЛЬСТВА,T23_000000_t21Ved14.xlsx,28,4,False,DATA,1868
19,КРАТКОСРОЧНЫЕ ОБЯЗАТЕЛЬСТВА,T23_000000_t21Ved14.xlsx,29,0,False,OKVED_CODE,"торговля розничная, кроме торговли автотранспортными средствами и мотоциклами"
19,КРАТКОСРОЧНЫЕ ОБЯЗАТЕЛЬСТВА,T23_000000_t21Ved14.xlsx,29,1,False,OKVED_NAME,150563
19,КРАТКОСРОЧНЫЕ ОБЯЗАТЕЛЬСТВА,T23_000000_t21Ved14.xlsx,29,2,False,DATA,150248
19,КРАТКОСРОЧНЫЕ ОБЯЗАТЕЛЬСТВА,T23_000000_t21Ved14.xlsx,29,3,False,DATA,-
19,КРАТКОСРОЧНЫЕ ОБЯЗАТЕЛЬСТВА,T23_000000_t21Ved14.xlsx,29,4,False,DATA,-
19,КРАТКОСРОЧНЫЕ ОБЯЗАТЕЛЬСТВА,T23_000000_t21Ved14.xlsx,30,0,False,OKVED_CODE,Транспортировка и хранение
19,КРАТКОСРОЧНЫЕ ОБЯЗАТЕЛЬСТВА,T23_000000_t21Ved14.xlsx,30,1,False,OKVED_NAME,708407
19,КРАТКОСРОЧНЫЕ ОБЯЗАТЕЛЬСТВА,T23_000000_t21Ved14.xlsx,30,2,False,DATA,933397
19,КРАТКОСРОЧНЫЕ ОБЯЗАТЕЛЬСТВА,T23_000000_t21Ved14.xlsx,30,3,False,DATA,276587
19,КРАТКОСРОЧНЫЕ ОБЯЗАТЕЛЬСТВА,T23_000000_t21Ved14.xlsx,30,4,False,DATA,49607
19,КРАТКОСРОЧНЫЕ ОБЯЗАТЕЛЬСТВА,T23_000000_t21Ved14.xlsx,31,0,False,OKVED_CODE,деятельность сухопутного и трубопроводного транспорта
19,КРАТКОСРОЧНЫЕ ОБЯЗАТЕЛЬСТВА,T23_000000_t21Ved14.xlsx,31,1,False,OKVED_NAME,-
19,КРАТКОСРОЧНЫЕ ОБЯЗАТЕЛЬСТВА,T23_000000_t21Ved14.xlsx,31,2,False,DATA,2619
19,КРАТКОСРОЧНЫЕ ОБЯЗАТЕЛЬСТВА,T23_000000_t21Ved14.xlsx,31,3,False,DATA,2432
19,КРАТКОСРОЧНЫЕ ОБЯЗАТЕЛЬСТВА,T23_000000_t21Ved14.xlsx,31,4,False,DATA,1
19,КРАТКОСРОЧНЫЕ ОБЯЗАТЕЛЬСТВА,T23_000000_t21Ved14.xlsx,32,0,False,OKVED_CODE,деятельность водного транспорта
19,КРАТКОСРОЧНЫЕ ОБЯЗАТЕЛЬСТВА,T23_000000_t21Ved14.xlsx,32,1,False,OKVED_NAME,73355
19,КРАТКОСРОЧНЫЕ ОБЯЗАТЕЛЬСТВА,T23_000000_t21Ved14.xlsx,32,2,False,DATA,72699
19,КРАТКОСРОЧНЫЕ ОБЯЗАТЕЛЬСТВА,T23_000000_t21Ved14.xlsx,32,3,False,DATA,71
19,КРАТКОСРОЧНЫЕ ОБЯЗАТЕЛЬСТВА,T23_000000_t21Ved14.xlsx,32,4,False,DATA,140
19,КРАТКОСРОЧНЫЕ ОБЯЗАТЕЛЬСТВА,T23_000000_t21Ved14.xlsx,33,0,False,OKVED_CODE,деятельность воздушного и космического транспорта
19,КРАТКОСРОЧНЫЕ ОБЯЗАТЕЛЬСТВА,T23_000000_t21Ved14.xlsx,33,1,False,OKVED_NAME,300326
19,КРАТКОСРОЧНЫЕ ОБЯЗАТЕЛЬСТВА,T23_000000_t21Ved14.xlsx,33,2,False,DATA,405050
19,КРАТКОСРОЧНЫЕ ОБЯЗАТЕЛЬСТВА,T23_000000_t21Ved14.xlsx,33,3,False,DATA,3120
19,КРАТКОСРОЧНЫЕ ОБЯЗАТЕЛЬСТВА,T23_000000_t21Ved14.xlsx,33,4,False,DATA,101
19,КРАТКОСРОЧНЫЕ ОБЯЗАТЕЛЬСТВА,T23_000000_t21Ved14.xlsx,34,0,False,OKVED_CODE,складское хозяйство и вспомогательная транспортная деятельность
19,КРАТКОСРОЧНЫЕ ОБЯЗАТЕЛЬСТВА,T23_000000_t21Ved14.xlsx,34,1,False,OKVED_NAME,334726
19,КРАТКОСРОЧНЫЕ ОБЯЗАТЕЛЬСТВА,T23_000000_t21Ved14.xlsx,34,2,False,DATA,453029
19,КРАТКОСРОЧНЫЕ ОБЯЗАТЕЛЬСТВА,T23_000000_t21Ved14.xlsx,34,3,False,DATA,270964
19,КРАТКОСРОЧНЫЕ ОБЯЗАТЕЛЬСТВА,T23_000000_t21Ved14.xlsx,34,4,False,DATA,49365
19,КРАТКОСРОЧНЫЕ ОБЯЗАТЕЛЬСТВА,T23_000000_t21Ved14.xlsx,35,0,False,OKVED_CODE,Деятельность гостиниц и предприятий общественного питания
19,КРАТКОСРОЧНЫЕ ОБЯЗАТЕЛЬСТВА,T23_000000_t21Ved14.xlsx,35,1,False,OKVED_NAME,3605
19,КРАТКОСРОЧНЫЕ ОБЯЗАТЕЛЬСТВА,T23_000000_t21Ved14.xlsx,35,2,False,DATA,7134
19,КРАТКОСРОЧНЫЕ ОБЯЗАТЕЛЬСТВА,T23_000000_t21Ved14.xlsx,35,3,False,DATA,-
19,КРАТКОСРОЧНЫЕ ОБЯЗАТЕЛЬСТВА,T23_000000_t21Ved14.xlsx,35,4,False,DATA,-
19,КРАТКОСРОЧНЫЕ ОБЯЗАТЕЛЬСТВА,T23_000000_t21Ved14.xlsx,36,0,False,OKVED_CODE,"деятельность по предоставлению мест 
для временного проживания"
19,КРАТКОСРОЧНЫЕ ОБЯЗАТЕЛЬСТВА,T23_000000_t21Ved14.xlsx,36,1,False,OKVED_NAME,3605
19,КРАТКОСРОЧНЫЕ ОБЯЗАТЕЛЬСТВА,T23_000000_t21Ved14.xlsx,36,2,False,DATA,7134
19,КРАТКОСРОЧНЫЕ ОБЯЗАТЕЛЬСТВА,T23_000000_t21Ved14.xlsx,36,3,False,DATA,-
19,КРАТКОСРОЧНЫЕ ОБЯЗАТЕЛЬСТВА,T23_000000_t21Ved14.xlsx,36,4,False,DATA,-
19,КРАТКОСРОЧНЫЕ ОБЯЗАТЕЛЬСТВА,T23_000000_t21Ved14.xlsx,37,0,False,OKVED_CODE,Деятельность финансовая и страховая
19,КРАТКОСРОЧНЫЕ ОБЯЗАТЕЛЬСТВА,T23_000000_t21Ved14.xlsx,37,1,False,OKVED_NAME,4979
19,КРАТКОСРОЧНЫЕ ОБЯЗАТЕЛЬСТВА,T23_000000_t21Ved14.xlsx,37,2,False,DATA,27337
19,КРАТКОСРОЧНЫЕ ОБЯЗАТЕЛЬСТВА,T23_000000_t21Ved14.xlsx,37,3,False,DATA,-
19,КРАТКОСРОЧНЫЕ ОБЯЗАТЕЛЬСТВА,T23_000000_t21Ved14.xlsx,37,4,False,DATA,3
19,КРАТКОСРОЧНЫЕ ОБЯЗАТЕЛЬСТВА,T23_000000_t21Ved14.xlsx,38,0,False,OKVED_CODE,"деятельность по предоставлению финансовых услуг, кроме услуг по страхованию 
и пенсионному обеспечен"
19,КРАТКОСРОЧНЫЕ ОБЯЗАТЕЛЬСТВА,T23_000000_t21Ved14.xlsx,38,1,False,OKVED_NAME,4979
19,КРАТКОСРОЧНЫЕ ОБЯЗАТЕЛЬСТВА,T23_000000_t21Ved14.xlsx,38,2,False,DATA,27337
19,КРАТКОСРОЧНЫЕ ОБЯЗАТЕЛЬСТВА,T23_000000_t21Ved14.xlsx,38,3,False,DATA,-
19,КРАТКОСРОЧНЫЕ ОБЯЗАТЕЛЬСТВА,T23_000000_t21Ved14.xlsx,38,4,False,DATA,3
19,КРАТКОСРОЧНЫЕ ОБЯЗАТЕЛЬСТВА,T23_000000_t21Ved14.xlsx,39,0,False,OKVED_CODE,Деятельность по операциям с недвижимым имуществом
19,КРАТКОСРОЧНЫЕ ОБЯЗАТЕЛЬСТВА,T23_000000_t21Ved14.xlsx,39,1,False,OKVED_NAME,56932
19,КРАТКОСРОЧНЫЕ ОБЯЗАТЕЛЬСТВА,T23_000000_t21Ved14.xlsx,39,2,False,DATA,66041
19,КРАТКОСРОЧНЫЕ ОБЯЗАТЕЛЬСТВА,T23_000000_t21Ved14.xlsx,39,3,False,DATA,1879
19,КРАТКОСРОЧНЫЕ ОБЯЗАТЕЛЬСТВА,T23_000000_t21Ved14.xlsx,39,4,False,DATA,1881
19,КРАТКОСРОЧНЫЕ ОБЯЗАТЕЛЬСТВА,T23_000000_t21Ved14.xlsx,40,0,False,OKVED_CODE,операции с недвижимым имуществом
19,КРАТКОСРОЧНЫЕ ОБЯЗАТЕЛЬСТВА,T23_000000_t21Ved14.xlsx,40,1,False,OKVED_NAME,56932
19,КРАТКОСРОЧНЫЕ ОБЯЗАТЕЛЬСТВА,T23_000000_t21Ved14.xlsx,40,2,False,DATA,66041
19,КРАТКОСРОЧНЫЕ ОБЯЗАТЕЛЬСТВА,T23_000000_t21Ved14.xlsx,40,3,False,DATA,1879
19,КРАТКОСРОЧНЫЕ ОБЯЗАТЕЛЬСТВА,T23_000000_t21Ved14.xlsx,40,4,False,DATA,1881
19,КРАТКОСРОЧНЫЕ ОБЯЗАТЕЛЬСТВА,T23_000000_t21Ved14.xlsx,41,0,False,OKVED_CODE,
19,КРАТКОСРОЧНЫЕ ОБЯЗАТЕЛЬСТВА,T23_000000_t21Ved14.xlsx,41,1,False,OKVED_NAME,
19,КРАТКОСРОЧНЫЕ ОБЯЗАТЕЛЬСТВА,T23_000000_t21Ved14.xlsx,41,2,False,EMPTY,
19,КРАТКОСРОЧНЫЕ ОБЯЗАТЕЛЬСТВА,T23_000000_t21Ved14.xlsx,41,3,False,EMPTY,
19,КРАТКОСРОЧНЫЕ ОБЯЗАТЕЛЬСТВА,T23_000000_t21Ved14.xlsx,41,4,False,EMPTY,
19,КРАТКОСРОЧНЫЕ ОБЯЗАТЕЛЬСТВА,T23_000000_t21Ved14.xlsx,42,0,False,OKVED_CODE,
19,КРАТКОСРОЧНЫЕ ОБЯЗАТЕЛЬСТВА,T23_000000_t21Ved14.xlsx,42,1,False,OKVED_NAME,
19,КРАТКОСРОЧНЫЕ ОБЯЗАТЕЛЬСТВА,T23_000000_t21Ved14.xlsx,42,2,False,EMPTY,
19,КРАТКОСРОЧНЫЕ ОБЯЗАТЕЛЬСТВА,T23_000000_t21Ved14.xlsx,42,3,False,EMPTY,
19,КРАТКОСРОЧНЫЕ ОБЯЗАТЕЛЬСТВА,T23_000000_t21Ved14.xlsx,42,4,False,EMPTY,
19,КРАТКОСРОЧНЫЕ ОБЯЗАТЕЛЬСТВА,T23_000000_t21Ved14.xlsx,43,0,False,OKVED_CODE,
19,КРАТКОСРОЧНЫЕ ОБЯЗАТЕЛЬСТВА,T23_000000_t21Ved14.xlsx,43,1,False,OKVED_NAME,
19,КРАТКОСРОЧНЫЕ ОБЯЗАТЕЛЬСТВА,T23_000000_t21Ved14.xlsx,43,2,False,EMPTY,
19,КРАТКОСРОЧНЫЕ ОБЯЗАТЕЛЬСТВА,T23_000000_t21Ved14.xlsx,43,3,False,EMPTY,
19,КРАТКОСРОЧНЫЕ ОБЯЗАТЕЛЬСТВА,T23_000000_t21Ved14.xlsx,43,4,False,EMPTY,
19,КРАТКОСРОЧНЫЕ ОБЯЗАТЕЛЬСТВА,T23_000000_t21Ved14.xlsx,44,0,False,OKVED_CODE,
19,КРАТКОСРОЧНЫЕ ОБЯЗАТЕЛЬСТВА,T23_000000_t21Ved14.xlsx,44,1,False,OKVED_NAME,
19,КРАТКОСРОЧНЫЕ ОБЯЗАТЕЛЬСТВА,T23_000000_t21Ved14.xlsx,44,2,False,EMPTY,
19,КРАТКОСРОЧНЫЕ ОБЯЗАТЕЛЬСТВА,T23_000000_t21Ved14.xlsx,44,3,False,EMPTY,
19,КРАТКОСРОЧНЫЕ ОБЯЗАТЕЛЬСТВА,T23_000000_t21Ved14.xlsx,44,4,False,EMPTY,
19,КРАТКОСРОЧНЫЕ ОБЯЗАТЕЛЬСТВА,T23_000000_t21Ved14.xlsx,45,0,False,OKVED_CODE,
19,КРАТКОСРОЧНЫЕ ОБЯЗАТЕЛЬСТВА,T23_000000_t21Ved14.xlsx,45,1,False,OKVED_NAME,
19,КРАТКОСРОЧНЫЕ ОБЯЗАТЕЛЬСТВА,T23_000000_t21Ved14.xlsx,45,2,False,EMPTY,
19,КРАТКОСРОЧНЫЕ ОБЯЗАТЕЛЬСТВА,T23_000000_t21Ved14.xlsx,45,3,False,DATA,Продолжение таблицы 8.
19,КРАТКОСРОЧНЫЕ ОБЯЗАТЕЛЬСТВА,T23_000000_t21Ved14.xlsx,45,4,False,DATA,Продолжение таблицы 8.
19,КРАТКОСРОЧНЫЕ ОБЯЗАТЕЛЬСТВА,T23_000000_t21Ved14.xlsx,46,0,False,OKVED_CODE,
19,КРАТКОСРОЧНЫЕ ОБЯЗАТЕЛЬСТВА,T23_000000_t21Ved14.xlsx,46,1,False,OKVED_NAME,Оценочные обязательства
19,КРАТКОСРОЧНЫЕ ОБЯЗАТЕЛЬСТВА,T23_000000_t21Ved14.xlsx,46,2,False,DATA,Оценочные обязательства
19,КРАТКОСРОЧНЫЕ ОБЯЗАТЕЛЬСТВА,T23_000000_t21Ved14.xlsx,46,3,False,DATA,Прочие краткосрочные обязательства
19,КРАТКОСРОЧНЫЕ ОБЯЗАТЕЛЬСТВА,T23_000000_t21Ved14.xlsx,46,4,False,DATA,Прочие краткосрочные обязательства
19,КРАТКОСРОЧНЫЕ ОБЯЗАТЕЛЬСТВА,T23_000000_t21Ved14.xlsx,47,0,False,OKVED_CODE,
19,КРАТКОСРОЧНЫЕ ОБЯЗАТЕЛЬСТВА,T23_000000_t21Ved14.xlsx,47,1,False,OKVED_NAME,2022
19,КРАТКОСРОЧНЫЕ ОБЯЗАТЕЛЬСТВА,T23_000000_t21Ved14.xlsx,47,2,False,DATA,2023
19,КРАТКОСРОЧНЫЕ ОБЯЗАТЕЛЬСТВА,T23_000000_t21Ved14.xlsx,47,3,False,DATA,2022
19,КРАТКОСРОЧНЫЕ ОБЯЗАТЕЛЬСТВА,T23_000000_t21Ved14.xlsx,47,4,False,DATA,2023
19,КРАТКОСРОЧНЫЕ ОБЯЗАТЕЛЬСТВА,T23_000000_t21Ved14.xlsx,48,0,False,OKVED_CODE,"Деятельность профессиональная, научная 
и техническая"
19,КРАТКОСРОЧНЫЕ ОБЯЗАТЕЛЬСТВА,T23_000000_t21Ved14.xlsx,48,1,False,OKVED_NAME,13394
19,КРАТКОСРОЧНЫЕ ОБЯЗАТЕЛЬСТВА,T23_000000_t21Ved14.xlsx,48,2,False,DATA,39189
19,КРАТКОСРОЧНЫЕ ОБЯЗАТЕЛЬСТВА,T23_000000_t21Ved14.xlsx,48,3,False,DATA,33
19,КРАТКОСРОЧНЫЕ ОБЯЗАТЕЛЬСТВА,T23_000000_t21Ved14.xlsx,48,4,False,DATA,19500
19,КРАТКОСРОЧНЫЕ ОБЯЗАТЕЛЬСТВА,T23_000000_t21Ved14.xlsx,49,0,False,OKVED_CODE,деятельность в области права и бухгалтерского учета
19,КРАТКОСРОЧНЫЕ ОБЯЗАТЕЛЬСТВА,T23_000000_t21Ved14.xlsx,49,1,False,OKVED_NAME,2019
19,КРАТКОСРОЧНЫЕ ОБЯЗАТЕЛЬСТВА,T23_000000_t21Ved14.xlsx,49,2,False,DATA,18
19,КРАТКОСРОЧНЫЕ ОБЯЗАТЕЛЬСТВА,T23_000000_t21Ved14.xlsx,49,3,False,DATA,-
19,КРАТКОСРОЧНЫЕ ОБЯЗАТЕЛЬСТВА,T23_000000_t21Ved14.xlsx,49,4,False,DATA,-
19,КРАТКОСРОЧНЫЕ ОБЯЗАТЕЛЬСТВА,T23_000000_t21Ved14.xlsx,50,0,False,OKVED_CODE,деятельность головных офисов; консультирование по вопросам управления
19,КРАТКОСРОЧНЫЕ ОБЯЗАТЕЛЬСТВА,T23_000000_t21Ved14.xlsx,50,1,False,OKVED_NAME,5632
19,КРАТКОСРОЧНЫЕ ОБЯЗАТЕЛЬСТВА,T23_000000_t21Ved14.xlsx,50,2,False,DATA,8575
19,КРАТКОСРОЧНЫЕ ОБЯЗАТЕЛЬСТВА,T23_000000_t21Ved14.xlsx,50,3,False,DATA,-
19,КРАТКОСРОЧНЫЕ ОБЯЗАТЕЛЬСТВА,T23_000000_t21Ved14.xlsx,50,4,False,DATA,19467
19,КРАТКОСРОЧНЫЕ ОБЯЗАТЕЛЬСТВА,T23_000000_t21Ved14.xlsx,51,0,False,OKVED_CODE,"деятельность в области архитектуры 
и инженерно-технического проектирования; технических испытаний, "
19,КРАТКОСРОЧНЫЕ ОБЯЗАТЕЛЬСТВА,T23_000000_t21Ved14.xlsx,51,1,False,OKVED_NAME,4958
19,КРАТКОСРОЧНЫЕ ОБЯЗАТЕЛЬСТВА,T23_000000_t21Ved14.xlsx,51,2,False,DATA,30312
19,КРАТКОСРОЧНЫЕ ОБЯЗАТЕЛЬСТВА,T23_000000_t21Ved14.xlsx,51,3,False,DATA,-
19,КРАТКОСРОЧНЫЕ ОБЯЗАТЕЛЬСТВА,T23_000000_t21Ved14.xlsx,51,4,False,DATA,1
19,КРАТКОСРОЧНЫЕ ОБЯЗАТЕЛЬСТВА,T23_000000_t21Ved14.xlsx,52,0,False,OKVED_CODE,"деятельность профессиональная научная 
и техническая прочая"
19,КРАТКОСРОЧНЫЕ ОБЯЗАТЕЛЬСТВА,T23_000000_t21Ved14.xlsx,52,1,False,OKVED_NAME,785
19,КРАТКОСРОЧНЫЕ ОБЯЗАТЕЛЬСТВА,T23_000000_t21Ved14.xlsx,52,2,False,DATA,284
19,КРАТКОСРОЧНЫЕ ОБЯЗАТЕЛЬСТВА,T23_000000_t21Ved14.xlsx,52,3,False,DATA,33
19,КРАТКОСРОЧНЫЕ ОБЯЗАТЕЛЬСТВА,T23_000000_t21Ved14.xlsx,52,4,False,DATA,32
19,КРАТКОСРОЧНЫЕ ОБЯЗАТЕЛЬСТВА,T23_000000_t21Ved14.xlsx,53,0,False,OKVED_CODE,"Деятельность административная 
и сопутствующие дополнительные услуги"
19,КРАТКОСРОЧНЫЕ ОБЯЗАТЕЛЬСТВА,T23_000000_t21Ved14.xlsx,53,1,False,OKVED_NAME,1
19,КРАТКОСРОЧНЫЕ ОБЯЗАТЕЛЬСТВА,T23_000000_t21Ved14.xlsx,53,2,False,DATA,1
19,КРАТКОСРОЧНЫЕ ОБЯЗАТЕЛЬСТВА,T23_000000_t21Ved14.xlsx,53,3,False,DATA,10159
19,КРАТКОСРОЧНЫЕ ОБЯЗАТЕЛЬСТВА,T23_000000_t21Ved14.xlsx,53,4,False,DATA,9799
19,КРАТКОСРОЧНЫЕ ОБЯЗАТЕЛЬСТВА,T23_000000_t21Ved14.xlsx,54,0,False,OKVED_CODE,аренда и лизинг
19,КРАТКОСРОЧНЫЕ ОБЯЗАТЕЛЬСТВА,T23_000000_t21Ved14.xlsx,54,1,False,OKVED_NAME,1
19,КРАТКОСРОЧНЫЕ ОБЯЗАТЕЛЬСТВА,T23_000000_t21Ved14.xlsx,54,2,False,DATA,1
19,КРАТКОСРОЧНЫЕ ОБЯЗАТЕЛЬСТВА,T23_000000_t21Ved14.xlsx,54,3,False,DATA,-
19,КРАТКОСРОЧНЫЕ ОБЯЗАТЕЛЬСТВА,T23_000000_t21Ved14.xlsx,54,4,False,DATA,-
19,КРАТКОСРОЧНЫЕ ОБЯЗАТЕЛЬСТВА,T23_000000_t21Ved14.xlsx,55,0,False,OKVED_CODE,"деятельность административно-хозяйственная, вспомогательная деятельность по обеспечению функциониров"
19,КРАТКОСРОЧНЫЕ ОБЯЗАТЕЛЬСТВА,T23_000000_t21Ved14.xlsx,55,1,False,OKVED_NAME,-
19,КРАТКОСРОЧНЫЕ ОБЯЗАТЕЛЬСТВА,T23_000000_t21Ved14.xlsx,55,2,False,DATA,-
19,КРАТКОСРОЧНЫЕ ОБЯЗАТЕЛЬСТВА,T23_000000_t21Ved14.xlsx,55,3,False,DATA,10159
19,КРАТКОСРОЧНЫЕ ОБЯЗАТЕЛЬСТВА,T23_000000_t21Ved14.xlsx,55,4,False,DATA,9799
19,КРАТКОСРОЧНЫЕ ОБЯЗАТЕЛЬСТВА,T23_000000_t21Ved14.xlsx,56,0,False,OKVED_CODE,Государственное управление и обеспечение военной безопасности; социальное обеспечение
19,КРАТКОСРОЧНЫЕ ОБЯЗАТЕЛЬСТВА,T23_000000_t21Ved14.xlsx,56,1,False,OKVED_NAME,7315
19,КРАТКОСРОЧНЫЕ ОБЯЗАТЕЛЬСТВА,T23_000000_t21Ved14.xlsx,56,2,False,DATA,7818
19,КРАТКОСРОЧНЫЕ ОБЯЗАТЕЛЬСТВА,T23_000000_t21Ved14.xlsx,56,3,False,DATA,-
19,КРАТКОСРОЧНЫЕ ОБЯЗАТЕЛЬСТВА,T23_000000_t21Ved14.xlsx,56,4,False,DATA,-
19,КРАТКОСРОЧНЫЕ ОБЯЗАТЕЛЬСТВА,T23_000000_t21Ved14.xlsx,57,0,False,OKVED_CODE,"деятельность органов государственного управления по обеспечению военной безопасности, обязательному "
19,КРАТКОСРОЧНЫЕ ОБЯЗАТЕЛЬСТВА,T23_000000_t21Ved14.xlsx,57,1,False,OKVED_NAME,7315
19,КРАТКОСРОЧНЫЕ ОБЯЗАТЕЛЬСТВА,T23_000000_t21Ved14.xlsx,57,2,False,DATA,7818
19,КРАТКОСРОЧНЫЕ ОБЯЗАТЕЛЬСТВА,T23_000000_t21Ved14.xlsx,57,3,False,DATA,-
19,КРАТКОСРОЧНЫЕ ОБЯЗАТЕЛЬСТВА,T23_000000_t21Ved14.xlsx,57,4,False,DATA,-
19,КРАТКОСРОЧНЫЕ ОБЯЗАТЕЛЬСТВА,T23_000000_t21Ved14.xlsx,58,0,False,OKVED_CODE,Предоставление прочих видов услуг
19,КРАТКОСРОЧНЫЕ ОБЯЗАТЕЛЬСТВА,T23_000000_t21Ved14.xlsx,58,1,False,OKVED_NAME,2609
19,КРАТКОСРОЧНЫЕ ОБЯЗАТЕЛЬСТВА,T23_000000_t21Ved14.xlsx,58,2,False,DATA,3473
19,КРАТКОСРОЧНЫЕ ОБЯЗАТЕЛЬСТВА,T23_000000_t21Ved14.xlsx,58,3,False,DATA,1
19,КРАТКОСРОЧНЫЕ ОБЯЗАТЕЛЬСТВА,T23_000000_t21Ved14.xlsx,58,4,False,DATA,1
19,КРАТКОСРОЧНЫЕ ОБЯЗАТЕЛЬСТВА,T23_000000_t21Ved14.xlsx,59,0,False,OKVED_CODE,деятельность общественных и прочих некоммерческих организаций
19,КРАТКОСРОЧНЫЕ ОБЯЗАТЕЛЬСТВА,T23_000000_t21Ved14.xlsx,59,1,False,OKVED_NAME,2609
19,КРАТКОСРОЧНЫЕ ОБЯЗАТЕЛЬСТВА,T23_000000_t21Ved14.xlsx,59,2,False,DATA,3473
19,КРАТКОСРОЧНЫЕ ОБЯЗАТЕЛЬСТВА,T23_000000_t21Ved14.xlsx,59,3,False,DATA,1
19,КРАТКОСРОЧНЫЕ ОБЯЗАТЕЛЬСТВА,T23_000000_t21Ved14.xlsx,59,4,False,DATA,1
